# Cupula de las Dos Hermanas: reconstruccion APROXIMADA, no verificada.
# Plantilla mayor, cima 7P de 8P entre niveles.
# Cotas de banda calibradas contra la seccion medida (decision 0009).
# Una celda por cara; la cara mediana abarca 5.2 hiladas de la seccion.
# Generado por scripts/exportar_malla.py
v -0.010789 -3.286401 1.218261
v 0.128696 -3.150186 1.218261
v 0.268181 -3.013970 1.218261
v 0.407666 -2.877755 1.218261
v 0.547151 -2.741540 1.218261
v 0.548778 -2.669243 1.218261
v 0.550406 -2.596946 1.218261
v 0.552033 -2.524649 1.218261
v 0.553661 -2.452352 1.218261
v 0.467881 -2.377034 1.218261
v 0.382101 -2.301716 1.218261
v 0.296322 -2.226399 1.218261
v 0.210542 -2.151081 1.218261
v 0.098724 -2.151081 1.218261
v -0.013095 -2.151081 1.218261
v -0.124913 -2.151081 1.218261
v -0.236732 -2.151081 1.218261
v -0.319257 -2.226399 1.218261
v -0.401781 -2.301716 1.218261
v -0.484306 -2.377034 1.218261
v -0.566831 -2.452352 1.218261
v -0.568458 -2.525340 1.218261
v -0.570086 -2.598327 1.218261
v -0.571713 -2.671315 1.218261
v -0.573340 -2.744303 1.218261
v -0.432703 -2.879828 1.218261
v -0.292065 -3.015352 1.218261
v -0.151427 -3.150877 1.218261
v -0.010789 -3.286401 0.152283
v 0.128696 -3.150186 0.159739
v 0.268181 -3.013970 0.180748
v 0.407666 -2.877755 0.213835
v 0.547151 -2.741540 0.257112
v 0.548778 -2.669243 0.291811
v 0.550406 -2.596946 0.332705
v 0.552033 -2.524649 0.380708
v 0.553661 -2.452352 0.437103
v 0.467881 -2.377034 0.526546
v 0.382101 -2.301716 0.639338
v 0.296322 -2.226399 0.791801
v 0.210542 -2.151081 1.075581
v 0.098724 -2.151081 1.152355
v -0.013095 -2.151081 1.218261
v -0.124913 -2.151081 1.134506
v -0.236732 -2.151081 1.058189
v -0.319257 -2.226399 0.785096
v -0.401781 -2.301716 0.634486
v -0.484306 -2.377034 0.523030
v -0.566831 -2.452352 0.434555
v -0.568458 -2.525340 0.377566
v -0.570086 -2.598327 0.329233
v -0.571713 -2.671315 0.288228
v -0.573340 -2.744303 0.253604
v -0.432703 -2.879828 0.211953
v -0.292065 -3.015352 0.179973
v -0.151427 -3.150877 0.159540
v -1.103614 -3.264524 1.218261
v -0.971046 -3.134469 1.218261
v -0.838477 -3.004413 1.218261
v -0.705909 -2.874358 1.218261
v -0.573340 -2.744303 1.218261
v -0.571713 -2.671315 1.218261
v -0.570086 -2.598327 1.218261
v -0.568458 -2.525340 1.218261
v -0.566831 -2.452352 1.218261
v -0.651458 -2.378186 1.218261
v -0.736084 -2.304019 1.218261
v -0.820711 -2.229853 1.218261
v -0.905338 -2.155687 1.218261
v -0.998712 -2.155687 1.218261
v -1.092086 -2.155687 1.218261
v -1.185461 -2.155687 1.218261
v -1.278835 -2.155687 1.218261
v -1.294181 -2.146619 1.218261
v -1.309528 -2.137551 1.218261
v -1.324874 -2.128484 1.218261
v -1.340220 -2.119416 1.218261
v -1.395193 -2.173966 1.218261
v -1.450165 -2.228515 1.218261
v -1.505138 -2.283065 1.218261
v -1.560111 -2.337614 1.218261
v -1.556537 -2.524608 1.218261
v -1.552963 -2.711602 1.218261
v -1.549390 -2.898596 1.218261
v -1.545816 -3.085590 1.218261
v -1.485988 -3.088008 1.218261
v -1.426159 -3.090426 1.218261
v -1.366330 -3.092844 1.218261
v -1.306501 -3.095262 1.218261
v -1.255780 -3.137577 1.218261
v -1.205058 -3.179893 1.218261
v -1.154336 -3.222208 1.218261
v -1.103614 -3.264524 0.152337
v -0.971046 -3.134469 0.164806
v -0.838477 -3.004413 0.200791
v -0.705909 -2.874358 0.261849
v -0.573340 -2.744303 0.351385
v -0.571713 -2.671315 0.404886
v -0.570086 -2.598327 0.468404
v -0.568458 -2.525340 0.544650
v -0.566831 -2.452352 0.638740
v -0.651458 -2.378186 0.722623
v -0.736084 -2.304019 0.820027
v -0.820711 -2.229853 0.942330
v -0.905338 -2.155687 1.218261
v -0.998712 -2.155687 0.943362
v -1.092086 -2.155687 0.825185
v -1.185461 -2.155687 0.733044
v -1.278835 -2.155687 0.654612
v -1.294181 -2.146619 0.654470
v -1.309528 -2.137551 0.654136
v -1.324874 -2.128484 0.653612
v -1.340220 -2.119416 0.652896
v -1.395193 -2.173966 0.551066
v -1.450165 -2.228515 0.469705
v -1.505138 -2.283065 0.402689
v -1.560111 -2.337614 0.346724
v -1.556537 -2.524608 0.258941
v -1.552963 -2.711602 0.199186
v -1.549390 -2.898596 0.164054
v -1.545816 -3.085590 0.152283
v -1.485988 -3.088008 0.152540
v -1.426159 -3.090426 0.153275
v -1.366330 -3.092844 0.154431
v -1.306501 -3.095262 0.155949
v -1.255780 -3.137577 0.154520
v -1.205058 -3.179893 0.153394
v -1.154336 -3.222208 0.152664
v 1.091258 -3.262221 1.218261
v 1.141980 -3.220481 1.218261
v 1.192701 -3.178741 1.218261
v 1.243423 -3.137002 1.218261
v 1.294145 -3.095262 1.218261
v 1.355242 -3.094111 1.218261
v 1.416339 -3.092959 1.218261
v 1.477435 -3.091808 1.218261
v 1.538532 -3.090656 1.218261
v 1.540838 -2.902396 1.218261
v 1.543143 -2.714135 1.218261
v 1.545449 -2.525875 1.218261
v 1.547754 -2.337614 1.218261
v 1.492565 -2.283496 1.218261
v 1.437377 -2.229379 1.218261
v 1.382188 -2.175261 1.218261
v 1.326999 -2.121143 1.218261
v 1.311869 -2.129779 1.218261
v 1.296739 -2.138415 1.218261
v 1.281609 -2.147051 1.218261
v 1.266479 -2.155687 1.218261
v 1.173104 -2.155687 1.218261
v 1.079730 -2.155687 1.218261
v 0.986356 -2.155687 1.218261
v 0.892982 -2.155687 1.218261
v 0.808151 -2.229853 1.218261
v 0.723321 -2.304019 1.218261
v 0.638491 -2.378186 1.218261
v 0.553661 -2.452352 1.218261
v 0.552033 -2.524649 1.218261
v 0.550406 -2.596946 1.218261
v 0.548778 -2.669243 1.218261
v 0.547151 -2.741540 1.218261
v 0.683178 -2.871710 1.218261
v 0.819204 -3.001880 1.218261
v 0.955231 -3.132051 1.218261
v 1.091258 -3.262221 0.152415
v 1.141980 -3.220481 0.152883
v 1.192701 -3.178741 0.153737
v 1.243423 -3.137002 0.154901
v 1.294145 -3.095262 0.156366
v 1.355242 -3.094111 0.154656
v 1.416339 -3.092959 0.153380
v 1.477435 -3.091808 0.152574
v 1.538532 -3.090656 0.152283
v 1.540838 -2.902396 0.164203
v 1.543143 -2.714135 0.199807
v 1.545449 -2.525875 0.260526
v 1.547754 -2.337614 0.349866
v 1.492565 -2.283496 0.405810
v 1.437377 -2.229379 0.472843
v 1.382188 -2.175261 0.554053
v 1.326999 -2.121143 0.655503
v 1.311869 -2.129779 0.656466
v 1.296739 -2.138415 0.657248
v 1.281609 -2.147051 0.657847
v 1.266479 -2.155687 0.658283
v 1.173104 -2.155687 0.736532
v 1.079730 -2.155687 0.828196
v 0.986356 -2.155687 0.945508
v 0.892982 -2.155687 1.218261
v 0.808151 -2.229853 0.941487
v 0.723321 -2.304019 0.818946
v 0.638491 -2.378186 0.721426
v 0.553661 -2.452352 0.637462
v 0.552033 -2.524649 0.545602
v 0.550406 -2.596946 0.470837
v 0.548778 -2.669243 0.408153
v 0.547151 -2.741540 0.355251
v 0.683178 -2.871710 0.264967
v 0.819204 -3.001880 0.202974
v 0.955231 -3.132051 0.165849
v -0.566831 -2.452352 2.233478
v -0.484306 -2.377034 2.233478
v -0.401781 -2.301716 2.233478
v -0.319257 -2.226399 2.233478
v -0.236732 -2.151081 2.233478
v -0.237885 -2.048603 2.233478
v -0.239038 -1.946124 2.233478
v -0.240190 -1.843646 2.233478
v -0.241343 -1.741168 2.233478
v -0.250460 -1.715261 2.233478
v -0.259578 -1.689353 2.233478
v -0.268695 -1.663446 2.233478
v -0.277812 -1.637538 2.233478
v -0.329561 -1.628903 2.233478
v -0.381310 -1.620267 2.233478
v -0.433059 -1.611631 2.233478
v -0.484808 -1.602995 2.233478
v -0.503483 -1.623721 2.233478
v -0.522158 -1.644447 2.233478
v -0.540832 -1.665173 2.233478
v -0.559507 -1.685899 2.233478
v -0.561928 -1.719060 2.233478
v -0.564349 -1.752222 2.233478
v -0.566770 -1.785383 2.233478
v -0.569191 -1.818545 2.233478
v -0.546020 -1.840652 2.233478
v -0.522849 -1.862760 2.233478
v -0.499679 -1.884868 2.233478
v -0.476508 -1.906975 2.233478
v -0.498411 -1.927989 2.233478
v -0.520313 -1.949003 2.233478
v -0.542216 -1.970017 2.233478
v -0.564118 -1.991031 2.233478
v -0.564796 -2.106361 2.233478
v -0.565475 -2.221691 2.233478
v -0.566153 -2.337022 2.233478
v -0.566831 -2.452352 1.345163
v -0.484306 -2.377034 1.350259
v -0.401781 -2.301716 1.365179
v -0.319257 -2.226399 1.389828
v -0.236732 -2.151081 1.424198
v -0.237885 -2.048603 1.480860
v -0.239038 -1.946124 1.558267
v -0.240190 -1.843646 1.665082
v -0.241343 -1.741168 1.823077
v -0.250460 -1.715261 1.875864
v -0.259578 -1.689353 1.939689
v -0.268695 -1.663446 2.024543
v -0.277812 -1.637538 2.233478
v -0.329561 -1.628903 2.191677
v -0.381310 -1.620267 2.152332
v -0.433059 -1.611631 2.113398
v -0.484808 -1.602995 2.074996
v -0.503483 -1.623721 1.968250
v -0.522158 -1.644447 1.895599
v -0.540832 -1.665173 1.837446
v -0.559507 -1.685899 1.788153
v -0.561928 -1.719060 1.734906
v -0.564349 -1.752222 1.688722
v -0.566770 -1.785383 1.648125
v -0.569191 -1.818545 1.611888
v -0.546020 -1.840652 1.597005
v -0.522849 -1.862760 1.582393
v -0.499679 -1.884868 1.568072
v -0.476508 -1.906975 1.554065
v -0.498411 -1.927989 1.532402
v -0.520313 -1.949003 1.512318
v -0.542216 -1.970017 1.493657
v -0.564118 -1.991031 1.476306
v -0.564796 -2.106361 1.416576
v -0.565475 -2.221691 1.376317
v -0.566153 -2.337022 1.352889
v -0.566831 -2.452352 2.233478
v -0.566153 -2.337022 2.233478
v -0.565475 -2.221691 2.233478
v -0.564796 -2.106361 2.233478
v -0.564118 -1.991031 2.233478
v -0.587174 -1.973471 2.233478
v -0.610229 -1.955912 2.233478
v -0.633284 -1.938352 2.233478
v -0.656340 -1.920793 2.233478
v -0.634553 -1.895231 2.233478
v -0.612765 -1.869669 2.233478
v -0.590978 -1.844107 2.233478
v -0.569191 -1.818545 2.233478
v -0.566770 -1.785383 2.233478
v -0.564349 -1.752222 2.233478
v -0.561928 -1.719060 2.233478
v -0.559507 -1.685899 2.233478
v -0.540832 -1.665173 2.233478
v -0.522158 -1.644447 2.233478
v -0.503483 -1.623721 2.233478
v -0.484808 -1.602995 2.233478
v -0.503483 -1.582269 2.233478
v -0.522158 -1.561543 2.233478
v -0.540832 -1.540817 2.233478
v -0.559507 -1.520091 2.233478
v -0.563213 -1.476789 2.233478
v -0.566918 -1.433487 2.233478
v -0.570623 -1.390184 2.233478
v -0.574329 -1.346882 2.233478
v -0.598290 -1.372913 2.233478
v -0.622251 -1.398943 2.233478
v -0.646212 -1.424974 2.233478
v -0.670173 -1.451005 2.233478
v -0.704468 -1.455611 2.233478
v -0.738763 -1.460217 2.233478
v -0.773058 -1.464822 2.233478
v -0.807353 -1.469428 2.233478
v -0.811099 -1.499365 2.233478
v -0.814846 -1.529303 2.233478
v -0.818592 -1.559240 2.233478
v -0.822339 -1.589178 2.233478
v -0.840783 -1.611055 2.233478
v -0.859227 -1.632933 2.233478
v -0.877671 -1.654810 2.233478
v -0.896116 -1.676687 2.233478
v -0.898421 -1.710079 2.233478
v -0.900727 -1.743471 2.233478
v -0.903032 -1.776863 2.233478
v -0.905338 -1.810254 2.233478
v -0.936809 -1.810254 2.233478
v -0.968279 -1.810254 2.233478
v -0.999750 -1.810254 2.233478
v -1.031220 -1.810254 2.233478
v -1.108470 -1.887545 2.233478
v -1.185720 -1.964835 2.233478
v -1.262970 -2.042126 2.233478
v -1.340220 -2.119416 2.233478
v -1.324874 -2.128484 2.233478
v -1.309528 -2.137551 2.233478
v -1.294181 -2.146619 2.233478
v -1.278835 -2.155687 2.233478
v -1.185461 -2.155687 2.233478
v -1.092086 -2.155687 2.233478
v -0.998712 -2.155687 2.233478
v -0.905338 -2.155687 2.233478
v -0.820711 -2.229853 2.233478
v -0.736084 -2.304019 2.233478
v -0.651458 -2.378186 2.233478
v -0.566831 -2.452352 1.345163
v -0.566153 -2.337022 1.350285
v -0.565475 -2.221691 1.365652
v -0.564796 -2.106361 1.391716
v -0.564118 -1.991031 1.429531
v -0.587174 -1.973471 1.433669
v -0.610229 -1.955912 1.437884
v -0.633284 -1.938352 1.441992
v -0.656340 -1.920793 1.446044
v -0.634553 -1.895231 1.460394
v -0.612765 -1.869669 1.475813
v -0.590978 -1.844107 1.492480
v -0.569191 -1.818545 1.510450
v -0.566770 -1.785383 1.530667
v -0.564349 -1.752222 1.552687
v -0.561928 -1.719060 1.576443
v -0.559507 -1.685899 1.602279
v -0.540832 -1.665173 1.624338
v -0.522158 -1.644447 1.648015
v -0.503483 -1.623721 1.673267
v -0.484808 -1.602995 1.700708
v -0.503483 -1.582269 1.717143
v -0.522158 -1.561543 1.733964
v -0.540832 -1.540817 1.751181
v -0.559507 -1.520091 1.768809
v -0.563213 -1.476789 1.827667
v -0.566918 -1.433487 1.899556
v -0.570623 -1.390184 1.995613
v -0.574329 -1.346882 2.233478
v -0.598290 -1.372913 2.011623
v -0.622251 -1.398943 1.922088
v -0.646212 -1.424974 1.855005
v -0.670173 -1.451005 1.799805
v -0.704468 -1.455611 1.772564
v -0.738763 -1.460217 1.746605
v -0.773058 -1.464822 1.722068
v -0.807353 -1.469428 1.698557
v -0.811099 -1.499365 1.668505
v -0.814846 -1.529303 1.640824
v -0.818592 -1.559240 1.615329
v -0.822339 -1.589178 1.591574
v -0.840783 -1.611055 1.569868
v -0.859227 -1.632933 1.549640
v -0.877671 -1.654810 1.530688
v -0.896116 -1.676687 1.513091
v -0.898421 -1.710079 1.495186
v -0.900727 -1.743471 1.478447
v -0.903032 -1.776863 1.463010
v -0.905338 -1.810254 1.448659
v -0.936809 -1.810254 1.442369
v -0.968279 -1.810254 1.436171
v -0.999750 -1.810254 1.430098
v -1.031220 -1.810254 1.424048
v -1.108470 -1.887545 1.389462
v -1.185720 -1.964835 1.365209
v -1.262970 -2.042126 1.350586
v -1.340220 -2.119416 1.345251
v -1.324874 -2.128484 1.345255
v -1.309528 -2.137551 1.345259
v -1.294181 -2.146619 1.345261
v -1.278835 -2.155687 1.345262
v -1.185461 -2.155687 1.346515
v -1.092086 -2.155687 1.349262
v -0.998712 -2.155687 1.353206
v -0.905338 -2.155687 1.358150
v -0.820711 -2.229853 1.353175
v -0.736084 -2.304019 1.349072
v -0.651458 -2.378186 1.346248
v 0.553661 -2.452352 2.233478
v 0.554339 -2.337022 2.233478
v 0.555017 -2.221691 2.233478
v 0.555695 -2.106361 2.233478
v 0.556373 -1.991031 2.233478
v 0.533318 -1.973471 2.233478
v 0.510262 -1.955912 2.233478
v 0.487207 -1.938352 2.233478
v 0.464151 -1.920793 2.233478
v 0.487207 -1.893734 2.233478
v 0.510262 -1.866675 2.233478
v 0.533318 -1.839616 2.233478
v 0.556373 -1.812557 2.233478
v 0.557526 -1.784347 2.233478
v 0.558679 -1.756137 2.233478
v 0.559831 -1.727926 2.233478
v 0.560984 -1.699716 2.233478
v 0.538851 -1.675536 2.233478
v 0.516718 -1.651356 2.233478
v 0.494585 -1.627175 2.233478
v 0.472451 -1.602995 2.233478
v 0.418502 -1.612006 2.233478
v 0.364552 -1.621018 2.233478
v 0.310603 -1.630029 2.233478
v 0.256653 -1.639040 2.233478
v 0.246278 -1.664572 2.233478
v 0.235903 -1.690104 2.233478
v 0.225528 -1.715636 2.233478
v 0.215153 -1.741168 2.233478
v 0.214001 -1.843646 2.233478
v 0.212848 -1.946124 2.233478
v 0.211695 -2.048603 2.233478
v 0.210542 -2.151081 2.233478
v 0.296322 -2.226399 2.233478
v 0.382101 -2.301716 2.233478
v 0.467881 -2.377034 2.233478
v 0.553661 -2.452352 1.345163
v 0.554339 -2.337022 1.352883
v 0.555017 -2.221691 1.376285
v 0.555695 -2.106361 1.416486
v 0.556373 -1.991031 1.476114
v 0.533318 -1.973471 1.491306
v 0.510262 -1.955912 1.507552
v 0.487207 -1.938352 1.524791
v 0.464151 -1.920793 1.543064
v 0.487207 -1.893734 1.561054
v 0.510262 -1.866675 1.579837
v 0.533318 -1.839616 1.599374
v 0.556373 -1.812557 1.619672
v 0.557526 -1.784347 1.650007
v 0.558679 -1.756137 1.683288
v 0.559831 -1.727926 1.720110
v 0.560984 -1.699716 1.761276
v 0.538851 -1.675536 1.814748
v 0.516718 -1.651356 1.878534
v 0.494585 -1.627175 1.959777
v 0.472451 -1.602995 2.084578
v 0.418502 -1.612006 2.125194
v 0.364552 -1.621018 2.166424
v 0.310603 -1.630029 2.209586
v 0.256653 -1.639040 2.233478
v 0.246278 -1.664572 2.026064
v 0.235903 -1.690104 1.941776
v 0.225528 -1.715636 1.878331
v 0.215153 -1.741168 1.825753
v 0.214001 -1.843646 1.666383
v 0.212848 -1.946124 1.558931
v 0.211695 -2.048603 1.481164
v 0.210542 -2.151081 1.424285
v 0.296322 -2.226399 1.390006
v 0.382101 -2.301716 1.365314
v 0.467881 -2.377034 1.350301
v 0.553661 -2.452352 2.233478
v 0.638491 -2.378186 2.233478
v 0.723321 -2.304019 2.233478
v 0.808151 -2.229853 2.233478
v 0.892982 -2.155687 2.233478
v 0.986356 -2.155687 2.233478
v 1.079730 -2.155687 2.233478
v 1.173104 -2.155687 2.233478
v 1.266479 -2.155687 2.233478
v 1.281609 -2.147051 2.233478
v 1.296739 -2.138415 2.233478
v 1.311869 -2.129779 2.233478
v 1.326999 -2.121143 2.233478
v 1.248467 -2.042270 2.233478
v 1.169934 -1.963396 2.233478
v 1.091402 -1.884522 2.233478
v 1.012869 -1.805649 2.233478
v 0.982897 -1.806800 2.233478
v 0.952925 -1.807952 2.233478
v 0.922954 -1.809103 2.233478
v 0.892982 -1.810254 2.233478
v 0.890676 -1.776863 2.233478
v 0.888370 -1.743471 2.233478
v 0.886065 -1.710079 2.233478
v 0.883759 -1.676687 2.233478
v 0.861857 -1.651356 2.233478
v 0.839954 -1.626024 2.233478
v 0.818052 -1.600692 2.233478
v 0.796149 -1.575361 2.233478
v 0.794996 -1.548877 2.233478
v 0.793843 -1.522394 2.233478
v 0.792691 -1.495911 2.233478
v 0.791538 -1.469428 2.233478
v 0.761566 -1.468277 2.233478
v 0.731594 -1.467125 2.233478
v 0.701622 -1.465974 2.233478
v 0.671650 -1.464822 2.233478
v 0.641678 -1.436548 2.233478
v 0.611706 -1.408274 2.233478
v 0.581734 -1.379999 2.233478
v 0.551762 -1.351725 2.233478
v 0.554067 -1.390362 2.233478
v 0.556373 -1.429000 2.233478
v 0.558679 -1.467637 2.233478
v 0.560984 -1.506274 2.233478
v 0.538851 -1.530454 2.233478
v 0.516718 -1.554635 2.233478
v 0.494585 -1.578815 2.233478
v 0.472451 -1.602995 2.233478
v 0.494585 -1.627175 2.233478
v 0.516718 -1.651356 2.233478
v 0.538851 -1.675536 2.233478
v 0.560984 -1.699716 2.233478
v 0.559831 -1.727926 2.233478
v 0.558679 -1.756137 2.233478
v 0.557526 -1.784347 2.233478
v 0.556373 -1.812557 2.233478
v 0.578276 -1.836162 2.233478
v 0.600178 -1.859766 2.233478
v 0.622081 -1.883371 2.233478
v 0.643983 -1.906975 2.233478
v 0.622081 -1.927989 2.233478
v 0.600178 -1.949003 2.233478
v 0.578276 -1.970017 2.233478
v 0.556373 -1.991031 2.233478
v 0.555695 -2.106361 2.233478
v 0.555017 -2.221691 2.233478
v 0.554339 -2.337022 2.233478
v 0.553661 -2.452352 1.345163
v 0.638491 -2.378186 1.346267
v 0.723321 -2.304019 1.349140
v 0.808151 -2.229853 1.353302
v 0.892982 -2.155687 1.358384
v 0.986356 -2.155687 1.353432
v 1.079730 -2.155687 1.349476
v 1.173104 -2.155687 1.346653
v 1.266479 -2.155687 1.345293
v 1.281609 -2.147051 1.345290
v 1.296739 -2.138415 1.345287
v 1.311869 -2.129779 1.345282
v 1.326999 -2.121143 1.345276
v 1.248467 -2.042270 1.350995
v 1.169934 -1.963396 1.366360
v 1.091402 -1.884522 1.391627
v 1.012869 -1.805649 1.427785
v 0.982897 -1.806800 1.433127
v 0.952925 -1.807952 1.438593
v 0.922954 -1.809103 1.443990
v 0.892982 -1.810254 1.449540
v 0.890676 -1.776863 1.463961
v 0.888370 -1.743471 1.479534
v 0.886065 -1.710079 1.496357
v 0.883759 -1.676687 1.514352
v 0.861857 -1.651356 1.535153
v 0.839954 -1.626024 1.557565
v 0.818052 -1.600692 1.582023
v 0.796149 -1.575361 1.608488
v 0.794996 -1.548877 1.629750
v 0.793843 -1.522394 1.652350
v 0.792691 -1.495911 1.676552
v 0.791538 -1.469428 1.702601
v 0.761566 -1.468277 1.720028
v 0.731594 -1.467125 1.737872
v 0.701622 -1.465974 1.756140
v 0.671650 -1.464822 1.774841
v 0.641678 -1.436548 1.832909
v 0.611706 -1.408274 1.903671
v 0.581734 -1.379999 1.998583
v 0.551762 -1.351725 2.233478
v 0.554067 -1.390362 2.001379
v 0.556373 -1.429000 1.907652
v 0.558679 -1.467637 1.837905
v 0.560984 -1.506274 1.780620
v 0.538851 -1.530454 1.759692
v 0.516718 -1.554635 1.739325
v 0.494585 -1.578815 1.719507
v 0.472451 -1.602995 1.700227
v 0.494585 -1.627175 1.668593
v 0.516718 -1.651356 1.639519
v 0.538851 -1.675536 1.612863
v 0.560984 -1.699716 1.588040
v 0.559831 -1.727926 1.567731
v 0.558679 -1.756137 1.548641
v 0.557526 -1.784347 1.530697
v 0.556373 -1.812557 1.513941
v 0.578276 -1.836162 1.496885
v 0.600178 -1.859766 1.480897
v 0.622081 -1.883371 1.465941
v 0.643983 -1.906975 1.452123
v 0.622081 -1.927989 1.446242
v 0.600178 -1.949003 1.440448
v 0.578276 -1.970017 1.434612
v 0.556373 -1.991031 1.428984
v 0.555695 -2.106361 1.391440
v 0.555017 -2.221691 1.365530
v 0.554339 -2.337022 1.350258
v -1.560111 -2.337614 1.218261
v -1.505138 -2.283065 1.218261
v -1.450165 -2.228515 1.218261
v -1.395193 -2.173966 1.218261
v -1.340220 -2.119416 1.218261
v -1.349082 -2.104304 1.218261
v -1.357944 -2.089191 1.218261
v -1.366806 -2.074078 1.218261
v -1.375668 -2.058966 1.218261
v -1.378594 -1.959587 1.218261
v -1.381520 -1.860209 1.218261
v -1.384446 -1.760831 1.218261
v -1.387373 -1.661453 1.218261
v -1.461912 -1.587079 1.218261
v -1.536452 -1.512704 1.218261
v -1.610992 -1.438330 1.218261
v -1.685532 -1.363956 1.218261
v -1.796736 -1.355973 1.218261
v -1.907939 -1.347989 1.218261
v -2.019143 -1.340006 1.218261
v -2.130347 -1.332023 1.218261
v -2.184911 -1.383646 1.218261
v -2.239476 -1.435269 1.218261
v -2.294040 -1.486892 1.218261
v -2.348605 -1.538514 1.218261
v -2.346299 -1.733108 1.218261
v -2.343993 -1.927701 1.218261
v -2.341688 -2.122295 1.218261
v -2.339382 -2.316888 1.218261
v -2.144564 -2.322070 1.218261
v -1.949747 -2.327251 1.218261
v -1.754929 -2.332433 1.218261
v -1.560111 -2.337614 0.253070
v -1.505138 -2.283065 0.289727
v -1.450165 -2.228515 0.333541
v -1.395193 -2.173966 0.385586
v -1.340220 -2.119416 0.447484
v -1.349082 -2.104304 0.454786
v -1.357944 -2.089191 0.461999
v -1.366806 -2.074078 0.469367
v -1.375668 -2.058966 0.476772
v -1.378594 -1.959587 0.563423
v -1.381520 -1.860209 0.671535
v -1.384446 -1.760831 0.816788
v -1.387373 -1.661453 1.089480
v -1.461912 -1.587079 1.162298
v -1.536452 -1.512704 1.218261
v -1.610992 -1.438330 1.135481
v -1.685532 -1.363956 1.063448
v -1.796736 -1.355973 0.792149
v -1.907939 -1.347989 0.642769
v -2.019143 -1.340006 0.531711
v -2.130347 -1.332023 0.443127
v -2.184911 -1.383646 0.383344
v -2.239476 -1.435269 0.332831
v -2.294040 -1.486892 0.290151
v -2.348605 -1.538514 0.254280
v -2.346299 -1.733108 0.212258
v -2.343993 -1.927701 0.180070
v -2.341688 -2.122295 0.159559
v -2.339382 -2.316888 0.152283
v -2.144564 -2.322070 0.159494
v -1.949747 -2.327251 0.179821
v -1.754929 -2.332433 0.211619
v 1.547754 -2.337614 1.218261
v 1.739690 -2.332433 1.218261
v 1.931626 -2.327251 1.218261
v 2.123562 -2.322070 1.218261
v 2.315498 -2.316888 1.218261
v 2.320686 -2.122295 1.218261
v 2.325873 -1.927701 1.218261
v 2.331061 -1.733108 1.218261
v 2.336248 -1.538514 1.218261
v 2.282788 -1.486628 1.218261
v 2.229329 -1.434741 1.218261
v 2.175869 -1.382854 1.218261
v 2.122410 -1.330967 1.218261
v 2.011600 -1.337948 1.218261
v 1.900790 -1.344929 1.218261
v 1.789980 -1.351909 1.218261
v 1.679170 -1.358890 1.218261
v 1.601646 -1.434597 1.218261
v 1.524122 -1.510304 1.218261
v 1.446599 -1.586011 1.218261
v 1.369075 -1.661719 1.218261
v 1.367634 -1.761030 1.218261
v 1.366193 -1.860342 1.218261
v 1.364752 -1.959654 1.218261
v 1.363311 -2.058966 1.218261
v 1.354233 -2.074510 1.218261
v 1.345155 -2.090054 1.218261
v 1.336077 -2.105599 1.218261
v 1.326999 -2.121143 1.218261
v 1.382188 -2.175261 1.218261
v 1.437377 -2.229379 1.218261
v 1.492565 -2.283496 1.218261
v 1.547754 -2.337614 0.249814
v 1.739690 -2.332433 0.209729
v 1.931626 -2.327251 0.179011
v 2.123562 -2.322070 0.159261
v 2.315498 -2.316888 0.152283
v 2.320686 -2.122295 0.159483
v 2.325873 -1.927701 0.179759
v 2.331061 -1.733108 0.211408
v 2.336248 -1.538514 0.252578
v 2.282788 -1.486628 0.287924
v 2.229329 -1.434741 0.329975
v 2.175869 -1.382854 0.379728
v 2.122410 -1.330967 0.438588
v 2.011600 -1.337948 0.526553
v 1.900790 -1.344929 0.637014
v 1.789980 -1.351909 0.785374
v 1.679170 -1.358890 1.048372
v 1.601646 -1.434597 1.123218
v 1.524122 -1.510304 1.218261
v 1.446599 -1.586011 1.175410
v 1.369075 -1.661719 1.096793
v 1.367634 -1.761030 0.815085
v 1.366193 -1.860342 0.667801
v 1.364752 -1.959654 0.558721
v 1.363311 -2.058966 0.471507
v 1.354233 -2.074510 0.463798
v 1.345155 -2.090054 0.456346
v 1.336077 -2.105599 0.448799
v 1.326999 -2.121143 0.441364
v 1.382188 -2.175261 0.380378
v 1.437377 -2.229379 0.329043
v 1.492565 -2.283496 0.285874
v -0.236732 -2.151081 2.233478
v -0.124913 -2.151081 2.233478
v -0.013095 -2.151081 2.233478
v 0.098724 -2.151081 2.233478
v 0.210542 -2.151081 2.233478
v 0.211695 -2.048603 2.233478
v 0.212848 -1.946124 2.233478
v 0.214001 -1.843646 2.233478
v 0.215153 -1.741168 2.233478
v 0.225528 -1.715636 2.233478
v 0.235903 -1.690104 2.233478
v 0.246278 -1.664572 2.233478
v 0.256653 -1.639040 2.233478
v 0.149446 -1.647301 2.233478
v 0.042238 -1.655561 2.233478
v -0.064969 -1.663821 2.233478
v -0.172177 -1.672082 2.233478
v -0.198586 -1.663446 2.233478
v -0.224995 -1.654810 2.233478
v -0.251404 -1.646174 2.233478
v -0.277812 -1.637538 2.233478
v -0.268695 -1.663446 2.233478
v -0.259578 -1.689353 2.233478
v -0.250460 -1.715261 2.233478
v -0.241343 -1.741168 2.233478
v -0.240190 -1.843646 2.233478
v -0.239038 -1.946124 2.233478
v -0.237885 -2.048603 2.233478
v -0.236732 -2.151081 1.345163
v -0.124913 -2.151081 1.345344
v -0.013095 -2.151081 1.345477
v 0.098724 -2.151081 1.345370
v 0.210542 -2.151081 1.345215
v 0.211695 -2.048603 1.364035
v 0.212848 -1.946124 1.421192
v 0.214001 -1.843646 1.525593
v 0.215153 -1.741168 1.704470
v 0.225528 -1.715636 1.766035
v 0.235903 -1.690104 1.841314
v 0.246278 -1.664572 1.940249
v 0.256653 -1.639040 2.110252
v 0.149446 -1.647301 2.233478
v 0.042238 -1.655561 2.154305
v -0.064969 -1.663821 2.049864
v -0.172177 -1.672082 1.949074
v -0.198586 -1.663446 1.980303
v -0.224995 -1.654810 2.013068
v -0.251404 -1.646174 2.048520
v -0.277812 -1.637538 2.088394
v -0.268695 -1.663446 1.928848
v -0.259578 -1.689353 1.831961
v -0.250460 -1.715261 1.757666
v -0.241343 -1.741168 1.696561
v -0.240190 -1.843646 1.521413
v -0.239038 -1.946124 1.418878
v -0.237885 -2.048603 1.363053
v -1.340220 -2.119416 2.233478
v -1.262970 -2.042126 2.233478
v -1.185720 -1.964835 2.233478
v -1.108470 -1.887545 2.233478
v -1.031220 -1.810254 2.233478
v -1.027416 -1.775711 2.233478
v -1.023612 -1.741168 2.233478
v -1.019808 -1.706625 2.233478
v -1.016004 -1.672082 2.233478
v -0.986032 -1.673233 2.233478
v -0.956060 -1.674384 2.233478
v -0.926088 -1.675536 2.233478
v -0.896116 -1.676687 2.233478
v -0.877671 -1.654810 2.233478
v -0.859227 -1.632933 2.233478
v -0.840783 -1.611055 2.233478
v -0.822339 -1.589178 2.233478
v -0.818592 -1.559240 2.233478
v -0.814846 -1.529303 2.233478
v -0.811099 -1.499365 2.233478
v -0.807353 -1.469428 2.233478
v -0.849694 -1.438293 2.233478
v -0.892035 -1.407158 2.233478
v -0.934376 -1.376023 2.233478
v -0.976717 -1.344888 2.233478
v -1.079381 -1.424029 2.233478
v -1.182045 -1.503171 2.233478
v -1.284709 -1.582312 2.233478
v -1.387373 -1.661453 2.233478
v -1.384446 -1.760831 2.233478
v -1.381520 -1.860209 2.233478
v -1.378594 -1.959587 2.233478
v -1.375668 -2.058966 2.233478
v -1.366806 -2.074078 2.233478
v -1.357944 -2.089191 2.233478
v -1.349082 -2.104304 2.233478
v -1.340220 -2.119416 1.345163
v -1.262970 -2.042126 1.352297
v -1.185720 -1.964835 1.373744
v -1.108470 -1.887545 1.410745
v -1.031220 -1.810254 1.465123
v -1.027416 -1.775711 1.485589
v -1.023612 -1.741168 1.508054
v -1.019808 -1.706625 1.532711
v -1.016004 -1.672082 1.559804
v -0.986032 -1.673233 1.573095
v -0.956060 -1.674384 1.586716
v -0.926088 -1.675536 1.600581
v -0.896116 -1.676687 1.614670
v -0.877671 -1.654810 1.646456
v -0.859227 -1.632933 1.681601
v -0.840783 -1.611055 1.720789
v -0.822339 -1.589178 1.764943
v -0.818592 -1.559240 1.816690
v -0.814846 -1.529303 1.878040
v -0.811099 -1.499365 1.955412
v -0.807353 -1.469428 2.069915
v -0.849694 -1.438293 2.108913
v -0.892035 -1.407158 2.148278
v -0.934376 -1.376023 2.188220
v -0.976717 -1.344888 2.233478
v -1.079381 -1.424029 1.769156
v -1.182045 -1.503171 1.602803
v -1.284709 -1.582312 1.494758
v -1.387373 -1.661453 1.421657
v -1.384446 -1.760831 1.390917
v -1.381520 -1.860209 1.368040
v -1.378594 -1.959587 1.352979
v -1.375668 -2.058966 1.345824
v -1.366806 -2.074078 1.345554
v -1.357944 -2.089191 1.345348
v -1.349082 -2.104304 1.345256
v 1.326999 -2.121143 2.233478
v 1.336077 -2.105599 2.233478
v 1.345155 -2.090054 2.233478
v 1.354233 -2.074510 2.233478
v 1.363311 -2.058966 2.233478
v 1.364752 -1.959654 2.233478
v 1.366193 -1.860342 2.233478
v 1.367634 -1.761030 2.233478
v 1.369075 -1.661719 2.233478
v 1.269072 -1.582557 2.233478
v 1.169070 -1.503396 2.233478
v 1.069067 -1.424234 2.233478
v 0.969064 -1.345072 2.233478
v 0.924683 -1.376161 2.233478
v 0.880301 -1.407250 2.233478
v 0.835919 -1.438339 2.233478
v 0.791538 -1.469428 2.233478
v 0.792691 -1.495911 2.233478
v 0.793843 -1.522394 2.233478
v 0.794996 -1.548877 2.233478
v 0.796149 -1.575361 2.233478
v 0.818052 -1.600692 2.233478
v 0.839954 -1.626024 2.233478
v 0.861857 -1.651356 2.233478
v 0.883759 -1.676687 2.233478
v 0.913731 -1.675536 2.233478
v 0.943703 -1.674384 2.233478
v 0.973675 -1.673233 2.233478
v 1.003647 -1.672082 2.233478
v 1.005953 -1.705473 2.233478
v 1.008258 -1.738865 2.233478
v 1.010564 -1.772257 2.233478
v 1.012869 -1.805649 2.233478
v 1.091402 -1.884522 2.233478
v 1.169934 -1.963396 2.233478
v 1.248467 -2.042270 2.233478
v 1.326999 -2.121143 1.345163
v 1.336077 -2.105599 1.345260
v 1.345155 -2.090054 1.345356
v 1.354233 -2.074510 1.345589
v 1.363311 -2.058966 1.345870
v 1.364752 -1.959654 1.353304
v 1.366193 -1.860342 1.368932
v 1.367634 -1.761030 1.392657
v 1.369075 -1.661719 1.424621
v 1.269072 -1.582557 1.498111
v 1.169070 -1.503396 1.606029
v 1.069067 -1.424234 1.771835
v 0.969064 -1.345072 2.233478
v 0.924683 -1.376161 2.217679
v 0.880301 -1.407250 2.171191
v 0.835919 -1.438339 2.129798
v 0.791538 -1.469428 2.089118
v 0.792691 -1.495911 1.980033
v 0.793843 -1.522394 1.906890
v 0.794996 -1.548877 1.849074
v 0.796149 -1.575361 1.800187
v 0.818052 -1.600692 1.743950
v 0.839954 -1.626024 1.695698
v 0.861857 -1.651356 1.653375
v 0.883759 -1.676687 1.615865
v 0.913731 -1.675536 1.601853
v 0.943703 -1.674384 1.588050
v 0.973675 -1.673233 1.574521
v 1.003647 -1.672082 1.561301
v 1.005953 -1.705473 1.535414
v 1.008258 -1.738865 1.511692
v 1.010564 -1.772257 1.489924
v 1.012869 -1.805649 1.470171
v 1.091402 -1.884522 1.413380
v 1.169934 -1.963396 1.374914
v 1.248467 -2.042270 1.352568
v -0.564118 -1.991031 2.639565
v -0.542216 -1.970017 2.639565
v -0.520313 -1.949003 2.639565
v -0.498411 -1.927989 2.639565
v -0.476508 -1.906975 2.639565
v -0.499679 -1.884868 2.639565
v -0.522849 -1.862760 2.639565
v -0.546020 -1.840652 2.639565
v -0.569191 -1.818545 2.639565
v -0.590978 -1.844107 2.639565
v -0.612765 -1.869669 2.639565
v -0.634553 -1.895231 2.639565
v -0.656340 -1.920793 2.639565
v -0.633284 -1.938352 2.639565
v -0.610229 -1.955912 2.639565
v -0.587174 -1.973471 2.639565
v -0.564118 -1.991031 2.284239
v -0.542216 -1.970017 2.288789
v -0.520313 -1.949003 2.302725
v -0.498411 -1.927989 2.327142
v -0.476508 -1.906975 2.364637
v -0.499679 -1.884868 2.396307
v -0.522849 -1.862760 2.437105
v -0.546020 -1.840652 2.493995
v -0.569191 -1.818545 2.639565
v -0.590978 -1.844107 2.431791
v -0.612765 -1.869669 2.361308
v -0.634553 -1.895231 2.319104
v -0.656340 -1.920793 2.294782
v -0.633284 -1.938352 2.290345
v -0.610229 -1.955912 2.287057
v -0.587174 -1.973471 2.284972
v 0.556373 -1.991031 2.639565
v 0.578276 -1.970017 2.639565
v 0.600178 -1.949003 2.639565
v 0.622081 -1.927989 2.639565
v 0.643983 -1.906975 2.639565
v 0.622081 -1.883371 2.639565
v 0.600178 -1.859766 2.639565
v 0.578276 -1.836162 2.639565
v 0.556373 -1.812557 2.639565
v 0.533318 -1.839616 2.639565
v 0.510262 -1.866675 2.639565
v 0.487207 -1.893734 2.639565
v 0.464151 -1.920793 2.639565
v 0.487207 -1.938352 2.639565
v 0.510262 -1.955912 2.639565
v 0.533318 -1.973471 2.639565
v 0.556373 -1.991031 2.284239
v 0.578276 -1.970017 2.285477
v 0.600178 -1.949003 2.289031
v 0.622081 -1.927989 2.294823
v 0.643983 -1.906975 2.302742
v 0.622081 -1.883371 2.329771
v 0.600178 -1.859766 2.372754
v 0.578276 -1.836162 2.441663
v 0.556373 -1.812557 2.639565
v 0.533318 -1.839616 2.475584
v 0.510262 -1.866675 2.413549
v 0.487207 -1.893734 2.370585
v 0.464151 -1.920793 2.338869
v 0.487207 -1.938352 2.314071
v 0.510262 -1.955912 2.297277
v 0.533318 -1.973471 2.287474
v -1.031220 -1.810254 2.639565
v -0.999750 -1.810254 2.639565
v -0.968279 -1.810254 2.639565
v -0.936809 -1.810254 2.639565
v -0.905338 -1.810254 2.639565
v -0.903032 -1.776863 2.639565
v -0.900727 -1.743471 2.639565
v -0.898421 -1.710079 2.639565
v -0.896116 -1.676687 2.639565
v -0.926088 -1.675536 2.639565
v -0.956060 -1.674384 2.639565
v -0.986032 -1.673233 2.639565
v -1.016004 -1.672082 2.639565
v -1.019808 -1.706625 2.639565
v -1.023612 -1.741168 2.639565
v -1.027416 -1.775711 2.639565
v -1.031220 -1.810254 2.284239
v -0.999750 -1.810254 2.285526
v -0.968279 -1.810254 2.289250
v -0.936809 -1.810254 2.295299
v -0.905338 -1.810254 2.303629
v -0.903032 -1.776863 2.330857
v -0.900727 -1.743471 2.373859
v -0.898421 -1.710079 2.442582
v -0.896116 -1.676687 2.639565
v -0.926088 -1.675536 2.506368
v -0.956060 -1.674384 2.453536
v -0.986032 -1.673233 2.414987
v -1.016004 -1.672082 2.384422
v -1.019808 -1.706625 2.336670
v -1.023612 -1.741168 2.306604
v -1.027416 -1.775711 2.289730
v 1.012869 -1.805649 2.639565
v 1.010564 -1.772257 2.639565
v 1.008258 -1.738865 2.639565
v 1.005953 -1.705473 2.639565
v 1.003647 -1.672082 2.639565
v 0.973675 -1.673233 2.639565
v 0.943703 -1.674384 2.639565
v 0.913731 -1.675536 2.639565
v 0.883759 -1.676687 2.639565
v 0.886065 -1.710079 2.639565
v 0.888370 -1.743471 2.639565
v 0.890676 -1.776863 2.639565
v 0.892982 -1.810254 2.639565
v 0.922954 -1.809103 2.639565
v 0.952925 -1.807952 2.639565
v 0.982897 -1.806800 2.639565
v 1.012869 -1.805649 2.284239
v 1.010564 -1.772257 2.289595
v 1.008258 -1.738865 2.306003
v 1.005953 -1.705473 2.335221
v 1.003647 -1.672082 2.381271
v 0.973675 -1.673233 2.412111
v 0.943703 -1.674384 2.451040
v 0.913731 -1.675536 2.504511
v 0.883759 -1.676687 2.639565
v 0.886065 -1.710079 2.438675
v 0.888370 -1.743471 2.369259
v 0.890676 -1.776863 2.326493
v 0.892982 -1.810254 2.300180
v 0.922954 -1.809103 2.293375
v 0.952925 -1.807952 2.288395
v 0.982897 -1.806800 2.285319
v -0.277812 -1.637538 2.639565
v -0.251404 -1.646174 2.639565
v -0.224995 -1.654810 2.639565
v -0.198586 -1.663446 2.639565
v -0.172177 -1.672082 2.639565
v -0.064969 -1.663821 2.639565
v 0.042238 -1.655561 2.639565
v 0.149446 -1.647301 2.639565
v 0.256653 -1.639040 2.639565
v 0.267028 -1.598940 2.639565
v 0.277403 -1.558840 2.639565
v 0.287778 -1.518740 2.639565
v 0.298153 -1.478640 2.639565
v 0.318903 -1.454459 2.639565
v 0.339652 -1.430279 2.639565
v 0.360402 -1.406099 2.639565
v 0.381152 -1.381919 2.639565
v 0.423805 -1.374370 2.639565
v 0.466457 -1.366822 2.639565
v 0.509109 -1.359274 2.639565
v 0.551762 -1.351725 2.639565
v 0.410243 -1.223742 2.639565
v 0.268723 -1.095759 2.639565
v 0.127204 -0.967776 2.639565
v -0.014315 -0.839793 2.639565
v -0.154319 -0.966565 2.639565
v -0.294322 -1.093338 2.639565
v -0.434325 -1.220110 2.639565
v -0.574329 -1.346882 2.639565
v -0.532582 -1.352187 2.639565
v -0.490835 -1.357492 2.639565
v -0.449088 -1.362796 2.639565
v -0.407342 -1.368101 2.639565
v -0.386592 -1.388827 2.639565
v -0.365842 -1.409553 2.639565
v -0.345092 -1.430279 2.639565
v -0.324342 -1.451005 2.639565
v -0.312710 -1.497638 2.639565
v -0.301077 -1.544272 2.639565
v -0.289445 -1.590905 2.639565
v -0.277812 -1.637538 2.284345
v -0.251404 -1.646174 2.284313
v -0.224995 -1.654810 2.284290
v -0.198586 -1.663446 2.284266
v -0.172177 -1.672082 2.284239
v -0.064969 -1.663821 2.284313
v 0.042238 -1.655561 2.284414
v 0.149446 -1.647301 2.284442
v 0.256653 -1.639040 2.284372
v 0.267028 -1.598940 2.285153
v 0.277403 -1.558840 2.286652
v 0.287778 -1.518740 2.288866
v 0.298153 -1.478640 2.291797
v 0.318903 -1.454459 2.293616
v 0.339652 -1.430279 2.295595
v 0.360402 -1.406099 2.297721
v 0.381152 -1.381919 2.299980
v 0.423805 -1.374370 2.299384
v 0.466457 -1.366822 2.298625
v 0.509109 -1.359274 2.297728
v 0.551762 -1.351725 2.296746
v 0.410243 -1.223742 2.324833
v 0.268723 -1.095759 2.371785
v 0.127204 -0.967776 2.445732
v -0.014315 -0.839793 2.639565
v -0.154319 -0.966565 2.443999
v -0.294322 -1.093338 2.370289
v -0.434325 -1.220110 2.323841
v -0.574329 -1.346882 2.296258
v -0.532582 -1.352187 2.297520
v -0.490835 -1.357492 2.298716
v -0.449088 -1.362796 2.299807
v -0.407342 -1.368101 2.300774
v -0.386592 -1.388827 2.298954
v -0.365842 -1.409553 2.297178
v -0.345092 -1.430279 2.295463
v -0.324342 -1.451005 2.293843
v -0.312710 -1.497638 2.290022
v -0.301077 -1.544272 2.287180
v -0.289445 -1.590905 2.285288
v -0.277812 -1.637538 2.639565
v -0.289445 -1.590905 2.639565
v -0.301077 -1.544272 2.639565
v -0.312710 -1.497638 2.639565
v -0.324342 -1.451005 2.639565
v -0.345092 -1.430279 2.639565
v -0.365842 -1.409553 2.639565
v -0.386592 -1.388827 2.639565
v -0.407342 -1.368101 2.639565
v -0.449088 -1.362796 2.639565
v -0.490835 -1.357492 2.639565
v -0.532582 -1.352187 2.639565
v -0.574329 -1.346882 2.639565
v -0.570623 -1.390184 2.639565
v -0.566918 -1.433487 2.639565
v -0.563213 -1.476789 2.639565
v -0.559507 -1.520091 2.639565
v -0.540832 -1.540817 2.639565
v -0.522158 -1.561543 2.639565
v -0.503483 -1.582269 2.639565
v -0.484808 -1.602995 2.639565
v -0.433059 -1.611631 2.639565
v -0.381310 -1.620267 2.639565
v -0.329561 -1.628903 2.639565
v -0.277812 -1.637538 2.284813
v -0.289445 -1.590905 2.294062
v -0.301077 -1.544272 2.315487
v -0.312710 -1.497638 2.351540
v -0.324342 -1.451005 2.408606
v -0.345092 -1.430279 2.437517
v -0.365842 -1.409553 2.473193
v -0.386592 -1.388827 2.521072
v -0.407342 -1.368101 2.639565
v -0.449088 -1.362796 2.553216
v -0.490835 -1.357492 2.513714
v -0.532582 -1.352187 2.481494
v -0.574329 -1.346882 2.453147
v -0.570623 -1.390184 2.384303
v -0.566918 -1.433487 2.340233
v -0.563213 -1.476789 2.311047
v -0.559507 -1.520091 2.293134
v -0.540832 -1.540817 2.289360
v -0.522158 -1.561543 2.286558
v -0.503483 -1.582269 2.284853
v -0.484808 -1.602995 2.284239
v -0.433059 -1.611631 2.284347
v -0.381310 -1.620267 2.284552
v -0.329561 -1.628903 2.284735
v 0.256653 -1.639040 2.639565
v 0.310603 -1.630029 2.639565
v 0.364552 -1.621018 2.639565
v 0.418502 -1.612006 2.639565
v 0.472451 -1.602995 2.639565
v 0.494585 -1.578815 2.639565
v 0.516718 -1.554635 2.639565
v 0.538851 -1.530454 2.639565
v 0.560984 -1.506274 2.639565
v 0.558679 -1.467637 2.639565
v 0.556373 -1.429000 2.639565
v 0.554067 -1.390362 2.639565
v 0.551762 -1.351725 2.639565
v 0.509109 -1.359274 2.639565
v 0.466457 -1.366822 2.639565
v 0.423805 -1.374370 2.639565
v 0.381152 -1.381919 2.639565
v 0.360402 -1.406099 2.639565
v 0.339652 -1.430279 2.639565
v 0.318903 -1.454459 2.639565
v 0.298153 -1.478640 2.639565
v 0.287778 -1.518740 2.639565
v 0.277403 -1.558840 2.639565
v 0.267028 -1.598940 2.639565
v 0.256653 -1.639040 2.284723
v 0.310603 -1.630029 2.284694
v 0.364552 -1.621018 2.284546
v 0.418502 -1.612006 2.284349
v 0.472451 -1.602995 2.284239
v 0.494585 -1.578815 2.285128
v 0.516718 -1.554635 2.287674
v 0.538851 -1.530454 2.291759
v 0.560984 -1.506274 2.297315
v 0.558679 -1.467637 2.317813
v 0.556373 -1.429000 2.349982
v 0.554067 -1.390362 2.398355
v 0.551762 -1.351725 2.476571
v 0.509109 -1.359274 2.504100
v 0.466457 -1.366822 2.534147
v 0.423805 -1.374370 2.569280
v 0.381152 -1.381919 2.639565
v 0.360402 -1.406099 2.503866
v 0.339652 -1.430279 2.450310
v 0.318903 -1.454459 2.411408
v 0.298153 -1.478640 2.380694
v 0.287778 -1.518740 2.337752
v 0.277403 -1.558840 2.309410
v 0.267028 -1.598940 2.292239
v -1.387373 -1.661453 2.233478
v -1.284709 -1.582312 2.233478
v -1.182045 -1.503171 2.233478
v -1.079381 -1.424029 2.233478
v -0.976717 -1.344888 2.233478
v -1.007289 -1.329966 2.233478
v -1.037860 -1.315043 2.233478
v -1.068432 -1.300120 2.233478
v -1.099003 -1.285198 2.233478
v -1.163558 -1.223595 2.233478
v -1.228113 -1.161993 2.233478
v -1.292668 -1.100391 2.233478
v -1.357223 -1.038789 2.233478
v -1.439300 -1.120081 2.233478
v -1.521378 -1.201373 2.233478
v -1.603455 -1.282664 2.233478
v -1.685532 -1.363956 2.233478
v -1.610992 -1.438330 2.233478
v -1.536452 -1.512704 2.233478
v -1.461912 -1.587079 2.233478
v -1.387373 -1.661453 1.345236
v -1.284709 -1.582312 1.375055
v -1.182045 -1.503171 1.467213
v -1.079381 -1.424029 1.649622
v -0.976717 -1.344888 2.233478
v -1.007289 -1.329966 2.094727
v -1.037860 -1.315043 2.032633
v -1.068432 -1.300120 1.982390
v -1.099003 -1.285198 1.937914
v -1.163558 -1.223595 1.950605
v -1.228113 -1.161993 1.939454
v -1.292668 -1.100391 1.906836
v -1.357223 -1.038789 1.859811
v -1.439300 -1.120081 1.582788
v -1.521378 -1.201373 1.442015
v -1.603455 -1.282664 1.368376
v -1.685532 -1.363956 1.345163
v -1.610992 -1.438330 1.345331
v -1.536452 -1.512704 1.345434
v -1.461912 -1.587079 1.345367
v 1.369075 -1.661719 2.233478
v 1.446599 -1.586011 2.233478
v 1.524122 -1.510304 2.233478
v 1.601646 -1.434597 2.233478
v 1.679170 -1.358890 2.233478
v 1.596747 -1.278820 2.233478
v 1.514324 -1.198751 2.233478
v 1.431901 -1.118682 2.233478
v 1.349478 -1.038612 2.233478
v 1.254375 -1.115227 2.233478
v 1.159271 -1.191842 2.233478
v 1.064168 -1.268457 2.233478
v 0.969064 -1.345072 2.233478
v 1.069067 -1.424234 2.233478
v 1.169070 -1.503396 2.233478
v 1.269072 -1.582557 2.233478
v 1.369075 -1.661719 1.345301
v 1.446599 -1.586011 1.345517
v 1.524122 -1.510304 1.345573
v 1.601646 -1.434597 1.345357
v 1.679170 -1.358890 1.345163
v 1.596747 -1.278820 1.368336
v 1.514324 -1.198751 1.441846
v 1.431901 -1.118682 1.582358
v 1.349478 -1.038612 1.858624
v 1.254375 -1.115227 1.969953
v 1.159271 -1.191842 2.087138
v 1.064168 -1.268457 2.233478
v 0.969064 -1.345072 2.153101
v 1.069067 -1.424234 1.648046
v 1.169070 -1.503396 1.467799
v 1.269072 -1.582557 1.375987
v -2.348605 -1.538514 1.218261
v -2.294040 -1.486892 1.218261
v -2.239476 -1.435269 1.218261
v -2.184911 -1.383646 1.218261
v -2.130347 -1.332023 1.218261
v -2.138801 -1.316862 1.218261
v -2.147254 -1.301702 1.218261
v -2.155708 -1.286541 1.218261
v -2.164162 -1.271380 1.218261
v -2.164162 -1.181568 1.218261
v -2.164162 -1.091756 1.218261
v -2.164162 -1.001943 1.218261
v -2.164162 -0.912131 1.218261
v -2.240629 -0.822318 1.218261
v -2.317096 -0.732506 1.218261
v -2.393563 -0.642694 1.218261
v -2.470030 -0.552881 1.218261
v -2.542846 -0.554033 1.218261
v -2.615663 -0.555184 1.218261
v -2.688479 -0.556336 1.218261
v -2.761296 -0.557487 1.218261
v -2.892423 -0.691342 1.218261
v -3.023551 -0.825197 1.218261
v -3.154678 -0.959052 1.218261
v -3.285806 -1.092907 1.218261
v -3.244018 -1.140980 1.218261
v -3.202230 -1.189052 1.218261
v -3.160442 -1.237125 1.218261
v -3.118654 -1.285198 1.218261
v -3.113467 -1.347375 1.218261
v -3.108279 -1.409553 1.218261
v -3.103092 -1.471731 1.218261
v -3.097904 -1.533909 1.218261
v -2.910579 -1.535060 1.218261
v -2.723254 -1.536212 1.218261
v -2.535929 -1.537363 1.218261
v -2.348605 -1.538514 0.356033
v -2.294040 -1.486892 0.412193
v -2.239476 -1.435269 0.479196
v -2.184911 -1.383646 0.560368
v -2.130347 -1.332023 0.661744
v -2.138801 -1.316862 0.663034
v -2.147254 -1.301702 0.664134
v -2.155708 -1.286541 0.665042
v -2.164162 -1.271380 0.665760
v -2.164162 -1.181568 0.742620
v -2.164162 -1.091756 0.832945
v -2.164162 -1.001943 0.948401
v -2.164162 -0.912131 1.218261
v -2.240629 -0.822318 0.941694
v -2.317096 -0.732506 0.818057
v -2.393563 -0.642694 0.719102
v -2.470030 -0.552881 0.633549
v -2.542846 -0.554033 0.540913
v -2.615663 -0.555184 0.465452
v -2.688479 -0.556336 0.402687
v -2.761296 -0.557487 0.349682
v -2.892423 -0.691342 0.260407
v -3.023551 -0.825197 0.199753
v -3.154678 -0.959052 0.164188
v -3.285806 -1.092907 0.152283
v -3.244018 -1.140980 0.152537
v -3.202230 -1.189052 0.153255
v -3.160442 -1.237125 0.154369
v -3.118654 -1.285198 0.155810
v -3.113467 -1.347375 0.154446
v -3.108279 -1.409553 0.153352
v -3.103092 -1.471731 0.152662
v -3.097904 -1.533909 0.152346
v -2.910579 -1.535060 0.165137
v -2.723254 -1.536212 0.201983
v -2.535929 -1.537363 0.264415
v 2.336248 -1.538514 1.218261
v 2.523227 -1.537363 1.218261
v 2.710206 -1.536212 1.218261
v 2.897185 -1.535060 1.218261
v 3.084165 -1.533909 1.218261
v 3.089698 -1.468277 1.218261
v 3.095231 -1.402644 1.218261
v 3.100764 -1.337012 1.218261
v 3.106298 -1.271380 1.218261
v 3.146999 -1.224083 1.218261
v 3.187701 -1.176785 1.218261
v 3.228403 -1.129487 1.218261
v 3.269104 -1.082190 1.218261
v 3.137103 -0.949863 1.218261
v 3.005102 -0.817536 1.218261
v 2.873101 -0.685208 1.218261
v 2.741101 -0.552881 1.218261
v 2.670244 -0.552881 1.218261
v 2.599387 -0.552881 1.218261
v 2.528530 -0.552881 1.218261
v 2.457673 -0.552881 1.218261
v 2.381206 -0.639239 1.218261
v 2.304739 -0.725597 1.218261
v 2.228272 -0.811956 1.218261
v 2.151805 -0.898314 1.218261
v 2.144456 -1.006477 1.218261
v 2.137107 -1.114640 1.218261
v 2.129758 -1.222804 1.218261
v 2.122410 -1.330967 1.218261
v 2.175869 -1.382854 1.218261
v 2.229329 -1.434741 1.218261
v 2.282788 -1.486628 1.218261
v 2.336248 -1.538514 0.351249
v 2.523227 -1.537363 0.261189
v 2.710206 -1.536212 0.200047
v 2.897185 -1.535060 0.164257
v 3.084165 -1.533909 0.152283
v 3.089698 -1.468277 0.152535
v 3.095231 -1.402644 0.153238
v 3.100764 -1.337012 0.154319
v 3.106298 -1.271380 0.155701
v 3.146999 -1.224083 0.154321
v 3.187701 -1.176785 0.153245
v 3.228403 -1.129487 0.152541
v 3.269104 -1.082190 0.152293
v 3.137103 -0.949863 0.164397
v 3.005102 -0.817536 0.200331
v 2.873101 -0.685208 0.261672
v 2.741101 -0.552881 0.351951
v 2.670244 -0.552881 0.403711
v 2.599387 -0.552881 0.464685
v 2.528530 -0.552881 0.537638
v 2.457673 -0.552881 0.626524
v 2.381206 -0.639239 0.711763
v 2.304739 -0.725597 0.811084
v 2.228272 -0.811956 0.935989
v 2.151805 -0.898314 1.218261
v 2.144456 -1.006477 0.945442
v 2.137107 -1.114640 0.824947
v 2.129758 -1.222804 0.729188
v 2.122410 -1.330967 0.646957
v 2.175869 -1.382854 0.549464
v 2.229329 -1.434741 0.471000
v 2.282788 -1.486628 0.405863
v -0.807353 -1.469428 2.639565
v -0.773058 -1.464822 2.639565
v -0.738763 -1.460217 2.639565
v -0.704468 -1.455611 2.639565
v -0.670173 -1.451005 2.639565
v -0.646212 -1.424974 2.639565
v -0.622251 -1.398943 2.639565
v -0.598290 -1.372913 2.639565
v -0.574329 -1.346882 2.639565
v -0.612123 -1.321098 2.639565
v -0.649917 -1.295314 2.639565
v -0.687712 -1.269530 2.639565
v -0.725506 -1.243746 2.639565
v -0.746256 -1.243746 2.639565
v -0.767006 -1.243746 2.639565
v -0.787756 -1.243746 2.639565
v -0.808505 -1.243746 2.639565
v -0.850558 -1.269031 2.639565
v -0.892611 -1.294317 2.639565
v -0.934664 -1.319603 2.639565
v -0.976717 -1.344888 2.639565
v -0.934376 -1.376023 2.639565
v -0.892035 -1.407158 2.639565
v -0.849694 -1.438293 2.639565
v -0.807353 -1.469428 2.284239
v -0.773058 -1.464822 2.285564
v -0.738763 -1.460217 2.289413
v -0.704468 -1.455611 2.295646
v -0.670173 -1.451005 2.304277
v -0.646212 -1.424974 2.326523
v -0.622251 -1.398943 2.359334
v -0.598290 -1.372913 2.407073
v -0.574329 -1.346882 2.482684
v -0.612123 -1.321098 2.510680
v -0.649917 -1.295314 2.540814
v -0.687712 -1.269530 2.574930
v -0.725506 -1.243746 2.639565
v -0.746256 -1.243746 2.534641
v -0.767006 -1.243746 2.492115
v -0.787756 -1.243746 2.460283
v -0.808505 -1.243746 2.434234
v -0.850558 -1.269031 2.363349
v -0.892611 -1.294317 2.320644
v -0.934664 -1.319603 2.295661
v -0.976717 -1.344888 2.284922
v -0.934376 -1.376023 2.284826
v -0.892035 -1.407158 2.284592
v -0.849694 -1.438293 2.284368
v 0.791538 -1.469428 2.639565
v 0.835919 -1.438339 2.639565
v 0.880301 -1.407250 2.639565
v 0.924683 -1.376161 2.639565
v 0.969064 -1.345072 2.639565
v 0.929294 -1.319741 2.639565
v 0.889523 -1.294409 2.639565
v 0.849753 -1.269077 2.639565
v 0.809982 -1.243746 2.639565
v 0.782316 -1.243746 2.639565
v 0.754649 -1.243746 2.639565
v 0.726983 -1.243746 2.639565
v 0.699316 -1.243746 2.639565
v 0.662428 -1.270741 2.639565
v 0.625539 -1.297735 2.639565
v 0.588651 -1.324730 2.639565
v 0.551762 -1.351725 2.639565
v 0.581734 -1.379999 2.639565
v 0.611706 -1.408274 2.639565
v 0.641678 -1.436548 2.639565
v 0.671650 -1.464822 2.639565
v 0.701622 -1.465974 2.639565
v 0.731594 -1.467125 2.639565
v 0.761566 -1.468277 2.639565
v 0.791538 -1.469428 2.284239
v 0.835919 -1.438339 2.284330
v 0.880301 -1.407250 2.284512
v 0.924683 -1.376161 2.284616
v 0.969064 -1.345072 2.284630
v 0.929294 -1.319741 2.293517
v 0.889523 -1.294409 2.314962
v 0.849753 -1.269077 2.351493
v 0.809982 -1.243746 2.409957
v 0.782316 -1.243746 2.438623
v 0.754649 -1.243746 2.473998
v 0.726983 -1.243746 2.521581
v 0.699316 -1.243746 2.639565
v 0.662428 -1.270741 2.559945
v 0.625539 -1.297735 2.521567
v 0.588651 -1.324730 2.489246
v 0.551762 -1.351725 2.460183
v 0.581734 -1.379999 2.388617
v 0.611706 -1.408274 2.343285
v 0.641678 -1.436548 2.313182
v 0.671650 -1.464822 2.294458
v 0.701622 -1.465974 2.290112
v 0.731594 -1.467125 2.286934
v 0.761566 -1.468277 2.284940
v -0.574329 -1.346882 2.639565
v -0.581544 -1.158199 2.639565
v -0.588760 -0.969517 2.639565
v -0.595976 -0.780834 2.639565
v -0.603191 -0.592152 2.639565
v -0.793118 -0.583928 2.639565
v -0.983045 -0.575705 2.639565
v -1.172972 -0.567482 2.639565
v -1.362898 -0.559259 2.639565
v -1.338424 -0.595662 2.639565
v -1.313950 -0.632065 2.639565
v -1.289476 -0.668468 2.639565
v -1.265002 -0.704872 2.639565
v -1.265002 -0.732506 2.639565
v -1.265002 -0.760141 2.639565
v -1.265002 -0.787775 2.639565
v -1.265002 -0.815410 2.639565
v -1.289210 -0.837517 2.639565
v -1.313418 -0.859625 2.639565
v -1.337626 -0.881733 2.639565
v -1.361834 -0.903840 2.639565
v -1.360682 -0.937578 2.639565
v -1.359529 -0.971315 2.639565
v -1.358376 -1.005052 2.639565
v -1.357223 -1.038789 2.639565
v -1.292668 -1.100391 2.639565
v -1.228113 -1.161993 2.639565
v -1.163558 -1.223595 2.639565
v -1.099003 -1.285198 2.639565
v -1.068432 -1.300120 2.639565
v -1.037860 -1.315043 2.639565
v -1.007289 -1.329966 2.639565
v -0.976717 -1.344888 2.639565
v -0.934664 -1.319603 2.639565
v -0.892611 -1.294317 2.639565
v -0.850558 -1.269031 2.639565
v -0.808505 -1.243746 2.639565
v -0.787756 -1.243746 2.639565
v -0.767006 -1.243746 2.639565
v -0.746256 -1.243746 2.639565
v -0.725506 -1.243746 2.639565
v -0.687712 -1.269530 2.639565
v -0.649917 -1.295314 2.639565
v -0.612123 -1.321098 2.639565
v -0.574329 -1.346882 2.298845
v -0.581544 -1.158199 2.327527
v -0.588760 -0.969517 2.374363
v -0.595976 -0.780834 2.447589
v -0.603191 -0.592152 2.639565
v -0.793118 -0.583928 2.445905
v -0.983045 -0.575705 2.372581
v -1.172972 -0.567482 2.325984
v -1.362898 -0.559259 2.297760
v -1.338424 -0.595662 2.298750
v -1.313950 -0.632065 2.299602
v -1.289476 -0.668468 2.300295
v -1.265002 -0.704872 2.300862
v -1.265002 -0.732506 2.299146
v -1.265002 -0.760141 2.297463
v -1.265002 -0.787775 2.295843
v -1.265002 -0.815410 2.294323
v -1.289210 -0.837517 2.291355
v -1.313418 -0.859625 2.288907
v -1.337626 -0.881733 2.287002
v -1.361834 -0.903840 2.285580
v -1.360682 -0.937578 2.285011
v -1.359529 -0.971315 2.284589
v -1.358376 -1.005052 2.284329
v -1.357223 -1.038789 2.284239
v -1.292668 -1.100391 2.284292
v -1.228113 -1.161993 2.284323
v -1.163558 -1.223595 2.284347
v -1.099003 -1.285198 2.284322
v -1.068432 -1.300120 2.284425
v -1.037860 -1.315043 2.284529
v -1.007289 -1.329966 2.284644
v -0.976717 -1.344888 2.284788
v -0.934664 -1.319603 2.286281
v -0.892611 -1.294317 2.288729
v -0.850558 -1.269031 2.292181
v -0.808505 -1.243746 2.296608
v -0.787756 -1.243746 2.297867
v -0.767006 -1.243746 2.299213
v -0.746256 -1.243746 2.300550
v -0.725506 -1.243746 2.301968
v -0.687712 -1.269530 2.301438
v -0.649917 -1.295314 2.300716
v -0.612123 -1.321098 2.299855
v -0.574329 -1.346882 3.451739
v -0.434325 -1.220110 3.451739
v -0.294322 -1.093338 3.451739
v -0.154319 -0.966565 3.451739
v -0.014315 -0.839793 3.451739
v -0.075077 -0.776792 3.451739
v -0.135838 -0.713791 3.451739
v -0.196599 -0.650789 3.451739
v -0.257360 -0.587788 3.451739
v -0.343818 -0.588879 3.451739
v -0.430276 -0.589970 3.451739
v -0.516733 -0.591061 3.451739
v -0.603191 -0.592152 3.451739
v -0.595976 -0.780834 3.451739
v -0.588760 -0.969517 3.451739
v -0.581544 -1.158199 3.451739
v -0.574329 -1.346882 2.741087
v -0.434325 -1.220110 2.756273
v -0.294322 -1.093338 2.801593
v -0.154319 -0.966565 2.878038
v -0.014315 -0.839793 2.989049
v -0.075077 -0.776792 3.056872
v -0.135838 -0.713791 3.137337
v -0.196599 -0.650789 3.237831
v -0.257360 -0.587788 3.451739
v -0.343818 -0.588879 3.232364
v -0.430276 -0.589970 3.131121
v -0.516733 -0.591061 3.050860
v -0.603191 -0.592152 2.983781
v -0.595976 -0.780834 2.875884
v -0.588760 -0.969517 2.800824
v -0.581544 -1.158199 2.756114
v 0.551762 -1.351725 2.639565
v 0.588651 -1.324730 2.639565
v 0.625539 -1.297735 2.639565
v 0.662428 -1.270741 2.639565
v 0.699316 -1.243746 2.639565
v 0.726983 -1.243746 2.639565
v 0.754649 -1.243746 2.639565
v 0.782316 -1.243746 2.639565
v 0.809982 -1.243746 2.639565
v 0.849753 -1.269077 2.639565
v 0.889523 -1.294409 2.639565
v 0.929294 -1.319741 2.639565
v 0.969064 -1.345072 2.639565
v 1.064168 -1.268457 2.639565
v 1.159271 -1.191842 2.639565
v 1.254375 -1.115227 2.639565
v 1.349478 -1.038612 2.639565
v 1.350631 -1.002962 2.639565
v 1.351784 -0.967311 2.639565
v 1.352936 -0.931661 2.639565
v 1.354089 -0.896011 2.639565
v 1.328728 -0.872406 2.639565
v 1.303367 -0.848802 2.639565
v 1.278006 -0.825197 2.639565
v 1.252645 -0.801593 2.639565
v 1.252645 -0.773958 2.639565
v 1.252645 -0.746323 2.639565
v 1.252645 -0.718689 2.639565
v 1.252645 -0.691054 2.639565
v 1.277969 -0.657291 2.639565
v 1.303293 -0.623528 2.639565
v 1.328617 -0.589765 2.639565
v 1.353940 -0.556001 2.639565
v 1.162618 -0.565039 2.639565
v 0.971295 -0.574076 2.639565
v 0.779973 -0.583114 2.639565
v 0.588651 -0.592152 2.639565
v 0.579428 -0.782045 2.639565
v 0.570206 -0.971938 2.639565
v 0.560984 -1.161832 2.639565
v 0.551762 -1.351725 2.298454
v 0.588651 -1.324730 2.299726
v 0.625539 -1.297735 2.300864
v 0.662428 -1.270741 2.301878
v 0.699316 -1.243746 2.302702
v 0.726983 -1.243746 2.300865
v 0.754649 -1.243746 2.299094
v 0.782316 -1.243746 2.297368
v 0.809982 -1.243746 2.295700
v 0.849753 -1.269077 2.291598
v 0.889523 -1.294409 2.288411
v 0.929294 -1.319741 2.286127
v 0.969064 -1.345072 2.284739
v 1.064168 -1.268457 2.284786
v 1.159271 -1.191842 2.284628
v 1.254375 -1.115227 2.284397
v 1.349478 -1.038612 2.284239
v 1.350631 -1.002962 2.284345
v 1.351784 -0.967311 2.284637
v 1.352936 -0.931661 2.285103
v 1.354089 -0.896011 2.285727
v 1.328728 -0.872406 2.287299
v 1.303367 -0.848802 2.289433
v 1.278006 -0.825197 2.292121
v 1.252645 -0.801593 2.295402
v 1.252645 -0.773958 2.297017
v 1.252645 -0.746323 2.298685
v 1.252645 -0.718689 2.300395
v 1.252645 -0.691054 2.302201
v 1.277969 -0.657291 2.301337
v 1.303293 -0.623528 2.300322
v 1.328617 -0.589765 2.299235
v 1.353940 -0.556001 2.298006
v 1.162618 -0.565039 2.326469
v 0.971295 -0.574076 2.373307
v 0.779973 -0.583114 2.446797
v 0.588651 -0.592152 2.639565
v 0.579428 -0.782045 2.447143
v 0.570206 -0.971938 2.373814
v 0.560984 -1.161832 2.327009
v 0.551762 -1.351725 3.451739
v 0.560984 -1.161832 3.451739
v 0.570206 -0.971938 3.451739
v 0.579428 -0.782045 3.451739
v 0.588651 -0.592152 3.451739
v 0.503730 -0.589818 3.451739
v 0.418809 -0.587485 3.451739
v 0.333889 -0.585152 3.451739
v 0.248968 -0.582819 3.451739
v 0.183147 -0.647062 3.451739
v 0.117326 -0.711306 3.451739
v 0.051505 -0.775550 3.451739
v -0.014315 -0.839793 3.451739
v 0.127204 -0.967776 3.451739
v 0.268723 -1.095759 3.451739
v 0.410243 -1.223742 3.451739
v 0.551762 -1.351725 2.741087
v 0.560984 -1.161832 2.756265
v 0.570206 -0.971938 2.801481
v 0.579428 -0.782045 2.877475
v 0.588651 -0.592152 2.987043
v 0.503730 -0.589818 3.053662
v 0.418809 -0.587485 3.133223
v 0.333889 -0.585152 3.233626
v 0.248968 -0.582819 3.451739
v 0.183147 -0.647062 3.236862
v 0.117326 -0.711306 3.134196
v 0.051505 -0.775550 3.051601
v -0.014315 -0.839793 2.982187
v 0.127204 -0.967776 2.875771
v 0.268723 -1.095759 2.800961
v 0.410243 -1.223742 2.756174
v -1.685532 -1.363956 2.233478
v -1.603455 -1.282664 2.233478
v -1.521378 -1.201373 2.233478
v -1.439300 -1.120081 2.233478
v -1.357223 -1.038789 2.233478
v -1.358376 -1.005052 2.233478
v -1.359529 -0.971315 2.233478
v -1.360682 -0.937578 2.233478
v -1.361834 -0.903840 2.233478
v -1.391922 -0.875860 2.233478
v -1.422009 -0.847880 2.233478
v -1.452096 -0.819900 2.233478
v -1.482183 -0.791920 2.233478
v -1.514346 -0.794338 2.233478
v -1.546508 -0.796756 2.233478
v -1.578670 -0.799175 2.233478
v -1.610832 -0.801593 2.233478
v -1.630545 -0.822318 2.233478
v -1.650257 -0.843044 2.233478
v -1.669970 -0.863770 2.233478
v -1.689682 -0.884496 2.233478
v -1.690719 -0.919039 2.233478
v -1.691757 -0.953583 2.233478
v -1.692794 -0.988126 2.233478
v -1.693832 -1.022669 2.233478
v -1.726398 -1.021518 2.233478
v -1.758963 -1.020366 2.233478
v -1.791529 -1.019215 2.233478
v -1.824095 -1.018063 2.233478
v -1.900658 -1.096553 2.233478
v -1.977221 -1.175043 2.233478
v -2.053784 -1.253533 2.233478
v -2.130347 -1.332023 2.233478
v -2.019143 -1.340006 2.233478
v -1.907939 -1.347989 2.233478
v -1.796736 -1.355973 2.233478
v -1.685532 -1.363956 1.416296
v -1.603455 -1.282664 1.476341
v -1.521378 -1.201373 1.561321
v -1.439300 -1.120081 1.682630
v -1.357223 -1.038789 1.875214
v -1.358376 -1.005052 1.923360
v -1.359529 -0.971315 1.980653
v -1.360682 -0.937578 2.054990
v -1.361834 -0.903840 2.233478
v -1.391922 -0.875860 2.099623
v -1.422009 -0.847880 2.040106
v -1.452096 -0.819900 1.991994
v -1.482183 -0.791920 1.949813
v -1.514346 -0.794338 1.873143
v -1.546508 -0.796756 1.811986
v -1.578670 -0.799175 1.760401
v -1.610832 -0.801593 1.715531
v -1.630545 -0.822318 1.679574
v -1.650257 -0.843044 1.647024
v -1.669970 -0.863770 1.617309
v -1.689682 -0.884496 1.590035
v -1.690719 -0.919039 1.573921
v -1.691757 -0.953583 1.558250
v -1.692794 -0.988126 1.543039
v -1.693832 -1.022669 1.528291
v -1.726398 -1.021518 1.507979
v -1.758963 -1.020366 1.489034
v -1.791529 -1.019215 1.471605
v -1.824095 -1.018063 1.455363
v -1.900658 -1.096553 1.405611
v -1.977221 -1.175043 1.371632
v -2.053784 -1.253533 1.351765
v -2.130347 -1.332023 1.345163
v -2.019143 -1.340006 1.349815
v -1.907939 -1.347989 1.363318
v -1.796736 -1.355973 1.385491
v 1.679170 -1.358890 2.233478
v 1.789980 -1.351909 2.233478
v 1.900790 -1.344929 2.233478
v 2.011600 -1.337948 2.233478
v 2.122410 -1.330967 2.233478
v 2.045606 -1.252741 2.233478
v 1.968803 -1.174515 2.233478
v 1.892000 -1.096289 2.233478
v 1.815197 -1.018063 2.233478
v 1.785225 -1.019215 2.233478
v 1.755253 -1.020366 2.233478
v 1.725281 -1.021518 2.233478
v 1.695309 -1.022669 2.233478
v 1.691505 -0.988126 2.233478
v 1.687700 -0.953583 2.233478
v 1.683896 -0.919039 2.233478
v 1.680092 -0.884496 2.233478
v 1.659688 -0.863770 2.233478
v 1.639284 -0.843044 2.233478
v 1.618880 -0.822318 2.233478
v 1.598476 -0.801593 2.233478
v 1.567351 -0.799175 2.233478
v 1.536227 -0.796756 2.233478
v 1.505102 -0.794338 2.233478
v 1.473977 -0.791920 2.233478
v 1.444005 -0.817943 2.233478
v 1.414033 -0.843966 2.233478
v 1.384061 -0.869988 2.233478
v 1.354089 -0.896011 2.233478
v 1.352936 -0.931661 2.233478
v 1.351784 -0.967311 2.233478
v 1.350631 -1.002962 2.233478
v 1.349478 -1.038612 2.233478
v 1.431901 -1.118682 2.233478
v 1.514324 -1.198751 2.233478
v 1.596747 -1.278820 2.233478
v 1.679170 -1.358890 1.416063
v 1.789980 -1.351909 1.385344
v 1.900790 -1.344929 1.363241
v 2.011600 -1.337948 1.349792
v 2.122410 -1.330967 1.345163
v 2.045606 -1.252741 1.351724
v 1.968803 -1.174515 1.371474
v 1.892000 -1.096289 1.405255
v 1.815197 -1.018063 1.454692
v 1.785225 -1.019215 1.469423
v 1.755253 -1.020366 1.485200
v 1.725281 -1.021518 1.502044
v 1.695309 -1.022669 1.520226
v 1.691505 -0.988126 1.536368
v 1.687700 -0.953583 1.553190
v 1.683896 -0.919039 1.570691
v 1.680092 -0.884496 1.588874
v 1.659688 -0.863770 1.616608
v 1.639284 -0.843044 1.646856
v 1.618880 -0.822318 1.680070
v 1.598476 -0.801593 1.716848
v 1.567351 -0.799175 1.760158
v 1.536227 -0.796756 1.809662
v 1.505102 -0.794338 1.867872
v 1.473977 -0.791920 1.940058
v 1.444005 -0.817943 1.982841
v 1.414033 -0.843966 2.031750
v 1.384061 -0.869988 2.093118
v 1.354089 -0.896011 2.233478
v 1.352936 -0.931661 2.050142
v 1.351784 -0.967311 1.973896
v 1.350631 -1.002962 1.915190
v 1.349478 -1.038612 1.865529
v 1.431901 -1.118682 1.678383
v 1.514324 -1.198751 1.559186
v 1.596747 -1.278820 1.475448
v -2.130347 -1.332023 2.233478
v -2.053784 -1.253533 2.233478
v -1.977221 -1.175043 2.233478
v -1.900658 -1.096553 2.233478
v -1.824095 -1.018063 2.233478
v -1.819195 -0.984672 2.233478
v -1.814296 -0.951280 2.233478
v -1.809397 -0.917888 2.233478
v -1.804498 -0.884496 2.233478
v -1.775794 -0.884496 2.233478
v -1.747090 -0.884496 2.233478
v -1.718386 -0.884496 2.233478
v -1.689682 -0.884496 2.233478
v -1.669970 -0.863770 2.233478
v -1.650257 -0.843044 2.233478
v -1.630545 -0.822318 2.233478
v -1.610832 -0.801593 2.233478
v -1.578670 -0.799175 2.233478
v -1.546508 -0.796756 2.233478
v -1.514346 -0.794338 2.233478
v -1.482183 -0.791920 2.233478
v -1.479763 -0.759795 2.233478
v -1.477342 -0.727670 2.233478
v -1.474921 -0.695545 2.233478
v -1.472500 -0.663420 2.233478
v -1.445100 -0.637379 2.233478
v -1.417699 -0.611339 2.233478
v -1.390299 -0.585299 2.233478
v -1.362898 -0.559259 2.233478
v -1.404132 -0.557664 2.233478
v -1.445366 -0.556070 2.233478
v -1.486599 -0.554476 2.233478
v -1.527833 -0.552881 2.233478
v -1.549736 -0.532731 2.233478
v -1.571638 -0.512581 2.233478
v -1.593541 -0.492431 2.233478
v -1.615444 -0.472281 2.233478
v -1.638499 -0.492431 2.233478
v -1.661554 -0.512581 2.233478
v -1.684610 -0.532731 2.233478
v -1.707665 -0.552881 2.233478
v -1.737407 -0.553572 2.233478
v -1.767148 -0.554263 2.233478
v -1.796889 -0.554954 2.233478
v -1.826631 -0.555645 2.233478
v -1.852222 -0.579134 2.233478
v -1.877814 -0.602624 2.233478
v -1.903405 -0.626113 2.233478
v -1.928997 -0.649602 2.233478
v -1.951130 -0.625422 2.233478
v -1.973263 -0.601242 2.233478
v -1.995396 -0.577062 2.233478
v -2.017529 -0.552881 2.233478
v -2.130654 -0.552881 2.233478
v -2.243779 -0.552881 2.233478
v -2.356904 -0.552881 2.233478
v -2.470030 -0.552881 2.233478
v -2.393563 -0.642694 2.233478
v -2.317096 -0.732506 2.233478
v -2.240629 -0.822318 2.233478
v -2.164162 -0.912131 2.233478
v -2.164162 -1.001943 2.233478
v -2.164162 -1.091756 2.233478
v -2.164162 -1.181568 2.233478
v -2.164162 -1.271380 2.233478
v -2.155708 -1.286541 2.233478
v -2.147254 -1.301702 2.233478
v -2.138801 -1.316862 2.233478
v -2.130347 -1.332023 1.345337
v -2.053784 -1.253533 1.351433
v -1.977221 -1.175043 1.366685
v -1.900658 -1.096553 1.391432
v -1.824095 -1.018063 1.426523
v -1.819195 -0.984672 1.434580
v -1.814296 -0.951280 1.443007
v -1.809397 -0.917888 1.451720
v -1.804498 -0.884496 1.460687
v -1.775794 -0.884496 1.473333
v -1.747090 -0.884496 1.486763
v -1.718386 -0.884496 1.501009
v -1.689682 -0.884496 1.516119
v -1.669970 -0.863770 1.533340
v -1.650257 -0.843044 1.551673
v -1.630545 -0.822318 1.571186
v -1.610832 -0.801593 1.592096
v -1.578670 -0.799175 1.617095
v -1.546508 -0.796756 1.644110
v -1.514346 -0.794338 1.673343
v -1.482183 -0.791920 1.705437
v -1.479763 -0.759795 1.725351
v -1.477342 -0.727670 1.745905
v -1.474921 -0.695545 1.767159
v -1.472500 -0.663420 1.789228
v -1.445100 -0.637379 1.845518
v -1.417699 -0.611339 1.914358
v -1.390299 -0.585299 2.006094
v -1.362898 -0.559259 2.233478
v -1.404132 -0.557664 1.998896
v -1.445366 -0.556070 1.904090
v -1.486599 -0.554476 1.833424
v -1.527833 -0.552881 1.775416
v -1.549736 -0.532731 1.756497
v -1.571638 -0.512581 1.738054
v -1.593541 -0.492431 1.720072
v -1.615444 -0.472281 1.702540
v -1.638499 -0.492431 1.672475
v -1.661554 -0.512581 1.644936
v -1.684610 -0.532731 1.619329
v -1.707665 -0.552881 1.595633
v -1.737407 -0.553572 1.573178
v -1.767148 -0.554263 1.552438
v -1.796889 -0.554954 1.533007
v -1.826631 -0.555645 1.514863
v -1.852222 -0.579134 1.496501
v -1.877814 -0.602624 1.479337
v -1.903405 -0.626113 1.463481
v -1.928997 -0.649602 1.448792
v -1.951130 -0.625422 1.442857
v -1.973263 -0.601242 1.437003
v -1.995396 -0.577062 1.431181
v -2.017529 -0.552881 1.425359
v -2.130654 -0.552881 1.389535
v -2.243779 -0.552881 1.364658
v -2.356904 -0.552881 1.350057
v -2.470030 -0.552881 1.345163
v -2.393563 -0.642694 1.346311
v -2.317096 -0.732506 1.349267
v -2.240629 -0.822318 1.353484
v -2.164162 -0.912131 1.358559
v -2.164162 -1.001943 1.353723
v -2.164162 -1.091756 1.349795
v -2.164162 -1.181568 1.346905
v -2.164162 -1.271380 1.345360
v -2.155708 -1.286541 1.345356
v -2.147254 -1.301702 1.345351
v -2.138801 -1.316862 1.345344
v 2.122410 -1.330967 2.233478
v 2.129758 -1.222804 2.233478
v 2.137107 -1.114640 2.233478
v 2.144456 -1.006477 2.233478
v 2.151805 -0.898314 2.233478
v 2.228272 -0.811956 2.233478
v 2.304739 -0.725597 2.233478
v 2.381206 -0.639239 2.233478
v 2.457673 -0.552881 2.233478
v 2.341090 -0.552881 2.233478
v 2.224506 -0.552881 2.233478
v 2.107923 -0.552881 2.233478
v 1.991340 -0.552881 2.233478
v 1.965748 -0.573607 2.233478
v 1.940157 -0.594333 2.233478
v 1.914565 -0.615059 2.233478
v 1.888974 -0.635785 2.233478
v 1.870299 -0.615059 2.233478
v 1.851624 -0.594333 2.233478
v 1.832949 -0.573607 2.233478
v 1.814274 -0.552881 2.233478
v 1.784533 -0.552881 2.233478
v 1.754792 -0.552881 2.233478
v 1.725050 -0.552881 2.233478
v 1.695309 -0.552881 2.233478
v 1.671100 -0.533537 2.233478
v 1.646892 -0.514193 2.233478
v 1.622684 -0.494849 2.233478
v 1.598476 -0.475505 2.233478
v 1.577726 -0.494849 2.233478
v 1.556976 -0.514193 2.233478
v 1.536227 -0.533537 2.233478
v 1.515477 -0.552881 2.233478
v 1.475093 -0.553661 2.233478
v 1.434709 -0.554441 2.233478
v 1.394324 -0.555221 2.233478
v 1.353940 -0.556001 2.233478
v 1.380491 -0.582856 2.233478
v 1.407042 -0.609711 2.233478
v 1.433593 -0.636565 2.233478
v 1.460144 -0.663420 2.233478
v 1.463602 -0.695545 2.233478
v 1.467060 -0.727670 2.233478
v 1.470519 -0.759795 2.233478
v 1.473977 -0.791920 2.233478
v 1.505102 -0.794338 2.233478
v 1.536227 -0.796756 2.233478
v 1.567351 -0.799175 2.233478
v 1.598476 -0.801593 2.233478
v 1.618880 -0.822318 2.233478
v 1.639284 -0.843044 2.233478
v 1.659688 -0.863770 2.233478
v 1.680092 -0.884496 2.233478
v 1.711563 -0.884496 2.233478
v 1.743033 -0.884496 2.233478
v 1.774504 -0.884496 2.233478
v 1.805974 -0.884496 2.233478
v 1.808280 -0.917888 2.233478
v 1.810586 -0.951280 2.233478
v 1.812891 -0.984672 2.233478
v 1.815197 -1.018063 2.233478
v 1.892000 -1.096289 2.233478
v 1.968803 -1.174515 2.233478
v 2.045606 -1.252741 2.233478
v 2.122410 -1.330967 1.345293
v 2.129758 -1.222804 1.346810
v 2.137107 -1.114640 1.349951
v 2.144456 -1.006477 1.354254
v 2.151805 -0.898314 1.359304
v 2.228272 -0.811956 1.353917
v 2.304739 -0.725597 1.349442
v 2.381206 -0.639239 1.346354
v 2.457673 -0.552881 1.345163
v 2.341090 -0.552881 1.350365
v 2.224506 -0.552881 1.366000
v 2.107923 -0.552881 1.392487
v 1.991340 -0.552881 1.430994
v 1.965748 -0.573607 1.438760
v 1.940157 -0.594333 1.446738
v 1.914565 -0.615059 1.454911
v 1.888974 -0.635785 1.463407
v 1.870299 -0.615059 1.475504
v 1.851624 -0.594333 1.488300
v 1.832949 -0.573607 1.501820
v 1.814274 -0.552881 1.516104
v 1.784533 -0.552881 1.534283
v 1.754792 -0.552881 1.553681
v 1.725050 -0.552881 1.574411
v 1.695309 -0.552881 1.596828
v 1.671100 -0.533537 1.621405
v 1.646892 -0.514193 1.648161
v 1.622684 -0.494849 1.677037
v 1.598476 -0.475505 1.708531
v 1.577726 -0.494849 1.725276
v 1.556976 -0.514193 1.742403
v 1.536227 -0.533537 1.759920
v 1.515477 -0.552881 1.777837
v 1.475093 -0.553661 1.835552
v 1.434709 -0.554441 1.905782
v 1.394324 -0.555221 2.000135
v 1.353940 -0.556001 2.233478
v 1.380491 -0.582856 2.007258
v 1.407042 -0.609711 1.915980
v 1.433593 -0.636565 1.847440
v 1.460144 -0.663420 1.791300
v 1.463602 -0.695545 1.767620
v 1.467060 -0.727670 1.745000
v 1.470519 -0.759795 1.723263
v 1.473977 -0.791920 1.702308
v 1.505102 -0.794338 1.671414
v 1.536227 -0.796756 1.643125
v 1.567351 -0.799175 1.616972
v 1.598476 -0.801593 1.592711
v 1.618880 -0.822318 1.571214
v 1.639284 -0.843044 1.551204
v 1.659688 -0.863770 1.532427
v 1.680092 -0.884496 1.514869
v 1.711563 -0.884496 1.498430
v 1.743033 -0.884496 1.482982
v 1.774504 -0.884496 1.468486
v 1.805974 -0.884496 1.454909
v 1.808280 -0.917888 1.447296
v 1.810586 -0.951280 1.439794
v 1.812891 -0.984672 1.432427
v 1.815197 -1.018063 1.425244
v 1.892000 -1.096289 1.390437
v 1.968803 -1.174515 1.365937
v 2.045606 -1.252741 1.350973
v -1.824095 -1.018063 2.639565
v -1.791529 -1.019215 2.639565
v -1.758963 -1.020366 2.639565
v -1.726398 -1.021518 2.639565
v -1.693832 -1.022669 2.639565
v -1.692794 -0.988126 2.639565
v -1.691757 -0.953583 2.639565
v -1.690719 -0.919039 2.639565
v -1.689682 -0.884496 2.639565
v -1.718386 -0.884496 2.639565
v -1.747090 -0.884496 2.639565
v -1.775794 -0.884496 2.639565
v -1.804498 -0.884496 2.639565
v -1.809397 -0.917888 2.639565
v -1.814296 -0.951280 2.639565
v -1.819195 -0.984672 2.639565
v -1.824095 -1.018063 2.284239
v -1.791529 -1.019215 2.288440
v -1.758963 -1.020366 2.301211
v -1.726398 -1.021518 2.323444
v -1.693832 -1.022669 2.357224
v -1.692794 -0.988126 2.388998
v -1.691757 -0.953583 2.430464
v -1.690719 -0.919039 2.488867
v -1.689682 -0.884496 2.639565
v -1.718386 -0.884496 2.458208
v -1.747090 -0.884496 2.392729
v -1.775794 -0.884496 2.349669
v -1.804498 -0.884496 2.319885
v -1.809397 -0.917888 2.304226
v -1.814296 -0.951280 2.293148
v -1.819195 -0.984672 2.286482
v 1.815197 -1.018063 2.639565
v 1.812891 -0.984672 2.639565
v 1.810586 -0.951280 2.639565
v 1.808280 -0.917888 2.639565
v 1.805974 -0.884496 2.639565
v 1.774504 -0.884496 2.639565
v 1.743033 -0.884496 2.639565
v 1.711563 -0.884496 2.639565
v 1.680092 -0.884496 2.639565
v 1.683896 -0.919039 2.639565
v 1.687700 -0.953583 2.639565
v 1.691505 -0.988126 2.639565
v 1.695309 -1.022669 2.639565
v 1.725281 -1.021518 2.639565
v 1.755253 -1.020366 2.639565
v 1.785225 -1.019215 2.639565
v 1.815197 -1.018063 2.284239
v 1.812891 -0.984672 2.286025
v 1.810586 -0.951280 2.291215
v 1.808280 -0.917888 2.299750
v 1.805974 -0.884496 2.311651
v 1.774504 -0.884496 2.340437
v 1.743033 -0.884496 2.383649
v 1.711563 -0.884496 2.450786
v 1.680092 -0.884496 2.639565
v 1.683896 -0.919039 2.479147
v 1.687700 -0.953583 2.418182
v 1.691505 -0.988126 2.375698
v 1.695309 -1.022669 2.344062
v 1.725281 -1.021518 2.316695
v 1.755253 -1.020366 2.298362
v 1.785225 -1.019215 2.287744
v -1.361834 -0.903840 2.639565
v -1.337626 -0.881733 2.639565
v -1.313418 -0.859625 2.639565
v -1.289210 -0.837517 2.639565
v -1.265002 -0.815410 2.639565
v -1.265002 -0.787775 2.639565
v -1.265002 -0.760141 2.639565
v -1.265002 -0.732506 2.639565
v -1.265002 -0.704872 2.639565
v -1.289476 -0.668468 2.639565
v -1.313950 -0.632065 2.639565
v -1.338424 -0.595662 2.639565
v -1.362898 -0.559259 2.639565
v -1.390299 -0.585299 2.639565
v -1.417699 -0.611339 2.639565
v -1.445100 -0.637379 2.639565
v -1.472500 -0.663420 2.639565
v -1.474921 -0.695545 2.639565
v -1.477342 -0.727670 2.639565
v -1.479763 -0.759795 2.639565
v -1.482183 -0.791920 2.639565
v -1.452096 -0.819900 2.639565
v -1.422009 -0.847880 2.639565
v -1.391922 -0.875860 2.639565
v -1.361834 -0.903840 2.291294
v -1.337626 -0.881733 2.305097
v -1.313418 -0.859625 2.327232
v -1.289210 -0.837517 2.359673
v -1.265002 -0.815410 2.406647
v -1.265002 -0.787775 2.435599
v -1.265002 -0.760141 2.471395
v -1.265002 -0.732506 2.519642
v -1.265002 -0.704872 2.639565
v -1.289476 -0.668468 2.571510
v -1.313950 -0.632065 2.536821
v -1.338424 -0.595662 2.506735
v -1.362898 -0.559259 2.479128
v -1.390299 -0.585299 2.400699
v -1.417699 -0.611339 2.352128
v -1.445100 -0.637379 2.319620
v -1.472500 -0.663420 2.298641
v -1.474921 -0.695545 2.292515
v -1.477342 -0.727670 2.288009
v -1.479763 -0.759795 2.285216
v -1.482183 -0.791920 2.284239
v -1.452096 -0.819900 2.284810
v -1.422009 -0.847880 2.286299
v -1.391922 -0.875860 2.288525
v 1.354089 -0.896011 2.639565
v 1.384061 -0.869988 2.639565
v 1.414033 -0.843966 2.639565
v 1.444005 -0.817943 2.639565
v 1.473977 -0.791920 2.639565
v 1.470519 -0.759795 2.639565
v 1.467060 -0.727670 2.639565
v 1.463602 -0.695545 2.639565
v 1.460144 -0.663420 2.639565
v 1.433593 -0.636565 2.639565
v 1.407042 -0.609711 2.639565
v 1.380491 -0.582856 2.639565
v 1.353940 -0.556001 2.639565
v 1.328617 -0.589765 2.639565
v 1.303293 -0.623528 2.639565
v 1.277969 -0.657291 2.639565
v 1.252645 -0.691054 2.639565
v 1.252645 -0.718689 2.639565
v 1.252645 -0.746323 2.639565
v 1.252645 -0.773958 2.639565
v 1.252645 -0.801593 2.639565
v 1.278006 -0.825197 2.639565
v 1.303367 -0.848802 2.639565
v 1.328728 -0.872406 2.639565
v 1.354089 -0.896011 2.291732
v 1.384061 -0.869988 2.288734
v 1.414033 -0.843966 2.286377
v 1.444005 -0.817943 2.284826
v 1.473977 -0.791920 2.284239
v 1.470519 -0.759795 2.285242
v 1.467060 -0.727670 2.288117
v 1.463602 -0.695545 2.292774
v 1.460144 -0.663420 2.299137
v 1.433593 -0.636565 2.319035
v 1.407042 -0.609711 2.349170
v 1.380491 -0.582856 2.393114
v 1.353940 -0.556001 2.460568
v 1.328617 -0.589765 2.488597
v 1.303293 -0.623528 2.520079
v 1.277969 -0.657291 2.558061
v 1.252645 -0.691054 2.639565
v 1.252645 -0.718689 2.522552
v 1.252645 -0.746323 2.475283
v 1.252645 -0.773958 2.440148
v 1.252645 -0.801593 2.411592
v 1.278006 -0.825197 2.362614
v 1.303367 -0.848802 2.329000
v 1.328728 -0.872406 2.306061
v -0.014315 -0.839793 3.857826
v 0.051505 -0.775550 3.857826
v 0.117326 -0.711306 3.857826
v 0.183147 -0.647062 3.857826
v 0.248968 -0.582819 3.857826
v 0.122386 -0.584061 3.857826
v -0.004196 -0.585304 3.857826
v -0.130778 -0.586546 3.857826
v -0.257360 -0.587788 3.857826
v -0.196599 -0.650789 3.857826
v -0.135838 -0.713791 3.857826
v -0.075077 -0.776792 3.857826
v -0.014315 -0.839793 3.502500
v 0.051505 -0.775550 3.513449
v 0.117326 -0.711306 3.543733
v 0.183147 -0.647062 3.590189
v 0.248968 -0.582819 3.649331
v 0.122386 -0.584061 3.752603
v -0.004196 -0.585304 3.857826
v -0.130778 -0.586546 3.735249
v -0.257360 -0.587788 3.634923
v -0.196599 -0.650789 3.581537
v -0.135838 -0.713791 3.539665
v -0.075077 -0.776792 3.512360
v -0.603191 -0.592152 3.857826
v -0.516733 -0.591061 3.857826
v -0.430276 -0.589970 3.857826
v -0.343818 -0.588879 3.857826
v -0.257360 -0.587788 3.857826
v -0.344785 -0.501339 3.857826
v -0.432210 -0.414890 3.857826
v -0.519634 -0.328441 3.857826
v -0.607059 -0.241992 3.857826
v -0.606092 -0.329532 3.857826
v -0.605125 -0.417072 3.857826
v -0.604158 -0.504612 3.857826
v -0.603191 -0.592152 3.502500
v -0.516733 -0.591061 3.513307
v -0.430276 -0.589970 3.543742
v -0.343818 -0.588879 3.592075
v -0.257360 -0.587788 3.658193
v -0.344785 -0.501339 3.760915
v -0.432210 -0.414890 3.857826
v -0.519634 -0.328441 3.733345
v -0.607059 -0.241992 3.635062
v -0.606092 -0.329532 3.582256
v -0.605125 -0.417072 3.540231
v -0.604158 -0.504612 3.512563
v -0.603191 -0.592152 3.451739
v -0.604158 -0.504612 3.451739
v -0.605125 -0.417072 3.451739
v -0.606092 -0.329532 3.451739
v -0.607059 -0.241992 3.451739
v -0.667795 -0.179815 3.451739
v -0.728532 -0.117637 3.451739
v -0.789269 -0.055459 3.451739
v -0.850005 0.006719 3.451739
v -0.978228 -0.134776 3.451739
v -1.106452 -0.276270 3.451739
v -1.234675 -0.417764 3.451739
v -1.362898 -0.559259 3.451739
v -1.172972 -0.567482 3.451739
v -0.983045 -0.575705 3.451739
v -0.793118 -0.583928 3.451739
v -0.603191 -0.592152 2.995046
v -0.604158 -0.504612 3.062810
v -0.605125 -0.417072 3.143014
v -0.606092 -0.329532 3.242512
v -0.607059 -0.241992 3.451739
v -0.667795 -0.179815 3.237764
v -0.728532 -0.117637 3.137660
v -0.789269 -0.055459 3.057597
v -0.850005 0.006719 2.990094
v -0.978228 -0.134776 2.879341
v -1.106452 -0.276270 2.802343
v -1.234675 -0.417764 2.756509
v -1.362898 -0.559259 2.741087
v -1.172972 -0.567482 2.756587
v -0.983045 -0.575705 2.802803
v -0.793118 -0.583928 2.881018
v 0.588651 -0.592152 3.857826
v 0.587498 -0.505188 3.857826
v 0.586345 -0.418223 3.857826
v 0.585192 -0.331259 3.857826
v 0.584039 -0.244295 3.857826
v 0.500272 -0.328926 3.857826
v 0.416504 -0.413557 3.857826
v 0.332736 -0.498188 3.857826
v 0.248968 -0.582819 3.857826
v 0.333889 -0.585152 3.857826
v 0.418809 -0.587485 3.857826
v 0.503730 -0.589818 3.857826
v 0.588651 -0.592152 3.502500
v 0.587498 -0.505188 3.513125
v 0.586345 -0.418223 3.542832
v 0.585192 -0.331259 3.589445
v 0.584039 -0.244295 3.651487
v 0.500272 -0.328926 3.749717
v 0.416504 -0.413557 3.857826
v 0.332736 -0.498188 3.748103
v 0.248968 -0.582819 3.650085
v 0.333889 -0.585152 3.587855
v 0.418809 -0.587485 3.541883
v 0.503730 -0.589818 3.512837
v 0.588651 -0.592152 3.451739
v 0.779973 -0.583114 3.451739
v 0.971295 -0.574076 3.451739
v 1.162618 -0.565039 3.451739
v 1.353940 -0.556001 3.451739
v 1.224867 -0.415321 3.451739
v 1.095794 -0.274641 3.451739
v 0.966722 -0.133961 3.451739
v 0.837649 0.006719 3.451739
v 0.774246 -0.056035 3.451739
v 0.710844 -0.118788 3.451739
v 0.647442 -0.181542 3.451739
v 0.584039 -0.244295 3.451739
v 0.585192 -0.331259 3.451739
v 0.586345 -0.418223 3.451739
v 0.587498 -0.505188 3.451739
v 0.588651 -0.592152 2.987398
v 0.779973 -0.583114 2.877820
v 0.971295 -0.574076 2.801666
v 1.162618 -0.565039 2.756319
v 1.353940 -0.556001 2.741087
v 1.224867 -0.415321 2.756187
v 1.095794 -0.274641 2.801131
v 0.966722 -0.133961 2.876530
v 0.837649 0.006719 2.984749
v 0.774246 -0.056035 3.052934
v 0.710844 -0.118788 3.134163
v 0.647442 -0.181542 3.235757
v 0.584039 -0.244295 3.451739
v 0.585192 -0.331259 3.235671
v 0.586345 -0.418223 3.134990
v 0.587498 -0.505188 3.054763
v -0.257360 -0.587788 4.670000
v -0.130778 -0.586546 4.670000
v -0.004196 -0.585304 4.670000
v 0.122386 -0.584061 4.670000
v 0.248968 -0.582819 4.670000
v 0.332736 -0.498188 4.670000
v 0.416504 -0.413557 4.670000
v 0.500272 -0.328926 4.670000
v 0.584039 -0.244295 4.670000
v 0.584976 -0.120659 4.670000
v 0.585913 0.002977 4.670000
v 0.586849 0.126612 4.670000
v 0.587786 0.250248 4.670000
v 0.502155 0.336987 4.670000
v 0.416523 0.423726 4.670000
v 0.330892 0.510465 4.670000
v 0.245261 0.597204 4.670000
v 0.121372 0.599643 4.670000
v -0.002516 0.602081 4.670000
v -0.126405 0.604520 4.670000
v -0.250294 0.606958 4.670000
v -0.339485 0.519076 4.670000
v -0.428676 0.431194 4.670000
v -0.517868 0.343312 4.670000
v -0.607059 0.255430 4.670000
v -0.607059 0.131074 4.670000
v -0.607059 0.006719 4.670000
v -0.607059 -0.117637 4.670000
v -0.607059 -0.241992 4.670000
v -0.519634 -0.328441 4.670000
v -0.432210 -0.414890 4.670000
v -0.344785 -0.501339 4.670000
v -0.257360 -0.587788 3.978631
v -0.130778 -0.586546 4.231421
v -0.004196 -0.585304 4.670000
v 0.122386 -0.584061 4.289053
v 0.248968 -0.582819 4.001456
v 0.332736 -0.498188 4.255461
v 0.416504 -0.413557 4.521249
v 0.500272 -0.328926 4.260479
v 0.584039 -0.244295 4.003908
v 0.584976 -0.120659 4.280771
v 0.585913 0.002977 4.579474
v 0.586849 0.126612 4.238856
v 0.587786 0.250248 3.985728
v 0.502155 0.336987 4.188148
v 0.416523 0.423726 4.331572
v 0.330892 0.510465 4.152994
v 0.245261 0.597204 3.970655
v 0.121372 0.599643 4.123230
v -0.002516 0.602081 4.217703
v -0.126405 0.604520 4.081123
v -0.250294 0.606958 3.959666
v -0.339485 0.519076 4.064579
v -0.428676 0.431194 4.155803
v -0.517868 0.343312 4.058202
v -0.607059 0.255430 3.959348
v -0.607059 0.131074 4.059837
v -0.607059 0.006719 4.164558
v -0.607059 -0.117637 4.076182
v -0.607059 -0.241992 3.961084
v -0.519634 -0.328441 4.100861
v -0.432210 -0.414890 4.255064
v -0.344785 -0.501339 4.151865
v -1.362898 -0.559259 2.639565
v -1.373007 -0.516212 2.639565
v -1.383116 -0.473166 2.639565
v -1.393225 -0.430120 2.639565
v -1.403334 -0.387074 2.639565
v -1.424084 -0.366348 2.639565
v -1.444834 -0.345622 2.639565
v -1.465584 -0.324896 2.639565
v -1.486333 -0.304170 2.639565
v -1.527362 -0.293807 2.639565
v -1.568390 -0.283444 2.639565
v -1.609418 -0.273081 2.639565
v -1.650446 -0.262718 2.639565
v -1.641695 -0.315109 2.639565
v -1.632945 -0.367499 2.639565
v -1.624194 -0.419890 2.639565
v -1.615444 -0.472281 2.639565
v -1.593541 -0.492431 2.639565
v -1.571638 -0.512581 2.639565
v -1.549736 -0.532731 2.639565
v -1.527833 -0.552881 2.639565
v -1.486599 -0.554476 2.639565
v -1.445366 -0.556070 2.639565
v -1.404132 -0.557664 2.639565
v -1.362898 -0.559259 2.503130
v -1.373007 -0.516212 2.529960
v -1.383116 -0.473166 2.557992
v -1.393225 -0.430120 2.588540
v -1.403334 -0.387074 2.639565
v -1.424084 -0.366348 2.513887
v -1.444834 -0.345622 2.463587
v -1.465584 -0.324896 2.426506
v -1.486333 -0.304170 2.396722
v -1.527362 -0.293807 2.345636
v -1.568390 -0.283444 2.312791
v -1.609418 -0.273081 2.293189
v -1.650446 -0.262718 2.284742
v -1.641695 -0.315109 2.284703
v -1.632945 -0.367499 2.284548
v -1.624194 -0.419890 2.284349
v -1.615444 -0.472281 2.284239
v -1.593541 -0.492431 2.285033
v -1.571638 -0.512581 2.287351
v -1.549736 -0.532731 2.291083
v -1.527833 -0.552881 2.296129
v -1.486599 -0.554476 2.317822
v -1.445366 -0.556070 2.353031
v -1.404132 -0.557664 2.407702
v -1.362898 -0.559259 2.639565
v -1.234675 -0.417764 2.639565
v -1.106452 -0.276270 2.639565
v -0.978228 -0.134776 2.639565
v -0.850005 0.006719 2.639565
v -0.978731 0.145851 2.639565
v -1.107457 0.284983 2.639565
v -1.236183 0.424116 2.639565
v -1.364908 0.563248 2.639565
v -1.371057 0.529473 2.639565
v -1.377205 0.495697 2.639565
v -1.383353 0.461922 2.639565
v -1.389501 0.428146 2.639565
v -1.410251 0.403966 2.639565
v -1.431001 0.379785 2.639565
v -1.451750 0.355605 2.639565
v -1.472500 0.331425 2.639565
v -1.519263 0.317157 2.639565
v -1.566025 0.302889 2.639565
v -1.612787 0.288621 2.639565
v -1.659549 0.274354 2.639565
v -1.668120 0.167720 2.639565
v -1.676691 0.061087 2.639565
v -1.685261 -0.045547 2.639565
v -1.693832 -0.152180 2.639565
v -1.682985 -0.179815 2.639565
v -1.672139 -0.207449 2.639565
v -1.661292 -0.235084 2.639565
v -1.650446 -0.262718 2.639565
v -1.609418 -0.273081 2.639565
v -1.568390 -0.283444 2.639565
v -1.527362 -0.293807 2.639565
v -1.486333 -0.304170 2.639565
v -1.465584 -0.324896 2.639565
v -1.444834 -0.345622 2.639565
v -1.424084 -0.366348 2.639565
v -1.403334 -0.387074 2.639565
v -1.393225 -0.430120 2.639565
v -1.383116 -0.473166 2.639565
v -1.373007 -0.516212 2.639565
v -1.362898 -0.559259 2.297205
v -1.234675 -0.417764 2.325392
v -1.106452 -0.276270 2.372232
v -0.978228 -0.134776 2.445932
v -0.850005 0.006719 2.639565
v -0.978731 0.145851 2.444603
v -1.107457 0.284983 2.371089
v -1.236183 0.424116 2.324618
v -1.364908 0.563248 2.296820
v -1.371057 0.529473 2.297598
v -1.377205 0.495697 2.298319
v -1.383353 0.461922 2.298977
v -1.389501 0.428146 2.299536
v -1.410251 0.403966 2.297914
v -1.431001 0.379785 2.296365
v -1.451750 0.355605 2.294841
v -1.472500 0.331425 2.293357
v -1.519263 0.317157 2.289728
v -1.566025 0.302889 2.287013
v -1.612787 0.288621 2.285210
v -1.659549 0.274354 2.284325
v -1.668120 0.167720 2.284400
v -1.676691 0.061087 2.284382
v -1.685261 -0.045547 2.284308
v -1.693832 -0.152180 2.284239
v -1.682985 -0.179815 2.284277
v -1.672139 -0.207449 2.284312
v -1.661292 -0.235084 2.284382
v -1.650446 -0.262718 2.284474
v -1.609418 -0.273081 2.285407
v -1.568390 -0.283444 2.287078
v -1.527362 -0.293807 2.289486
v -1.486333 -0.304170 2.292633
v -1.465584 -0.324896 2.294170
v -1.444834 -0.345622 2.295788
v -1.424084 -0.366348 2.297516
v -1.403334 -0.387074 2.299315
v -1.393225 -0.430120 2.299018
v -1.383116 -0.473166 2.298555
v -1.373007 -0.516212 2.297928
v 1.353940 -0.556001 2.639565
v 1.394324 -0.555221 2.639565
v 1.434709 -0.554441 2.639565
v 1.475093 -0.553661 2.639565
v 1.515477 -0.552881 2.639565
v 1.536227 -0.533537 2.639565
v 1.556976 -0.514193 2.639565
v 1.577726 -0.494849 2.639565
v 1.598476 -0.475505 2.639565
v 1.608379 -0.422308 2.639565
v 1.618283 -0.369111 2.639565
v 1.628186 -0.315915 2.639565
v 1.638089 -0.262718 2.639565
v 1.597061 -0.273081 2.639565
v 1.556033 -0.283444 2.639565
v 1.515005 -0.293807 2.639565
v 1.473977 -0.304170 2.639565
v 1.449769 -0.328350 2.639565
v 1.425561 -0.352531 2.639565
v 1.401353 -0.376711 2.639565
v 1.377144 -0.400891 2.639565
v 1.371343 -0.439669 2.639565
v 1.365542 -0.478446 2.639565
v 1.359741 -0.517224 2.639565
v 1.353940 -0.556001 2.467103
v 1.394324 -0.555221 2.391229
v 1.434709 -0.554441 2.344079
v 1.475093 -0.553661 2.313110
v 1.515477 -0.552881 2.294090
v 1.536227 -0.533537 2.289907
v 1.556976 -0.514193 2.286829
v 1.577726 -0.494849 2.284915
v 1.598476 -0.475505 2.284239
v 1.608379 -0.422308 2.284320
v 1.618283 -0.369111 2.284463
v 1.628186 -0.315915 2.284529
v 1.638089 -0.262718 2.284505
v 1.597061 -0.273081 2.291672
v 1.556033 -0.283444 2.309284
v 1.515005 -0.293807 2.339022
v 1.473977 -0.304170 2.384806
v 1.449769 -0.328350 2.415645
v 1.425561 -0.352531 2.454443
v 1.401353 -0.376711 2.507263
v 1.377144 -0.400891 2.639565
v 1.371343 -0.439669 2.560994
v 1.365542 -0.478446 2.524320
v 1.359741 -0.517224 2.494051
v 1.353940 -0.556001 2.639565
v 1.359741 -0.517224 2.639565
v 1.365542 -0.478446 2.639565
v 1.371343 -0.439669 2.639565
v 1.377144 -0.400891 2.639565
v 1.401353 -0.376711 2.639565
v 1.425561 -0.352531 2.639565
v 1.449769 -0.328350 2.639565
v 1.473977 -0.304170 2.639565
v 1.515005 -0.293807 2.639565
v 1.556033 -0.283444 2.639565
v 1.597061 -0.273081 2.639565
v 1.638089 -0.262718 2.639565
v 1.648936 -0.235084 2.639565
v 1.659782 -0.207449 2.639565
v 1.670629 -0.179815 2.639565
v 1.681475 -0.152180 2.639565
v 1.681475 -0.072731 2.639565
v 1.681475 0.006719 2.639565
v 1.681475 0.086168 2.639565
v 1.681475 0.165617 2.639565
v 1.671100 0.193703 2.639565
v 1.660726 0.221788 2.639565
v 1.650351 0.249873 2.639565
v 1.639976 0.277958 2.639565
v 1.595018 0.291325 2.639565
v 1.550060 0.304691 2.639565
v 1.505102 0.318058 2.639565
v 1.460144 0.331425 2.639565
v 1.439394 0.352151 2.639565
v 1.418644 0.372877 2.639565
v 1.397894 0.393603 2.639565
v 1.377144 0.414329 2.639565
v 1.371343 0.453329 2.639565
v 1.365542 0.492329 2.639565
v 1.359741 0.531330 2.639565
v 1.353940 0.570330 2.639565
v 1.224867 0.429427 2.639565
v 1.095794 0.288524 2.639565
v 0.966722 0.147622 2.639565
v 0.837649 0.006719 2.639565
v 0.966722 -0.133961 2.639565
v 1.095794 -0.274641 2.639565
v 1.224867 -0.415321 2.639565
v 1.353940 -0.556001 2.296992
v 1.359741 -0.517224 2.298007
v 1.365542 -0.478446 2.298988
v 1.371343 -0.439669 2.299841
v 1.377144 -0.400891 2.300576
v 1.401353 -0.376711 2.298467
v 1.425561 -0.352531 2.296440
v 1.449769 -0.328350 2.294513
v 1.473977 -0.304170 2.292705
v 1.515005 -0.293807 2.289548
v 1.556033 -0.283444 2.287128
v 1.597061 -0.273081 2.285441
v 1.638089 -0.262718 2.284489
v 1.648936 -0.235084 2.284398
v 1.659782 -0.207449 2.284317
v 1.670629 -0.179815 2.284282
v 1.681475 -0.152180 2.284245
v 1.681475 -0.072731 2.284270
v 1.681475 0.006719 2.284277
v 1.681475 0.086168 2.284267
v 1.681475 0.165617 2.284239
v 1.671100 0.193703 2.284273
v 1.660726 0.221788 2.284305
v 1.650351 0.249873 2.284348
v 1.639976 0.277958 2.284429
v 1.595018 0.291325 2.285403
v 1.550060 0.304691 2.287228
v 1.505102 0.318058 2.289901
v 1.460144 0.331425 2.293424
v 1.439394 0.352151 2.294992
v 1.418644 0.372877 2.296630
v 1.397894 0.393603 2.298324
v 1.377144 0.414329 2.300088
v 1.371343 0.453329 2.299313
v 1.365542 0.492329 2.298407
v 1.359741 0.531330 2.297424
v 1.353940 0.570330 2.296365
v 1.224867 0.429427 2.324017
v 1.095794 0.288524 2.370537
v 0.966722 0.147622 2.444274
v 0.837649 0.006719 2.639565
v 0.966722 -0.133961 2.445517
v 1.095794 -0.274641 2.371802
v 1.224867 -0.415321 2.325040
v -2.761296 -0.557487 1.218261
v -2.688479 -0.556336 1.218261
v -2.615663 -0.555184 1.218261
v -2.542846 -0.554033 1.218261
v -2.470030 -0.552881 1.218261
v -2.391142 -0.466523 1.218261
v -2.312254 -0.380165 1.218261
v -2.233366 -0.293807 1.218261
v -2.154478 -0.207449 1.218261
v -2.155746 -0.098062 1.218261
v -2.157014 0.011324 1.218261
v -2.158282 0.120711 1.218261
v -2.159550 0.230098 1.218261
v -2.235972 0.314153 1.218261
v -2.312394 0.398208 1.218261
v -2.388816 0.482264 1.218261
v -2.465238 0.566319 1.218261
v -2.539252 0.567470 1.218261
v -2.613267 0.568622 1.218261
v -2.687281 0.569773 1.218261
v -2.761296 0.570925 1.218261
v -2.898475 0.430449 1.218261
v -3.035655 0.289973 1.218261
v -3.172834 0.149497 1.218261
v -3.310014 0.009022 1.218261
v -3.172834 -0.132606 1.218261
v -3.035655 -0.274233 1.218261
v -2.898475 -0.415860 1.218261
v -2.761296 -0.557487 0.254747
v -2.688479 -0.556336 0.288929
v -2.615663 -0.555184 0.329265
v -2.542846 -0.554033 0.376662
v -2.470030 -0.552881 0.432399
v -2.391142 -0.466523 0.522868
v -2.312254 -0.380165 0.637417
v -2.233366 -0.293807 0.793534
v -2.154478 -0.207449 1.097738
v -2.155746 -0.098062 1.176687
v -2.157014 0.011324 1.218261
v -2.158282 0.120711 1.123100
v -2.159550 0.230098 1.048459
v -2.235972 0.314153 0.782341
v -2.312394 0.398208 0.632974
v -2.388816 0.482264 0.522043
v -2.465238 0.566319 0.433854
v -2.539252 0.567470 0.377111
v -2.613267 0.568622 0.328966
v -2.687281 0.569773 0.288101
v -2.761296 0.570925 0.253578
v -2.898475 0.430449 0.211845
v -3.035655 0.289973 0.179890
v -3.172834 0.149497 0.159506
v -3.310014 0.009022 0.152283
v -3.172834 -0.132606 0.159593
v -3.035655 -0.274233 0.180189
v -2.898475 -0.415860 0.212534
v -2.470030 -0.552881 2.233478
v -2.356904 -0.552881 2.233478
v -2.243779 -0.552881 2.233478
v -2.130654 -0.552881 2.233478
v -2.017529 -0.552881 2.233478
v -1.995396 -0.528701 2.233478
v -1.973263 -0.504521 2.233478
v -1.951130 -0.480341 2.233478
v -1.928997 -0.456160 2.233478
v -1.903405 -0.481031 2.233478
v -1.877814 -0.505903 2.233478
v -1.852222 -0.530774 2.233478
v -1.826631 -0.555645 2.233478
v -1.796889 -0.554954 2.233478
v -1.767148 -0.554263 2.233478
v -1.737407 -0.553572 2.233478
v -1.707665 -0.552881 2.233478
v -1.684610 -0.532731 2.233478
v -1.661554 -0.512581 2.233478
v -1.638499 -0.492431 2.233478
v -1.615444 -0.472281 2.233478
v -1.624194 -0.419890 2.233478
v -1.632945 -0.367499 2.233478
v -1.641695 -0.315109 2.233478
v -1.650446 -0.262718 2.233478
v -1.678584 -0.248901 2.233478
v -1.706722 -0.235084 2.233478
v -1.734860 -0.221267 2.233478
v -1.762998 -0.207449 2.233478
v -1.860868 -0.207449 2.233478
v -1.958738 -0.207449 2.233478
v -2.056608 -0.207449 2.233478
v -2.154478 -0.207449 2.233478
v -2.233366 -0.293807 2.233478
v -2.312254 -0.380165 2.233478
v -2.391142 -0.466523 2.233478
v -2.470030 -0.552881 1.345163
v -2.356904 -0.552881 1.352550
v -2.243779 -0.552881 1.374839
v -2.130654 -0.552881 1.413217
v -2.017529 -0.552881 1.469867
v -1.995396 -0.528701 1.487567
v -1.973263 -0.504521 1.506752
v -1.951130 -0.480341 1.527425
v -1.928997 -0.456160 1.549820
v -1.903405 -0.481031 1.566546
v -1.877814 -0.505903 1.583827
v -1.852222 -0.530774 1.601651
v -1.826631 -0.555645 1.620005
v -1.796889 -0.554954 1.652588
v -1.767148 -0.554263 1.688629
v -1.737407 -0.553572 1.728851
v -1.707665 -0.552881 1.774589
v -1.684610 -0.532731 1.826431
v -1.661554 -0.512581 1.888329
v -1.638499 -0.492431 1.966847
v -1.615444 -0.472281 2.086876
v -1.624194 -0.419890 2.126037
v -1.632945 -0.367499 2.165678
v -1.641695 -0.315109 2.206766
v -1.650446 -0.262718 2.233478
v -1.678584 -0.248901 2.018140
v -1.706722 -0.235084 1.930483
v -1.734860 -0.221267 1.864555
v -1.762998 -0.207449 1.810247
v -1.860868 -0.207449 1.662617
v -1.958738 -0.207449 1.560698
v -2.056608 -0.207449 1.485732
v -2.154478 -0.207449 1.430066
v -2.233366 -0.293807 1.393083
v -2.312254 -0.380165 1.366683
v -2.391142 -0.466523 1.350614
v 2.457673 -0.552881 2.233478
v 2.378785 -0.466523 2.233478
v 2.299897 -0.380165 2.233478
v 2.221010 -0.293807 2.233478
v 2.142122 -0.207449 2.233478
v 2.044252 -0.207449 2.233478
v 1.946382 -0.207449 2.233478
v 1.848512 -0.207449 2.233478
v 1.750642 -0.207449 2.233478
v 1.722504 -0.221267 2.233478
v 1.694365 -0.235084 2.233478
v 1.666227 -0.248901 2.233478
v 1.638089 -0.262718 2.233478
v 1.628186 -0.315915 2.233478
v 1.618283 -0.369111 2.233478
v 1.608379 -0.422308 2.233478
v 1.598476 -0.475505 2.233478
v 1.622684 -0.494849 2.233478
v 1.646892 -0.514193 2.233478
v 1.671100 -0.533537 2.233478
v 1.695309 -0.552881 2.233478
v 1.725050 -0.552881 2.233478
v 1.754792 -0.552881 2.233478
v 1.784533 -0.552881 2.233478
v 1.814274 -0.552881 2.233478
v 1.836408 -0.528701 2.233478
v 1.858541 -0.504521 2.233478
v 1.880674 -0.480341 2.233478
v 1.902807 -0.456160 2.233478
v 1.924940 -0.480341 2.233478
v 1.947073 -0.504521 2.233478
v 1.969207 -0.528701 2.233478
v 1.991340 -0.552881 2.233478
v 2.107923 -0.552881 2.233478
v 2.224506 -0.552881 2.233478
v 2.341090 -0.552881 2.233478
v 2.457673 -0.552881 1.345163
v 2.378785 -0.466523 1.350614
v 2.299897 -0.380165 1.366683
v 2.221010 -0.293807 1.393081
v 2.142122 -0.207449 1.430056
v 2.044252 -0.207449 1.485669
v 1.946382 -0.207449 1.560542
v 1.848512 -0.207449 1.662308
v 1.750642 -0.207449 1.809613
v 1.722504 -0.221267 1.863761
v 1.694365 -0.235084 1.929326
v 1.666227 -0.248901 2.016332
v 1.638089 -0.262718 2.205731
v 1.628186 -0.315915 2.233478
v 1.618283 -0.369111 2.185811
v 1.608379 -0.422308 2.144889
v 1.598476 -0.475505 2.104682
v 1.622684 -0.494849 1.972885
v 1.646892 -0.514193 1.890594
v 1.671100 -0.533537 1.826484
v 1.695309 -0.552881 1.773157
v 1.725050 -0.552881 1.727983
v 1.754792 -0.552881 1.688182
v 1.784533 -0.552881 1.652463
v 1.814274 -0.552881 1.620135
v 1.836408 -0.528701 1.604952
v 1.858541 -0.504521 1.590062
v 1.880674 -0.480341 1.575464
v 1.902807 -0.456160 1.561163
v 1.924940 -0.480341 1.537907
v 1.947073 -0.504521 1.516266
v 1.969207 -0.528701 1.496390
v 1.991340 -0.552881 1.477850
v 2.107923 -0.552881 1.417427
v 2.224506 -0.552881 1.376671
v 2.341090 -0.552881 1.352971
v 2.457673 -0.552881 1.218261
v 2.528530 -0.552881 1.218261
v 2.599387 -0.552881 1.218261
v 2.670244 -0.552881 1.218261
v 2.741101 -0.552881 1.218261
v 2.876781 -0.412406 1.218261
v 3.012462 -0.271930 1.218261
v 3.148143 -0.131454 1.218261
v 3.283824 0.009022 1.218261
v 3.148143 0.148346 1.218261
v 3.012462 0.287670 1.218261
v 2.876781 0.426994 1.218261
v 2.741101 0.566319 1.218261
v 2.670244 0.566319 1.218261
v 2.599387 0.566319 1.218261
v 2.528530 0.566319 1.218261
v 2.457673 0.566319 1.218261
v 2.380053 0.482264 1.218261
v 2.302434 0.398208 1.218261
v 2.224814 0.314153 1.218261
v 2.147194 0.230098 1.218261
v 2.145926 0.120711 1.218261
v 2.144658 0.011324 1.218261
v 2.143390 -0.098062 1.218261
v 2.142122 -0.207449 1.218261
v 2.221010 -0.293807 1.218261
v 2.299897 -0.380165 1.218261
v 2.378785 -0.466523 1.218261
v 2.457673 -0.552881 0.428253
v 2.528530 -0.552881 0.374096
v 2.599387 -0.552881 0.327907
v 2.670244 -0.552881 0.288475
v 2.741101 -0.552881 0.254937
v 2.876781 -0.412406 0.212652
v 3.012462 -0.271930 0.180243
v 3.148143 -0.131454 0.159610
v 3.283824 0.009022 0.152283
v 3.148143 0.148346 0.159522
v 3.012462 0.287670 0.179941
v 2.876781 0.426994 0.211955
v 2.741101 0.566319 0.253755
v 2.670244 0.566319 0.287014
v 2.599387 0.566319 0.326128
v 2.528530 0.566319 0.372035
v 2.457673 0.566319 0.425713
v 2.380053 0.482264 0.514450
v 2.302434 0.398208 0.626274
v 2.224814 0.314153 0.776985
v 2.147194 0.230098 1.047125
v 2.145926 0.120711 1.122275
v 2.144658 0.011324 1.218261
v 2.143390 -0.098062 1.176019
v 2.142122 -0.207449 1.096648
v 2.221010 -0.293807 0.790869
v 2.299897 -0.380165 0.633943
v 2.378785 -0.466523 0.519054
v -2.017529 -0.552881 2.639565
v -1.995396 -0.577062 2.639565
v -1.973263 -0.601242 2.639565
v -1.951130 -0.625422 2.639565
v -1.928997 -0.649602 2.639565
v -1.903405 -0.626113 2.639565
v -1.877814 -0.602624 2.639565
v -1.852222 -0.579134 2.639565
v -1.826631 -0.555645 2.639565
v -1.852222 -0.530774 2.639565
v -1.877814 -0.505903 2.639565
v -1.903405 -0.481031 2.639565
v -1.928997 -0.456160 2.639565
v -1.951130 -0.480341 2.639565
v -1.973263 -0.504521 2.639565
v -1.995396 -0.528701 2.639565
v -2.017529 -0.552881 2.284239
v -1.995396 -0.577062 2.285422
v -1.973263 -0.601242 2.288776
v -1.951130 -0.625422 2.294249
v -1.928997 -0.649602 2.301682
v -1.903405 -0.626113 2.328400
v -1.877814 -0.602624 2.371348
v -1.852222 -0.579134 2.440483
v -1.826631 -0.555645 2.639565
v -1.852222 -0.530774 2.487863
v -1.877814 -0.505903 2.429104
v -1.903405 -0.481031 2.387404
v -1.928997 -0.456160 2.355535
v -1.951130 -0.480341 2.322612
v -1.973263 -0.504521 2.300856
v -1.995396 -0.528701 2.288360
v 1.814274 -0.552881 2.639565
v 1.832949 -0.573607 2.639565
v 1.851624 -0.594333 2.639565
v 1.870299 -0.615059 2.639565
v 1.888974 -0.635785 2.639565
v 1.914565 -0.615059 2.639565
v 1.940157 -0.594333 2.639565
v 1.965748 -0.573607 2.639565
v 1.991340 -0.552881 2.639565
v 1.969207 -0.528701 2.639565
v 1.947073 -0.504521 2.639565
v 1.924940 -0.480341 2.639565
v 1.902807 -0.456160 2.639565
v 1.880674 -0.480341 2.639565
v 1.858541 -0.504521 2.639565
v 1.836408 -0.528701 2.639565
v 1.814274 -0.552881 2.639565
v 1.832949 -0.573607 2.457751
v 1.851624 -0.594333 2.392121
v 1.870299 -0.615059 2.348991
v 1.888974 -0.635785 2.319246
v 1.914565 -0.615059 2.303895
v 1.940157 -0.594333 2.293023
v 1.965748 -0.573607 2.286456
v 1.991340 -0.552881 2.284239
v 1.969207 -0.528701 2.289009
v 1.947073 -0.504521 2.303568
v 1.924940 -0.480341 2.329132
v 1.902807 -0.456160 2.368558
v 1.880674 -0.480341 2.400159
v 1.858541 -0.504521 2.440651
v 1.836408 -0.528701 2.496753
v -1.650446 -0.262718 2.233478
v -1.661292 -0.235084 2.233478
v -1.672139 -0.207449 2.233478
v -1.682985 -0.179815 2.233478
v -1.693832 -0.152180 2.233478
v -1.685261 -0.045547 2.233478
v -1.676691 0.061087 2.233478
v -1.668120 0.167720 2.233478
v -1.659549 0.274354 2.233478
v -1.688870 0.264441 2.233478
v -1.718190 0.254529 2.233478
v -1.747511 0.244616 2.233478
v -1.776831 0.234704 2.233478
v -1.872511 0.233552 2.233478
v -1.968191 0.232401 2.233478
v -2.063871 0.231250 2.233478
v -2.159550 0.230098 2.233478
v -2.158282 0.120711 2.233478
v -2.157014 0.011324 2.233478
v -2.155746 -0.098062 2.233478
v -2.154478 -0.207449 2.233478
v -2.056608 -0.207449 2.233478
v -1.958738 -0.207449 2.233478
v -1.860868 -0.207449 2.233478
v -1.762998 -0.207449 2.233478
v -1.734860 -0.221267 2.233478
v -1.706722 -0.235084 2.233478
v -1.678584 -0.248901 2.233478
v -1.650446 -0.262718 2.233478
v -1.661292 -0.235084 2.089686
v -1.672139 -0.207449 2.026987
v -1.682985 -0.179815 1.977103
v -1.693832 -0.152180 1.933558
v -1.685261 -0.045547 2.020398
v -1.676691 0.061087 2.090094
v -1.668120 0.167720 2.104886
v -1.659549 0.274354 2.049622
v -1.688870 0.264441 1.893193
v -1.718190 0.254529 1.793631
v -1.747511 0.244616 1.717069
v -1.776831 0.234704 1.654312
v -1.872511 0.233552 1.502927
v -1.968191 0.232401 1.411660
v -2.063871 0.231250 1.361363
v -2.159550 0.230098 1.345163
v -2.158282 0.120711 1.345362
v -2.157014 0.011324 1.345597
v -2.155746 -0.098062 1.345541
v -2.154478 -0.207449 1.345307
v -2.056608 -0.207449 1.364863
v -1.958738 -0.207449 1.420854
v -1.860868 -0.207449 1.521662
v -1.762998 -0.207449 1.691565
v -1.734860 -0.221267 1.758293
v -1.706722 -0.235084 1.840747
v -1.678584 -0.248901 1.952594
v 1.638089 -0.262718 2.233478
v 1.666227 -0.248901 2.233478
v 1.694365 -0.235084 2.233478
v 1.722504 -0.221267 2.233478
v 1.750642 -0.207449 2.233478
v 1.848512 -0.207449 2.233478
v 1.946382 -0.207449 2.233478
v 2.044252 -0.207449 2.233478
v 2.142122 -0.207449 2.233478
v 2.143390 -0.098062 2.233478
v 2.144658 0.011324 2.233478
v 2.145926 0.120711 2.233478
v 2.147194 0.230098 2.233478
v 2.048056 0.231250 2.233478
v 1.948918 0.232401 2.233478
v 1.849780 0.233552 2.233478
v 1.750642 0.234704 2.233478
v 1.722975 0.245517 2.233478
v 1.695309 0.256331 2.233478
v 1.667642 0.267145 2.233478
v 1.639976 0.277958 2.233478
v 1.650351 0.249873 2.233478
v 1.660726 0.221788 2.233478
v 1.671100 0.193703 2.233478
v 1.681475 0.165617 2.233478
v 1.681475 0.086168 2.233478
v 1.681475 0.006719 2.233478
v 1.681475 -0.072731 2.233478
v 1.681475 -0.152180 2.233478
v 1.670629 -0.179815 2.233478
v 1.659782 -0.207449 2.233478
v 1.648936 -0.235084 2.233478
v 1.638089 -0.262718 2.233478
v 1.666227 -0.248901 1.952680
v 1.694365 -0.235084 1.840852
v 1.722504 -0.221267 1.758409
v 1.750642 -0.207449 1.691688
v 1.848512 -0.207449 1.521721
v 1.946382 -0.207449 1.420881
v 2.044252 -0.207449 1.364873
v 2.142122 -0.207449 1.345308
v 2.143390 -0.098062 1.345545
v 2.144658 0.011324 1.345601
v 2.145926 0.120711 1.345363
v 2.147194 0.230098 1.345163
v 2.048056 0.231250 1.362570
v 1.948918 0.232401 1.416728
v 1.849780 0.233552 1.515933
v 1.750642 0.234704 1.684016
v 1.722975 0.245517 1.748014
v 1.695309 0.256331 1.826750
v 1.667642 0.267145 1.931267
v 1.639976 0.277958 2.117023
v 1.650351 0.249873 2.055822
v 1.660726 0.221788 2.007720
v 1.671100 0.193703 1.965879
v 1.681475 0.165617 1.927713
v 1.681475 0.086168 1.958303
v 1.681475 0.006719 1.970404
v 1.681475 -0.072731 1.961754
v 1.681475 -0.152180 1.934059
v 1.670629 -0.179815 1.977581
v 1.659782 -0.207449 2.027401
v 1.648936 -0.235084 2.090003
v -0.607059 -0.241992 3.857826
v -0.607059 -0.117637 3.857826
v -0.607059 0.006719 3.857826
v -0.607059 0.131074 3.857826
v -0.607059 0.255430 3.857826
v -0.667795 0.193252 3.857826
v -0.728532 0.131074 3.857826
v -0.789269 0.068896 3.857826
v -0.850005 0.006719 3.857826
v -0.789269 -0.055459 3.857826
v -0.728532 -0.117637 3.857826
v -0.667795 -0.179815 3.857826
v -0.607059 -0.241992 3.648946
v -0.607059 -0.117637 3.750958
v -0.607059 0.006719 3.857826
v -0.607059 0.131074 3.739227
v -0.607059 0.255430 3.639085
v -0.667795 0.193252 3.584061
v -0.728532 0.131074 3.540896
v -0.789269 0.068896 3.512716
v -0.850005 0.006719 3.502500
v -0.789269 -0.055459 3.513098
v -0.728532 -0.117637 3.542576
v -0.667795 -0.179815 3.588502
v 0.584039 -0.244295 3.857826
v 0.647442 -0.181542 3.857826
v 0.710844 -0.118788 3.857826
v 0.774246 -0.056035 3.857826
v 0.837649 0.006719 3.857826
v 0.775183 0.067601 3.857826
v 0.712717 0.128484 3.857826
v 0.650252 0.189366 3.857826
v 0.587786 0.250248 3.857826
v 0.586849 0.126612 3.857826
v 0.585913 0.002977 3.857826
v 0.584976 -0.120659 3.857826
v 0.584039 -0.244295 3.650834
v 0.647442 -0.181542 3.589816
v 0.710844 -0.118788 3.543210
v 0.774246 -0.056035 3.513256
v 0.837649 0.006719 3.502500
v 0.775183 0.067601 3.512608
v 0.712717 0.128484 3.540670
v 0.650252 0.189366 3.584007
v 0.587786 0.250248 3.639911
v 0.586849 0.126612 3.739334
v 0.585913 0.002977 3.857826
v 0.584976 -0.120659 3.752272
v -0.850005 0.006719 3.451739
v -0.789269 0.068896 3.451739
v -0.728532 0.131074 3.451739
v -0.667795 0.193252 3.451739
v -0.607059 0.255430 3.451739
v -0.606092 0.343515 3.451739
v -0.605125 0.431600 3.451739
v -0.604158 0.519685 3.451739
v -0.603191 0.607771 3.451739
v -0.793620 0.596640 3.451739
v -0.984050 0.585509 3.451739
v -1.174479 0.574379 3.451739
v -1.364908 0.563248 3.451739
v -1.236183 0.424116 3.451739
v -1.107457 0.284983 3.451739
v -0.978731 0.145851 3.451739
v -0.850005 0.006719 2.994975
v -0.789269 0.068896 3.062444
v -0.728532 0.131074 3.142323
v -0.667795 0.193252 3.241657
v -0.607059 0.255430 3.451739
v -0.606092 0.343515 3.237563
v -0.605125 0.431600 3.136988
v -0.604158 0.519685 3.056435
v -0.603191 0.607771 2.988521
v -0.793620 0.596640 2.878679
v -0.984050 0.585509 2.802125
v -1.174479 0.574379 2.756463
v -1.364908 0.563248 2.741087
v -1.236183 0.424116 2.756559
v -1.107457 0.284983 2.802709
v -0.978731 0.145851 2.880856
v 0.837649 0.006719 3.451739
v 0.966722 0.147622 3.451739
v 1.095794 0.288524 3.451739
v 1.224867 0.429427 3.451739
v 1.353940 0.570330 3.451739
v 1.162618 0.579690 3.451739
v 0.971295 0.589050 3.451739
v 0.779973 0.598411 3.451739
v 0.588651 0.607771 3.451739
v 0.588434 0.518390 3.451739
v 0.588218 0.429010 3.451739
v 0.588002 0.339629 3.451739
v 0.587786 0.250248 3.451739
v 0.650252 0.189366 3.451739
v 0.712717 0.128484 3.451739
v 0.775183 0.067601 3.451739
v 0.837649 0.006719 2.990337
v 0.966722 0.147622 2.878833
v 1.095794 0.288524 2.801941
v 1.224867 0.429427 2.756366
v 1.353940 0.570330 2.741087
v 1.162618 0.579690 2.756153
v 0.971295 0.589050 2.800882
v 0.779973 0.598411 2.875638
v 0.588651 0.607771 2.982090
v 0.588434 0.518390 3.050112
v 0.588218 0.429010 3.131421
v 0.588002 0.339629 3.233467
v 0.587786 0.250248 3.451739
v 0.650252 0.189366 3.238124
v 0.712717 0.128484 3.137977
v 0.775183 0.067601 3.057858
v -2.159550 0.230098 2.233478
v -2.063871 0.231250 2.233478
v -1.968191 0.232401 2.233478
v -1.872511 0.233552 2.233478
v -1.776831 0.234704 2.233478
v -1.747511 0.244616 2.233478
v -1.718190 0.254529 2.233478
v -1.688870 0.264441 2.233478
v -1.659549 0.274354 2.233478
v -1.648523 0.327195 2.233478
v -1.637497 0.380036 2.233478
v -1.626470 0.432877 2.233478
v -1.615444 0.485718 2.233478
v -1.638499 0.505868 2.233478
v -1.661554 0.526018 2.233478
v -1.684610 0.546169 2.233478
v -1.707665 0.566319 2.233478
v -1.739366 0.567470 2.233478
v -1.771067 0.568622 2.233478
v -1.802768 0.569773 2.233478
v -1.834470 0.570925 2.233478
v -1.854643 0.549047 2.233478
v -1.874817 0.527170 2.233478
v -1.894990 0.505292 2.233478
v -1.915163 0.483415 2.233478
v -1.940755 0.504141 2.233478
v -1.966346 0.524867 2.233478
v -1.991938 0.545593 2.233478
v -2.017529 0.566319 2.233478
v -2.129456 0.566319 2.233478
v -2.241383 0.566319 2.233478
v -2.353311 0.566319 2.233478
v -2.465238 0.566319 2.233478
v -2.388816 0.482264 2.233478
v -2.312394 0.398208 2.233478
v -2.235972 0.314153 2.233478
v -2.159550 0.230098 1.427963
v -2.063871 0.231250 1.482126
v -1.968191 0.232401 1.554840
v -1.872511 0.233552 1.653008
v -1.776831 0.234704 1.793348
v -1.747511 0.244616 1.848551
v -1.718190 0.254529 1.915644
v -1.688870 0.264441 2.004368
v -1.659549 0.274354 2.183576
v -1.648523 0.327195 2.233478
v -1.637497 0.380036 2.209712
v -1.626470 0.432877 2.167279
v -1.615444 0.485718 2.126702
v -1.638499 0.505868 1.984274
v -1.661554 0.526018 1.899983
v -1.684610 0.546169 1.835027
v -1.707665 0.566319 1.780979
v -1.739366 0.567470 1.730952
v -1.771067 0.568622 1.687345
v -1.802768 0.569773 1.648664
v -1.834470 0.570925 1.613970
v -1.854643 0.549047 1.600330
v -1.874817 0.527170 1.586878
v -1.894990 0.505292 1.573636
v -1.915163 0.483415 1.560738
v -1.940755 0.504141 1.534992
v -1.966346 0.524867 1.511405
v -1.991938 0.545593 1.489763
v -2.017529 0.566319 1.470121
v -2.129456 0.566319 1.413356
v -2.241383 0.566319 1.374905
v -2.353311 0.566319 1.352565
v -2.465238 0.566319 1.345163
v -2.388816 0.482264 1.350480
v -2.312394 0.398208 1.366126
v -2.235972 0.314153 1.391865
v -1.659549 0.274354 2.639565
v -1.612787 0.288621 2.639565
v -1.566025 0.302889 2.639565
v -1.519263 0.317157 2.639565
v -1.472500 0.331425 2.639565
v -1.451750 0.355605 2.639565
v -1.431001 0.379785 2.639565
v -1.410251 0.403966 2.639565
v -1.389501 0.428146 2.639565
v -1.383353 0.461922 2.639565
v -1.377205 0.495697 2.639565
v -1.371057 0.529473 2.639565
v -1.364908 0.563248 2.639565
v -1.405640 0.564016 2.639565
v -1.446371 0.564784 2.639565
v -1.487102 0.565551 2.639565
v -1.527833 0.566319 2.639565
v -1.549736 0.546169 2.639565
v -1.571638 0.526018 2.639565
v -1.593541 0.505868 2.639565
v -1.615444 0.485718 2.639565
v -1.626470 0.432877 2.639565
v -1.637497 0.380036 2.639565
v -1.648523 0.327195 2.639565
v -1.659549 0.274354 2.284321
v -1.612787 0.288621 2.292032
v -1.566025 0.302889 2.313042
v -1.519263 0.317157 2.349910
v -1.472500 0.331425 2.409608
v -1.451750 0.355605 2.438927
v -1.431001 0.379785 2.474791
v -1.410251 0.403966 2.522590
v -1.389501 0.428146 2.639565
v -1.383353 0.461922 2.570426
v -1.377205 0.495697 2.538036
v -1.371057 0.529473 2.511096
v -1.364908 0.563248 2.486972
v -1.405640 0.564016 2.400518
v -1.446371 0.564784 2.349135
v -1.487102 0.565551 2.315750
v -1.527833 0.566319 2.295244
v -1.549736 0.546169 2.290575
v -1.571638 0.526018 2.287134
v -1.593541 0.505868 2.284985
v -1.615444 0.485718 2.284239
v -1.626470 0.432877 2.284303
v -1.637497 0.380036 2.284362
v -1.648523 0.327195 2.284379
v 1.639976 0.277958 2.233478
v 1.667642 0.267145 2.233478
v 1.695309 0.256331 2.233478
v 1.722975 0.245517 2.233478
v 1.750642 0.234704 2.233478
v 1.849780 0.233552 2.233478
v 1.948918 0.232401 2.233478
v 2.048056 0.231250 2.233478
v 2.147194 0.230098 2.233478
v 2.224814 0.314153 2.233478
v 2.302434 0.398208 2.233478
v 2.380053 0.482264 2.233478
v 2.457673 0.566319 2.233478
v 2.341090 0.566319 2.233478
v 2.224506 0.566319 2.233478
v 2.107923 0.566319 2.233478
v 1.991340 0.566319 2.233478
v 1.965748 0.545593 2.233478
v 1.940157 0.524867 2.233478
v 1.914565 0.504141 2.233478
v 1.888974 0.483415 2.233478
v 1.870299 0.504141 2.233478
v 1.851624 0.524867 2.233478
v 1.832949 0.545593 2.233478
v 1.814274 0.566319 2.233478
v 1.784533 0.566319 2.233478
v 1.754792 0.566319 2.233478
v 1.725050 0.566319 2.233478
v 1.695309 0.566319 2.233478
v 1.672253 0.546169 2.233478
v 1.649198 0.526018 2.233478
v 1.626143 0.505868 2.233478
v 1.603087 0.485718 2.233478
v 1.612309 0.433778 2.233478
v 1.621531 0.381838 2.233478
v 1.630754 0.329898 2.233478
v 1.639976 0.277958 2.233478
v 1.667642 0.267145 2.018710
v 1.695309 0.256331 1.931434
v 1.722975 0.245517 1.865800
v 1.750642 0.234704 1.811896
v 1.849780 0.233552 1.662352
v 1.948918 0.232401 1.559504
v 2.048056 0.231250 1.484125
v 2.147194 0.230098 1.428315
v 2.224814 0.314153 1.392032
v 2.302434 0.398208 1.366195
v 2.380053 0.482264 1.350494
v 2.457673 0.566319 1.345163
v 2.341090 0.566319 1.352984
v 2.224506 0.566319 1.376724
v 2.107923 0.566319 1.417545
v 1.991340 0.566319 1.478054
v 1.965748 0.545593 1.498401
v 1.940157 0.524867 1.520563
v 1.914565 0.504141 1.544708
v 1.888974 0.483415 1.571203
v 1.870299 0.504141 1.583318
v 1.851624 0.524867 1.595576
v 1.832949 0.545593 1.607956
v 1.814274 0.566319 1.620503
v 1.784533 0.566319 1.652871
v 1.754792 0.566319 1.688634
v 1.725050 0.566319 1.728480
v 1.695309 0.566319 1.773736
v 1.672253 0.546169 1.825722
v 1.649198 0.526018 1.887855
v 1.626143 0.505868 1.966753
v 1.603087 0.485718 2.087668
v 1.612309 0.433778 2.126701
v 1.621531 0.381838 2.166215
v 1.630754 0.329898 2.207201
v 1.639976 0.277958 2.639565
v 1.630754 0.329898 2.639565
v 1.621531 0.381838 2.639565
v 1.612309 0.433778 2.639565
v 1.603087 0.485718 2.639565
v 1.581185 0.505868 2.639565
v 1.559282 0.526018 2.639565
v 1.537379 0.546169 2.639565
v 1.515477 0.566319 2.639565
v 1.475093 0.567322 2.639565
v 1.434709 0.568325 2.639565
v 1.394324 0.569327 2.639565
v 1.353940 0.570330 2.639565
v 1.359741 0.531330 2.639565
v 1.365542 0.492329 2.639565
v 1.371343 0.453329 2.639565
v 1.377144 0.414329 2.639565
v 1.397894 0.393603 2.639565
v 1.418644 0.372877 2.639565
v 1.439394 0.352151 2.639565
v 1.460144 0.331425 2.639565
v 1.505102 0.318058 2.639565
v 1.550060 0.304691 2.639565
v 1.595018 0.291325 2.639565
v 1.639976 0.277958 2.284687
v 1.630754 0.329898 2.284652
v 1.621531 0.381838 2.284523
v 1.612309 0.433778 2.284334
v 1.603087 0.485718 2.284239
v 1.581185 0.505868 2.284958
v 1.559282 0.526018 2.287017
v 1.537379 0.546169 2.290299
v 1.515477 0.566319 2.294784
v 1.475093 0.567322 2.313838
v 1.434709 0.568325 2.344411
v 1.394324 0.569327 2.390531
v 1.353940 0.570330 2.463808
v 1.359741 0.531330 2.490916
v 1.365542 0.492329 2.521586
v 1.371343 0.453329 2.558782
v 1.377144 0.414329 2.639565
v 1.397894 0.393603 2.518757
v 1.418644 0.372877 2.470076
v 1.439394 0.352151 2.433954
v 1.460144 0.331425 2.404708
v 1.505102 0.318058 2.349397
v 1.550060 0.304691 2.314304
v 1.595018 0.291325 2.293478
v -0.607059 0.255430 3.857826
v -0.517868 0.343312 3.857826
v -0.428676 0.431194 3.857826
v -0.339485 0.519076 3.857826
v -0.250294 0.606958 3.857826
v -0.338518 0.607161 3.857826
v -0.426743 0.607364 3.857826
v -0.514967 0.607567 3.857826
v -0.603191 0.607771 3.857826
v -0.604158 0.519685 3.857826
v -0.605125 0.431600 3.857826
v -0.606092 0.343515 3.857826
v -0.607059 0.255430 3.642903
v -0.517868 0.343312 3.743079
v -0.428676 0.431194 3.857826
v -0.339485 0.519076 3.747849
v -0.250294 0.606958 3.646852
v -0.338518 0.607161 3.587521
v -0.426743 0.607364 3.542173
v -0.514967 0.607567 3.513003
v -0.603191 0.607771 3.502500
v -0.604158 0.519685 3.512836
v -0.605125 0.431600 3.541471
v -0.606092 0.343515 3.585712
v 0.587786 0.250248 3.857826
v 0.588002 0.339629 3.857826
v 0.588218 0.429010 3.857826
v 0.588434 0.518390 3.857826
v 0.588651 0.607771 3.857826
v 0.502803 0.605129 3.857826
v 0.416956 0.602488 3.857826
v 0.331108 0.599846 3.857826
v 0.245261 0.597204 3.857826
v 0.330892 0.510465 3.857826
v 0.416523 0.423726 3.857826
v 0.502155 0.336987 3.857826
v 0.587786 0.250248 3.655830
v 0.588002 0.339629 3.591901
v 0.588218 0.429010 3.543963
v 0.588434 0.518390 3.513412
v 0.588651 0.607771 3.502500
v 0.502803 0.605129 3.512522
v 0.416956 0.602488 3.540570
v 0.331108 0.599846 3.584496
v 0.245261 0.597204 3.642710
v 0.330892 0.510465 3.740456
v 0.416523 0.423726 3.857826
v 0.502155 0.336987 3.756034
v -1.615444 0.485718 2.233478
v -1.593541 0.505868 2.233478
v -1.571638 0.526018 2.233478
v -1.549736 0.546169 2.233478
v -1.527833 0.566319 2.233478
v -1.487102 0.565551 2.233478
v -1.446371 0.564784 2.233478
v -1.405640 0.564016 2.233478
v -1.364908 0.563248 2.233478
v -1.391806 0.591650 2.233478
v -1.418704 0.620053 2.233478
v -1.445602 0.648455 2.233478
v -1.472500 0.676857 2.233478
v -1.459997 0.722693 2.233478
v -1.447494 0.768529 2.233478
v -1.434991 0.814366 2.233478
v -1.422488 0.860202 2.233478
v -1.469574 0.848909 2.233478
v -1.516660 0.837616 2.233478
v -1.563746 0.826323 2.233478
v -1.610832 0.815030 2.233478
v -1.630545 0.835756 2.233478
v -1.650257 0.856482 2.233478
v -1.669970 0.877208 2.233478
v -1.689682 0.897934 2.233478
v -1.718386 0.897934 2.233478
v -1.747090 0.897934 2.233478
v -1.775794 0.897934 2.233478
v -1.804498 0.897934 2.233478
v -1.809397 0.931325 2.233478
v -1.814296 0.964717 2.233478
v -1.819195 0.998109 2.233478
v -1.824095 1.031501 2.233478
v -1.901979 1.110159 2.233478
v -1.979863 1.188816 2.233478
v -2.057747 1.267474 2.233478
v -2.135631 1.346132 2.233478
v -2.142763 1.240991 2.233478
v -2.149896 1.135850 2.233478
v -2.157029 1.030709 2.233478
v -2.164162 0.925568 2.233478
v -2.239431 0.835756 2.233478
v -2.314700 0.745944 2.233478
v -2.389969 0.656131 2.233478
v -2.465238 0.566319 2.233478
v -2.353311 0.566319 2.233478
v -2.241383 0.566319 2.233478
v -2.129456 0.566319 2.233478
v -2.017529 0.566319 2.233478
v -1.995396 0.590499 2.233478
v -1.973263 0.614679 2.233478
v -1.951130 0.638860 2.233478
v -1.928997 0.663040 2.233478
v -1.905365 0.640011 2.233478
v -1.881733 0.616982 2.233478
v -1.858101 0.593953 2.233478
v -1.834470 0.570925 2.233478
v -1.802768 0.569773 2.233478
v -1.771067 0.568622 2.233478
v -1.739366 0.567470 2.233478
v -1.707665 0.566319 2.233478
v -1.684610 0.546169 2.233478
v -1.661554 0.526018 2.233478
v -1.638499 0.505868 2.233478
v -1.615444 0.485718 1.700907
v -1.593541 0.505868 1.718202
v -1.571638 0.526018 1.735917
v -1.549736 0.546169 1.754061
v -1.527833 0.566319 1.772645
v -1.487102 0.565551 1.830829
v -1.446371 0.564784 1.901887
v -1.405640 0.564016 1.997171
v -1.364908 0.563248 2.233478
v -1.391806 0.591650 2.004069
v -1.418704 0.620053 1.911364
v -1.445602 0.648455 1.841994
v -1.472500 0.676857 1.785010
v -1.459997 0.722693 1.773125
v -1.447494 0.768529 1.759765
v -1.434991 0.814366 1.745158
v -1.422488 0.860202 1.729613
v -1.469574 0.848909 1.689476
v -1.516660 0.837616 1.652944
v -1.563746 0.826323 1.619465
v -1.610832 0.815030 1.588665
v -1.630545 0.835756 1.567919
v -1.650257 0.856482 1.548439
v -1.669970 0.877208 1.530146
v -1.689682 0.897934 1.513126
v -1.718386 0.897934 1.498165
v -1.747090 0.897934 1.484051
v -1.775794 0.897934 1.470749
v -1.804498 0.897934 1.458228
v -1.809397 0.931325 1.449288
v -1.814296 0.964717 1.440614
v -1.819195 0.998109 1.432222
v -1.824095 1.031501 1.424131
v -1.901979 1.110159 1.389214
v -1.979863 1.188816 1.364825
v -2.057747 1.267474 1.350309
v -2.135631 1.346132 1.345210
v -2.142763 1.240991 1.346345
v -2.149896 1.135850 1.349044
v -2.157029 1.030709 1.352951
v -2.164162 0.925568 1.357672
v -2.239431 0.835756 1.352987
v -2.314700 0.745944 1.349007
v -2.389969 0.656131 1.346240
v -2.465238 0.566319 1.345163
v -2.353311 0.566319 1.349989
v -2.241383 0.566319 1.364363
v -2.129456 0.566319 1.388882
v -2.017529 0.566319 1.424146
v -1.995396 0.590499 1.429874
v -1.973263 0.614679 1.435561
v -1.951130 0.638860 1.441365
v -1.928997 0.663040 1.447150
v -1.905365 0.640011 1.460894
v -1.881733 0.616982 1.475615
v -1.858101 0.593953 1.491430
v -1.834470 0.570925 1.508450
v -1.802768 0.569773 1.527385
v -1.771067 0.568622 1.547853
v -1.739366 0.567470 1.569892
v -1.707665 0.566319 1.593699
v -1.684610 0.546169 1.617484
v -1.661554 0.526018 1.643105
v -1.638499 0.505868 1.670774
v 1.603087 0.485718 2.233478
v 1.626143 0.505868 2.233478
v 1.649198 0.526018 2.233478
v 1.672253 0.546169 2.233478
v 1.695309 0.566319 2.233478
v 1.725050 0.566319 2.233478
v 1.754792 0.566319 2.233478
v 1.784533 0.566319 2.233478
v 1.814274 0.566319 2.233478
v 1.836408 0.590499 2.233478
v 1.858541 0.614679 2.233478
v 1.880674 0.638860 2.233478
v 1.902807 0.663040 2.233478
v 1.924940 0.638860 2.233478
v 1.947073 0.614679 2.233478
v 1.969207 0.590499 2.233478
v 1.991340 0.566319 2.233478
v 2.107923 0.566319 2.233478
v 2.224506 0.566319 2.233478
v 2.341090 0.566319 2.233478
v 2.457673 0.566319 2.233478
v 2.381206 0.652677 2.233478
v 2.304739 0.739035 2.233478
v 2.228272 0.825393 2.233478
v 2.151805 0.911751 2.233478
v 2.143928 1.018643 2.233478
v 2.136051 1.125535 2.233478
v 2.128173 1.232427 2.233478
v 2.120296 1.339319 2.233478
v 2.044021 1.262365 2.233478
v 1.967746 1.185410 2.233478
v 1.891471 1.108455 2.233478
v 1.815197 1.031501 2.233478
v 1.812891 0.998109 2.233478
v 1.810586 0.964717 2.233478
v 1.808280 0.931325 2.233478
v 1.805974 0.897934 2.233478
v 1.774504 0.897934 2.233478
v 1.743033 0.897934 2.233478
v 1.711563 0.897934 2.233478
v 1.680092 0.897934 2.233478
v 1.656230 0.877208 2.233478
v 1.632367 0.856482 2.233478
v 1.608505 0.835756 2.233478
v 1.584643 0.815030 2.233478
v 1.558129 0.813303 2.233478
v 1.531615 0.811576 2.233478
v 1.505102 0.809848 2.233478
v 1.478588 0.808121 2.233478
v 1.473977 0.775305 2.233478
v 1.469366 0.742489 2.233478
v 1.464755 0.709673 2.233478
v 1.460144 0.676857 2.233478
v 1.433593 0.650225 2.233478
v 1.407042 0.623594 2.233478
v 1.380491 0.596962 2.233478
v 1.353940 0.570330 2.233478
v 1.394324 0.569327 2.233478
v 1.434709 0.568325 2.233478
v 1.475093 0.567322 2.233478
v 1.515477 0.566319 2.233478
v 1.537379 0.546169 2.233478
v 1.559282 0.526018 2.233478
v 1.581185 0.505868 2.233478
v 1.603087 0.485718 1.705900
v 1.626143 0.505868 1.675328
v 1.649198 0.526018 1.647317
v 1.672253 0.546169 1.621258
v 1.695309 0.566319 1.597262
v 1.725050 0.566319 1.574821
v 1.754792 0.566319 1.554048
v 1.784533 0.566319 1.534627
v 1.814274 0.566319 1.516425
v 1.836408 0.590499 1.499556
v 1.858541 0.614679 1.483728
v 1.880674 0.638860 1.468875
v 1.902807 0.663040 1.454962
v 1.924940 0.638860 1.449039
v 1.947073 0.614679 1.443006
v 1.969207 0.590499 1.437068
v 1.991340 0.566319 1.431164
v 2.107923 0.566319 1.392591
v 2.224506 0.566319 1.366047
v 2.341090 0.566319 1.350376
v 2.457673 0.566319 1.345163
v 2.381206 0.652677 1.346334
v 2.304739 0.739035 1.349370
v 2.228272 0.825393 1.353753
v 2.151805 0.911751 1.359044
v 2.143928 1.018643 1.354082
v 2.136051 1.125535 1.349875
v 2.128173 1.232427 1.346795
v 2.120296 1.339319 1.345296
v 2.044021 1.262365 1.350929
v 1.967746 1.185410 1.365717
v 1.891471 1.108455 1.389916
v 1.815197 1.031501 1.424264
v 1.812891 0.998109 1.431485
v 1.810586 0.964717 1.438877
v 1.808280 0.931325 1.446413
v 1.805974 0.897934 1.454122
v 1.774504 0.897934 1.467591
v 1.743033 0.897934 1.482024
v 1.711563 0.897934 1.497404
v 1.680092 0.897934 1.513771
v 1.656230 0.877208 1.533325
v 1.632367 0.856482 1.554396
v 1.608505 0.835756 1.577131
v 1.584643 0.815030 1.601735
v 1.558129 0.813303 1.622655
v 1.531615 0.811576 1.645112
v 1.505102 0.809848 1.669026
v 1.478588 0.808121 1.694689
v 1.473977 0.775305 1.717097
v 1.469366 0.742489 1.740472
v 1.464755 0.709673 1.764877
v 1.460144 0.676857 1.790649
v 1.433593 0.650225 1.846829
v 1.407042 0.623594 1.915457
v 1.380491 0.596962 2.006878
v 1.353940 0.570330 2.233478
v 1.394324 0.569327 2.000563
v 1.434709 0.568325 1.906329
v 1.475093 0.567322 1.836198
v 1.515477 0.566319 1.778527
v 1.537379 0.546169 1.759708
v 1.559282 0.526018 1.741338
v 1.581185 0.505868 1.723405
v -1.364908 0.563248 2.639565
v -1.174479 0.574379 2.639565
v -0.984050 0.585509 2.639565
v -0.793620 0.596640 2.639565
v -0.603191 0.607771 2.639565
v -0.594836 0.796533 2.639565
v -0.586481 0.985295 2.639565
v -0.578126 1.174057 2.639565
v -0.569771 1.362818 2.639565
v -0.601788 1.339864 2.639565
v -0.633805 1.316909 2.639565
v -0.665822 1.293955 2.639565
v -0.697840 1.271000 2.639565
v -0.728964 1.271000 2.639565
v -0.760089 1.271000 2.639565
v -0.791214 1.271000 2.639565
v -0.822339 1.271000 2.639565
v -0.860933 1.292832 2.639565
v -0.899528 1.314663 2.639565
v -0.938123 1.336494 2.639565
v -0.976717 1.358326 2.639565
v -1.007289 1.343403 2.639565
v -1.037860 1.328480 2.639565
v -1.068432 1.313558 2.639565
v -1.099003 1.298635 2.639565
v -1.163558 1.237033 2.639565
v -1.228113 1.175431 2.639565
v -1.292668 1.113829 2.639565
v -1.357223 1.052227 2.639565
v -1.373539 1.004220 2.639565
v -1.389856 0.956214 2.639565
v -1.406172 0.908208 2.639565
v -1.422488 0.860202 2.639565
v -1.383116 0.852363 2.639565
v -1.343745 0.844525 2.639565
v -1.304373 0.836686 2.639565
v -1.265002 0.828847 2.639565
v -1.265002 0.801213 2.639565
v -1.265002 0.773578 2.639565
v -1.265002 0.745944 2.639565
v -1.265002 0.718309 2.639565
v -1.289978 0.679544 2.639565
v -1.314955 0.640779 2.639565
v -1.339932 0.602013 2.639565
v -1.364908 0.563248 2.298432
v -1.174479 0.574379 2.327117
v -0.984050 0.585509 2.374106
v -0.793620 0.596640 2.447573
v -0.603191 0.607771 2.639565
v -0.594836 0.796533 2.446762
v -0.586481 0.985295 2.373538
v -0.578126 1.174057 2.326838
v -0.569771 1.362818 2.298361
v -0.601788 1.339864 2.299390
v -0.633805 1.316909 2.300294
v -0.665822 1.293955 2.301127
v -0.697840 1.271000 2.301832
v -0.728964 1.271000 2.299835
v -0.760089 1.271000 2.297897
v -0.791214 1.271000 2.296069
v -0.822339 1.271000 2.294330
v -0.860933 1.292832 2.290774
v -0.899528 1.314663 2.287989
v -0.938123 1.336494 2.285974
v -0.976717 1.358326 2.284729
v -1.007289 1.343403 2.284590
v -1.037860 1.328480 2.284498
v -1.068432 1.313558 2.284396
v -1.099003 1.298635 2.284313
v -1.163558 1.237033 2.284326
v -1.228113 1.175431 2.284319
v -1.292668 1.113829 2.284289
v -1.357223 1.052227 2.284239
v -1.373539 1.004220 2.284312
v -1.389856 0.956214 2.284481
v -1.406172 0.908208 2.284707
v -1.422488 0.860202 2.284976
v -1.383116 0.852363 2.286320
v -1.343745 0.844525 2.288349
v -1.304373 0.836686 2.291067
v -1.265002 0.828847 2.294481
v -1.265002 0.801213 2.296042
v -1.265002 0.773578 2.297688
v -1.265002 0.745944 2.299421
v -1.265002 0.718309 2.301193
v -1.289978 0.679544 2.300748
v -1.314955 0.640779 2.300135
v -1.339932 0.602013 2.299371
v -1.364908 0.563248 2.639565
v -1.339932 0.602013 2.639565
v -1.314955 0.640779 2.639565
v -1.289978 0.679544 2.639565
v -1.265002 0.718309 2.639565
v -1.265002 0.745944 2.639565
v -1.265002 0.773578 2.639565
v -1.265002 0.801213 2.639565
v -1.265002 0.828847 2.639565
v -1.304373 0.836686 2.639565
v -1.343745 0.844525 2.639565
v -1.383116 0.852363 2.639565
v -1.422488 0.860202 2.639565
v -1.434991 0.814366 2.639565
v -1.447494 0.768529 2.639565
v -1.459997 0.722693 2.639565
v -1.472500 0.676857 2.639565
v -1.445602 0.648455 2.639565
v -1.418704 0.620053 2.639565
v -1.391806 0.591650 2.639565
v -1.364908 0.563248 2.480994
v -1.339932 0.602013 2.510284
v -1.314955 0.640779 2.541557
v -1.289978 0.679544 2.576508
v -1.265002 0.718309 2.639565
v -1.265002 0.745944 2.512079
v -1.265002 0.773578 2.461179
v -1.265002 0.801213 2.423810
v -1.265002 0.828847 2.393894
v -1.304373 0.836686 2.341157
v -1.343745 0.844525 2.308423
v -1.383116 0.852363 2.290144
v -1.422488 0.860202 2.284239
v -1.434991 0.814366 2.284892
v -1.447494 0.768529 2.286522
v -1.459997 0.722693 2.288840
v -1.472500 0.676857 2.291508
v -1.445602 0.648455 2.310273
v -1.418704 0.620053 2.342676
v -1.391806 0.591650 2.393919
v 1.353940 0.570330 2.639565
v 1.328617 0.603871 2.639565
v 1.303293 0.637411 2.639565
v 1.277969 0.670951 2.639565
v 1.252645 0.704492 2.639565
v 1.252645 0.732126 2.639565
v 1.252645 0.759761 2.639565
v 1.252645 0.787395 2.639565
v 1.252645 0.815030 2.639565
v 1.278006 0.838634 2.639565
v 1.303367 0.862239 2.639565
v 1.328728 0.885844 2.639565
v 1.354089 0.909448 2.639565
v 1.352936 0.943185 2.639565
v 1.351784 0.976922 2.639565
v 1.350631 1.010660 2.639565
v 1.349478 1.044397 2.639565
v 1.283770 1.107956 2.639565
v 1.218062 1.171516 2.639565
v 1.152355 1.235075 2.639565
v 1.086647 1.298635 2.639565
v 1.057251 1.313604 2.639565
v 1.027855 1.328572 2.639565
v 0.998460 1.343541 2.639565
v 0.969064 1.358510 2.639565
v 0.932752 1.336633 2.639565
v 0.896440 1.314755 2.639565
v 0.860128 1.292878 2.639565
v 0.823815 1.271000 2.639565
v 0.789232 1.271000 2.639565
v 0.754649 1.271000 2.639565
v 0.720066 1.271000 2.639565
v 0.685483 1.271000 2.639565
v 0.651641 1.294934 2.639565
v 0.617799 1.318867 2.639565
v 0.583957 1.342801 2.639565
v 0.550115 1.366734 2.639565
v 0.559749 1.176993 2.639565
v 0.569383 0.987253 2.639565
v 0.579017 0.797512 2.639565
v 0.588651 0.607771 2.639565
v 0.779973 0.598411 2.639565
v 0.971295 0.589050 2.639565
v 1.162618 0.579690 2.639565
v 1.353940 0.570330 2.298022
v 1.328617 0.603871 2.299228
v 1.303293 0.637411 2.300291
v 1.277969 0.670951 2.301278
v 1.252645 0.704492 2.302118
v 1.252645 0.732126 2.300280
v 1.252645 0.759761 2.298531
v 1.252645 0.787395 2.296842
v 1.252645 0.815030 2.295212
v 1.278006 0.838634 2.291919
v 1.303367 0.862239 2.289251
v 1.328728 0.885844 2.287150
v 1.354089 0.909448 2.285610
v 1.352936 0.943185 2.285027
v 1.351784 0.976922 2.284598
v 1.350631 1.010660 2.284332
v 1.349478 1.044397 2.284239
v 1.283770 1.107956 2.284288
v 1.218062 1.171516 2.284314
v 1.152355 1.235075 2.284318
v 1.086647 1.298635 2.284299
v 1.057251 1.313604 2.284342
v 1.027855 1.328572 2.284431
v 0.998460 1.343541 2.284512
v 0.969064 1.358510 2.284583
v 0.932752 1.336633 2.285651
v 0.896440 1.314755 2.287443
v 0.860128 1.292878 2.289959
v 0.823815 1.271000 2.293200
v 0.789232 1.271000 2.295044
v 0.754649 1.271000 2.297002
v 0.720066 1.271000 2.299056
v 0.685483 1.271000 2.301187
v 0.651641 1.294934 2.300435
v 0.617799 1.318867 2.299601
v 0.583957 1.342801 2.298626
v 0.550115 1.366734 2.297550
v 0.559749 1.176993 2.325691
v 0.569383 0.987253 2.372278
v 0.579017 0.797512 2.445653
v 0.588651 0.607771 2.639565
v 0.779973 0.598411 2.447248
v 0.971295 0.589050 2.373628
v 1.162618 0.579690 2.326615
v 1.353940 0.570330 2.639565
v 1.380491 0.596962 2.639565
v 1.407042 0.623594 2.639565
v 1.433593 0.650225 2.639565
v 1.460144 0.676857 2.639565
v 1.464755 0.709673 2.639565
v 1.469366 0.742489 2.639565
v 1.473977 0.775305 2.639565
v 1.478588 0.808121 2.639565
v 1.447463 0.833453 2.639565
v 1.416339 0.858785 2.639565
v 1.385214 0.884116 2.639565
v 1.354089 0.909448 2.639565
v 1.328728 0.885844 2.639565
v 1.303367 0.862239 2.639565
v 1.278006 0.838634 2.639565
v 1.252645 0.815030 2.639565
v 1.252645 0.787395 2.639565
v 1.252645 0.759761 2.639565
v 1.252645 0.732126 2.639565
v 1.252645 0.704492 2.639565
v 1.277969 0.670951 2.639565
v 1.303293 0.637411 2.639565
v 1.328617 0.603871 2.639565
v 1.353940 0.570330 2.464995
v 1.380491 0.596962 2.396831
v 1.407042 0.623594 2.352413
v 1.433593 0.650225 2.321794
v 1.460144 0.676857 2.301205
v 1.464755 0.709673 2.293911
v 1.469366 0.742489 2.288610
v 1.473977 0.775305 2.285372
v 1.478588 0.808121 2.284239
v 1.447463 0.833453 2.284889
v 1.416339 0.858785 2.286633
v 1.385214 0.884116 2.289329
v 1.354089 0.909448 2.292758
v 1.328728 0.885844 2.307458
v 1.303367 0.862239 2.330508
v 1.278006 0.838634 2.363945
v 1.252645 0.815030 2.412406
v 1.252645 0.787395 2.440861
v 1.252645 0.759761 2.475845
v 1.252645 0.732126 2.522947
v 1.252645 0.704492 2.639565
v 1.277969 0.670951 2.560475
v 1.303293 0.637411 2.523316
v 1.328617 0.603871 2.492425
v -2.465238 0.566319 1.218261
v -2.389969 0.656131 1.218261
v -2.314700 0.745944 1.218261
v -2.239431 0.835756 1.218261
v -2.164162 0.925568 1.218261
v -2.157029 1.030709 1.218261
v -2.149896 1.135850 1.218261
v -2.142763 1.240991 1.218261
v -2.135631 1.346132 1.218261
v -2.188874 1.397587 1.218261
v -2.242118 1.449042 1.218261
v -2.295361 1.500497 1.218261
v -2.348605 1.551952 1.218261
v -2.535929 1.550800 1.218261
v -2.723254 1.549649 1.218261
v -2.910579 1.548498 1.218261
v -3.097904 1.547346 1.218261
v -3.103092 1.485168 1.218261
v -3.108279 1.422991 1.218261
v -3.113467 1.360813 1.218261
v -3.118654 1.298635 1.218261
v -3.160442 1.251426 1.218261
v -3.202230 1.204217 1.218261
v -3.244018 1.157008 1.218261
v -3.285806 1.109799 1.218261
v -3.154678 0.975080 1.218261
v -3.023551 0.840362 1.218261
v -2.892423 0.705643 1.218261
v -2.761296 0.570925 1.218261
v -2.687281 0.569773 1.218261
v -2.613267 0.568622 1.218261
v -2.539252 0.567470 1.218261
v -2.465238 0.566319 0.643959
v -2.389969 0.656131 0.728452
v -2.314700 0.745944 0.826131
v -2.239431 0.835756 0.947699
v -2.164162 0.925568 1.218261
v -2.157029 1.030709 0.946529
v -2.149896 1.135850 0.827191
v -2.142763 1.240991 0.732662
v -2.135631 1.346132 0.651440
v -2.188874 1.397587 0.553657
v -2.242118 1.449042 0.474885
v -2.295361 1.500497 0.409474
v -2.348605 1.551952 0.354616
v -2.535929 1.550800 0.263613
v -2.723254 1.549649 0.201580
v -2.910579 1.548498 0.165003
v -3.097904 1.547346 0.152339
v -3.103092 1.485168 0.152649
v -3.108279 1.422991 0.153341
v -3.113467 1.360813 0.154446
v -3.118654 1.298635 0.155827
v -3.160442 1.251426 0.154376
v -3.202230 1.204217 0.153257
v -3.244018 1.157008 0.152537
v -3.285806 1.109799 0.152283
v -3.154678 0.975080 0.164281
v -3.023551 0.840362 0.200127
v -2.892423 0.705643 0.261347
v -2.761296 0.570925 0.351455
v -2.687281 0.569773 0.405646
v -2.613267 0.568622 0.470168
v -2.539252 0.567470 0.547745
v 2.457673 0.566319 1.218261
v 2.528530 0.566319 1.218261
v 2.599387 0.566319 1.218261
v 2.670244 0.566319 1.218261
v 2.741101 0.566319 1.218261
v 2.873323 0.702189 1.218261
v 3.005546 0.838059 1.218261
v 3.137768 0.973929 1.218261
v 3.269991 1.109799 1.218261
v 3.229068 1.153553 1.218261
v 3.188144 1.197308 1.218261
v 3.147221 1.241063 1.218261
v 3.106298 1.284818 1.218261
v 3.100764 1.350450 1.218261
v 3.095231 1.416082 1.218261
v 3.089698 1.481714 1.218261
v 3.084165 1.547346 1.218261
v 2.897185 1.548498 1.218261
v 2.710206 1.549649 1.218261
v 2.523227 1.550800 1.218261
v 2.336248 1.551952 1.218261
v 2.282260 1.498794 1.218261
v 2.228272 1.445636 1.218261
v 2.174284 1.392477 1.218261
v 2.120296 1.339319 1.218261
v 2.128173 1.232427 1.218261
v 2.136051 1.125535 1.218261
v 2.143928 1.018643 1.218261
v 2.151805 0.911751 1.218261
v 2.228272 0.825393 1.218261
v 2.304739 0.739035 1.218261
v 2.381206 0.652677 1.218261
v 2.457673 0.566319 0.630506
v 2.528530 0.566319 0.541184
v 2.599387 0.566319 0.468001
v 2.670244 0.566319 0.406631
v 2.741101 0.566319 0.354631
v 2.873323 0.702189 0.263070
v 3.005546 0.838059 0.200828
v 3.137768 0.973929 0.164458
v 3.269991 1.109799 0.152283
v 3.229068 1.153553 0.152540
v 3.188144 1.197308 0.153275
v 3.147221 1.241063 0.154430
v 3.106298 1.284818 0.155946
v 3.100764 1.350450 0.154483
v 3.095231 1.416082 0.153331
v 3.089698 1.481714 0.152602
v 3.084165 1.547346 0.152310
v 2.897185 1.548498 0.164515
v 2.710206 1.549649 0.200325
v 2.523227 1.550800 0.261243
v 2.336248 1.551952 0.350726
v 2.282260 1.498794 0.406023
v 2.228272 1.445636 0.472144
v 2.174284 1.392477 0.552034
v 2.120296 1.339319 0.651588
v 2.128173 1.232427 0.733299
v 2.136051 1.125535 0.828201
v 2.143928 1.018643 0.947563
v 2.151805 0.911751 1.218261
v 2.228272 0.825393 0.938429
v 2.304739 0.739035 0.814343
v 2.381206 0.652677 0.715529
v -2.017529 0.566319 2.639565
v -1.991938 0.545593 2.639565
v -1.966346 0.524867 2.639565
v -1.940755 0.504141 2.639565
v -1.915163 0.483415 2.639565
v -1.894990 0.505292 2.639565
v -1.874817 0.527170 2.639565
v -1.854643 0.549047 2.639565
v -1.834470 0.570925 2.639565
v -1.858101 0.593953 2.639565
v -1.881733 0.616982 2.639565
v -1.905365 0.640011 2.639565
v -1.928997 0.663040 2.639565
v -1.951130 0.638860 2.639565
v -1.973263 0.614679 2.639565
v -1.995396 0.590499 2.639565
v -2.017529 0.566319 2.284239
v -1.991938 0.545593 2.289640
v -1.966346 0.524867 2.306212
v -1.940755 0.504141 2.335758
v -1.915163 0.483415 2.382478
v -1.894990 0.505292 2.413229
v -1.874817 0.527170 2.451993
v -1.854643 0.549047 2.505229
v -1.834470 0.570925 2.639565
v -1.858101 0.593953 2.441911
v -1.881733 0.616982 2.373027
v -1.905365 0.640011 2.330017
v -1.928997 0.663040 2.302918
v -1.951130 0.638860 2.294968
v -1.973263 0.614679 2.289119
v -1.995396 0.590499 2.285502
v 1.814274 0.566319 2.639565
v 1.832949 0.545593 2.639565
v 1.851624 0.524867 2.639565
v 1.870299 0.504141 2.639565
v 1.888974 0.483415 2.639565
v 1.914565 0.504141 2.639565
v 1.940157 0.524867 2.639565
v 1.965748 0.545593 2.639565
v 1.991340 0.566319 2.639565
v 1.969207 0.590499 2.639565
v 1.947073 0.614679 2.639565
v 1.924940 0.638860 2.639565
v 1.902807 0.663040 2.639565
v 1.880674 0.638860 2.639565
v 1.858541 0.614679 2.639565
v 1.836408 0.590499 2.639565
v 1.814274 0.566319 2.639565
v 1.832949 0.545593 2.509301
v 1.851624 0.524867 2.457555
v 1.870299 0.504141 2.419596
v 1.888974 0.483415 2.389306
v 1.914565 0.504141 2.338988
v 1.940157 0.524867 2.307542
v 1.965748 0.545593 2.289942
v 1.991340 0.566319 2.284239
v 1.969207 0.590499 2.285548
v 1.947073 0.614679 2.289313
v 1.924940 0.638860 2.295372
v 1.902807 0.663040 2.303642
v 1.880674 0.638860 2.330956
v 1.858541 0.614679 2.374049
v 1.836408 0.590499 2.442820
v -0.603191 0.607771 3.451739
v -0.514967 0.607567 3.451739
v -0.426743 0.607364 3.451739
v -0.338518 0.607161 3.451739
v -0.250294 0.606958 3.451739
v -0.191299 0.668526 3.451739
v -0.132305 0.730094 3.451739
v -0.073310 0.791662 3.451739
v -0.014315 0.853231 3.451739
v -0.153179 0.980628 3.451739
v -0.292043 1.108025 3.451739
v -0.430907 1.235422 3.451739
v -0.569771 1.362818 3.451739
v -0.578126 1.174057 3.451739
v -0.586481 0.985295 3.451739
v -0.594836 0.796533 3.451739
v -0.603191 0.607771 2.987111
v -0.514967 0.607567 3.054953
v -0.426743 0.607364 3.135578
v -0.338518 0.607161 3.236425
v -0.250294 0.606958 3.451739
v -0.191299 0.668526 3.235884
v -0.132305 0.730094 3.136111
v -0.073310 0.791662 3.056754
v -0.014315 0.853231 2.990019
v -0.153179 0.980628 2.878271
v -0.292043 1.108025 2.801631
v -0.430907 1.235422 2.756274
v -0.569771 1.362818 2.741087
v -0.578126 1.174057 2.756224
v -0.586481 0.985295 2.801339
v -0.594836 0.796533 2.877249
v 0.245261 0.597204 3.451739
v 0.331108 0.599846 3.451739
v 0.416956 0.602488 3.451739
v 0.502803 0.605129 3.451739
v 0.588651 0.607771 3.451739
v 0.579017 0.797512 3.451739
v 0.569383 0.987253 3.451739
v 0.559749 1.176993 3.451739
v 0.550115 1.366734 3.451739
v 0.409007 1.238359 3.451739
v 0.267900 1.109983 3.451739
v 0.126792 0.981607 3.451739
v -0.014315 0.853231 3.451739
v 0.050579 0.789224 3.451739
v 0.115473 0.725218 3.451739
v 0.180367 0.661211 3.451739
v 0.245261 0.597204 3.451739
v 0.331108 0.599846 3.234820
v 0.416956 0.602488 3.134558
v 0.502803 0.605129 3.054905
v 0.588651 0.607771 2.988061
v 0.579017 0.797512 2.877601
v 0.569383 0.987253 2.801436
v 0.559749 1.176993 2.756237
v 0.550115 1.366734 2.741087
v 0.409007 1.238359 2.756092
v 0.267900 1.109983 2.800614
v 0.126792 0.981607 2.875026
v -0.014315 0.853231 2.980979
v 0.050579 0.789224 3.049691
v 0.115473 0.725218 3.131720
v 0.180367 0.661211 3.234274
v 0.245261 0.597204 3.857826
v 0.180367 0.661211 3.857826
v 0.115473 0.725218 3.857826
v 0.050579 0.789224 3.857826
v -0.014315 0.853231 3.857826
v -0.073310 0.791662 3.857826
v -0.132305 0.730094 3.857826
v -0.191299 0.668526 3.857826
v -0.250294 0.606958 3.857826
v -0.126405 0.604520 3.857826
v -0.002516 0.602081 3.857826
v 0.121372 0.599643 3.857826
v 0.245261 0.597204 3.658004
v 0.180367 0.661211 3.593591
v 0.115473 0.725218 3.544908
v 0.050579 0.789224 3.513684
v -0.014315 0.853231 3.502500
v -0.073310 0.791662 3.512212
v -0.132305 0.730094 3.539335
v -0.191299 0.668526 3.581548
v -0.250294 0.606958 3.636983
v -0.126405 0.604520 3.734945
v -0.002516 0.602081 3.857826
v 0.121372 0.599643 3.759977
v -1.422488 0.860202 2.233478
v -1.406172 0.908208 2.233478
v -1.389856 0.956214 2.233478
v -1.373539 1.004220 2.233478
v -1.357223 1.052227 2.233478
v -1.439300 1.134555 2.233478
v -1.521378 1.216883 2.233478
v -1.603455 1.299211 2.233478
v -1.685532 1.381539 2.233478
v -1.780981 1.381539 2.233478
v -1.876430 1.381539 2.233478
v -1.971880 1.381539 2.233478
v -2.067329 1.381539 2.233478
v -2.084404 1.372687 2.233478
v -2.101480 1.363835 2.233478
v -2.118555 1.354984 2.233478
v -2.135631 1.346132 2.233478
v -2.057747 1.267474 2.233478
v -1.979863 1.188816 2.233478
v -1.901979 1.110159 2.233478
v -1.824095 1.031501 2.233478
v -1.791529 1.032652 2.233478
v -1.758963 1.033804 2.233478
v -1.726398 1.034955 2.233478
v -1.693832 1.036107 2.233478
v -1.692794 1.001563 2.233478
v -1.691757 0.967020 2.233478
v -1.690719 0.932477 2.233478
v -1.689682 0.897934 2.233478
v -1.669970 0.877208 2.233478
v -1.650257 0.856482 2.233478
v -1.630545 0.835756 2.233478
v -1.610832 0.815030 2.233478
v -1.563746 0.826323 2.233478
v -1.516660 0.837616 2.233478
v -1.469574 0.848909 2.233478
v -1.422488 0.860202 2.233478
v -1.406172 0.908208 2.088414
v -1.389856 0.956214 2.022759
v -1.373539 1.004220 1.968902
v -1.357223 1.052227 1.921491
v -1.439300 1.134555 1.703477
v -1.521378 1.216883 1.572832
v -1.603455 1.299211 1.482750
v -1.685532 1.381539 1.419516
v -1.780981 1.381539 1.390078
v -1.876430 1.381539 1.368054
v -1.971880 1.381539 1.353355
v -2.067329 1.381539 1.346032
v -2.084404 1.372687 1.345710
v -2.101480 1.363835 1.345385
v -2.118555 1.354984 1.345274
v -2.135631 1.346132 1.345163
v -2.057747 1.267474 1.352182
v -1.979863 1.188816 1.373287
v -1.901979 1.110159 1.409596
v -1.824095 1.031501 1.462985
v -1.791529 1.032652 1.480066
v -1.758963 1.033804 1.498591
v -1.726398 1.034955 1.518563
v -1.693832 1.036107 1.540166
v -1.692794 1.001563 1.556025
v -1.691757 0.967020 1.572420
v -1.690719 0.932477 1.589340
v -1.689682 0.897934 1.606845
v -1.669970 0.877208 1.636242
v -1.650257 0.856482 1.668504
v -1.630545 0.835756 1.704090
v -1.610832 0.815030 1.743714
v -1.563746 0.826323 1.806206
v -1.516660 0.837616 1.882405
v -1.469574 0.848909 1.983862
v 1.478588 0.808121 2.233478
v 1.505102 0.809848 2.233478
v 1.531615 0.811576 2.233478
v 1.558129 0.813303 2.233478
v 1.584643 0.815030 2.233478
v 1.608505 0.835756 2.233478
v 1.632367 0.856482 2.233478
v 1.656230 0.877208 2.233478
v 1.680092 0.897934 2.233478
v 1.683896 0.932477 2.233478
v 1.687700 0.967020 2.233478
v 1.691505 1.001563 2.233478
v 1.695309 1.036107 2.233478
v 1.725281 1.034955 2.233478
v 1.755253 1.033804 2.233478
v 1.785225 1.032652 2.233478
v 1.815197 1.031501 2.233478
v 1.891471 1.108455 2.233478
v 1.967746 1.185410 2.233478
v 2.044021 1.262365 2.233478
v 2.120296 1.339319 2.233478
v 2.103965 1.349874 2.233478
v 2.087634 1.360429 2.233478
v 2.071303 1.370984 2.233478
v 2.054973 1.381539 2.233478
v 1.961022 1.380387 2.233478
v 1.867071 1.379236 2.233478
v 1.773121 1.378084 2.233478
v 1.679170 1.376933 2.233478
v 1.596747 1.293799 2.233478
v 1.514324 1.210665 2.233478
v 1.431901 1.127531 2.233478
v 1.349478 1.044397 2.233478
v 1.350631 1.010660 2.233478
v 1.351784 0.976922 2.233478
v 1.352936 0.943185 2.233478
v 1.354089 0.909448 2.233478
v 1.385214 0.884116 2.233478
v 1.416339 0.858785 2.233478
v 1.447463 0.833453 2.233478
v 1.478588 0.808121 1.926921
v 1.505102 0.809848 1.867261
v 1.531615 0.811576 1.817407
v 1.558129 0.813303 1.774014
v 1.584643 0.815030 1.735496
v 1.608505 0.835756 1.692277
v 1.632367 0.856482 1.654011
v 1.656230 0.877208 1.619649
v 1.680092 0.897934 1.588556
v 1.683896 0.932477 1.570137
v 1.687700 0.967020 1.552427
v 1.691505 1.001563 1.535422
v 1.695309 1.036107 1.519119
v 1.725281 1.034955 1.501023
v 1.755253 1.033804 1.484206
v 1.785225 1.032652 1.468456
v 1.815197 1.031501 1.453806
v 1.891471 1.108455 1.404761
v 1.967746 1.185410 1.371254
v 2.044021 1.262365 1.351667
v 2.120296 1.339319 1.345163
v 2.103965 1.349874 1.345254
v 2.087634 1.360429 1.345344
v 2.071303 1.370984 1.345534
v 2.054973 1.381539 1.345795
v 1.961022 1.380387 1.352209
v 1.867071 1.379236 1.365578
v 1.773121 1.378084 1.385828
v 1.679170 1.376933 1.413202
v 1.596747 1.293799 1.472870
v 1.514324 1.210665 1.557770
v 1.431901 1.127531 1.679588
v 1.349478 1.044397 1.873554
v 1.350631 1.010660 1.921918
v 1.351784 0.976922 1.979421
v 1.352936 0.943185 2.054051
v 1.354089 0.909448 2.233478
v 1.385214 0.884116 2.086340
v 1.416339 0.858785 2.022260
v 1.447463 0.833453 1.971212
v -0.014315 0.853231 2.639565
v 0.126792 0.981607 2.639565
v 0.267900 1.109983 2.639565
v 0.409007 1.238359 2.639565
v 0.550115 1.366734 2.639565
v 0.507874 1.373890 2.639565
v 0.465634 1.381045 2.639565
v 0.423393 1.388201 2.639565
v 0.381152 1.395356 2.639565
v 0.360402 1.419536 2.639565
v 0.339652 1.443716 2.639565
v 0.318903 1.467897 2.639565
v 0.298153 1.492077 2.639565
v 0.287778 1.533529 2.639565
v 0.277403 1.574981 2.639565
v 0.267028 1.616433 2.639565
v 0.256653 1.657884 2.639565
v 0.228987 1.668247 2.639565
v 0.201320 1.678610 2.639565
v 0.173654 1.688973 2.639565
v 0.145987 1.699336 2.639565
v 0.066446 1.699336 2.639565
v -0.013095 1.699336 2.639565
v -0.092636 1.699336 2.639565
v -0.172177 1.699336 2.639565
v -0.199020 1.687328 2.639565
v -0.225863 1.675321 2.639565
v -0.252706 1.663313 2.639565
v -0.279549 1.651305 2.639565
v -0.290747 1.604589 2.639565
v -0.301946 1.557874 2.639565
v -0.313144 1.511158 2.639565
v -0.324342 1.464442 2.639565
v -0.341634 1.447171 2.639565
v -0.358925 1.429899 2.639565
v -0.376217 1.412628 2.639565
v -0.393509 1.395356 2.639565
v -0.437574 1.387222 2.639565
v -0.481640 1.379087 2.639565
v -0.525705 1.370953 2.639565
v -0.569771 1.362818 2.639565
v -0.430907 1.235422 2.639565
v -0.292043 1.108025 2.639565
v -0.153179 0.980628 2.639565
v -0.014315 0.853231 2.639565
v 0.126792 0.981607 2.447033
v 0.267900 1.109983 2.373428
v 0.409007 1.238359 2.326449
v 0.550115 1.366734 2.297907
v 0.507874 1.373890 2.298965
v 0.465634 1.381045 2.299877
v 0.423393 1.388201 2.300654
v 0.381152 1.395356 2.301313
v 0.360402 1.419536 2.298988
v 0.339652 1.443716 2.296790
v 0.318903 1.467897 2.294731
v 0.298153 1.492077 2.292825
v 0.287778 1.533529 2.289612
v 0.277403 1.574981 2.287153
v 0.267028 1.616433 2.285444
v 0.256653 1.657884 2.284485
v 0.228987 1.668247 2.284399
v 0.201320 1.678610 2.284319
v 0.173654 1.688973 2.284286
v 0.145987 1.699336 2.284250
v 0.066446 1.699336 2.284273
v -0.013095 1.699336 2.284279
v -0.092636 1.699336 2.284268
v -0.172177 1.699336 2.284239
v -0.199020 1.687328 2.284281
v -0.225863 1.675321 2.284320
v -0.252706 1.663313 2.284419
v -0.279549 1.651305 2.284525
v -0.290747 1.604589 2.285699
v -0.301946 1.557874 2.287847
v -0.313144 1.511158 2.290931
v -0.324342 1.464442 2.294958
v -0.341634 1.447171 2.296356
v -0.358925 1.429899 2.297798
v -0.376217 1.412628 2.299325
v -0.393509 1.395356 2.300865
v -0.437574 1.387222 2.300230
v -0.481640 1.379087 2.299461
v -0.525705 1.370953 2.298525
v -0.569771 1.362818 2.297471
v -0.430907 1.235422 2.325505
v -0.292043 1.108025 2.371963
v -0.153179 0.980628 2.445230
v -1.689682 0.897934 2.639565
v -1.690719 0.932477 2.639565
v -1.691757 0.967020 2.639565
v -1.692794 1.001563 2.639565
v -1.693832 1.036107 2.639565
v -1.726398 1.034955 2.639565
v -1.758963 1.033804 2.639565
v -1.791529 1.032652 2.639565
v -1.824095 1.031501 2.639565
v -1.819195 0.998109 2.639565
v -1.814296 0.964717 2.639565
v -1.809397 0.931325 2.639565
v -1.804498 0.897934 2.639565
v -1.775794 0.897934 2.639565
v -1.747090 0.897934 2.639565
v -1.718386 0.897934 2.639565
v -1.689682 0.897934 2.639565
v -1.690719 0.932477 2.488223
v -1.691757 0.967020 2.429653
v -1.692794 1.001563 2.388110
v -1.693832 1.036107 2.356365
v -1.726398 1.034955 2.323017
v -1.758963 1.033804 2.301027
v -1.791529 1.032652 2.288398
v -1.824095 1.031501 2.284239
v -1.819195 0.998109 2.286505
v -1.814296 0.964717 2.293251
v -1.809397 0.931325 2.304477
v -1.804498 0.897934 2.320367
v -1.775794 0.897934 2.350187
v -1.747090 0.897934 2.393231
v -1.718386 0.897934 2.458618
v 1.680092 0.897934 2.639565
v 1.711563 0.897934 2.639565
v 1.743033 0.897934 2.639565
v 1.774504 0.897934 2.639565
v 1.805974 0.897934 2.639565
v 1.808280 0.931325 2.639565
v 1.810586 0.964717 2.639565
v 1.812891 0.998109 2.639565
v 1.815197 1.031501 2.639565
v 1.785225 1.032652 2.639565
v 1.755253 1.033804 2.639565
v 1.725281 1.034955 2.639565
v 1.695309 1.036107 2.639565
v 1.691505 1.001563 2.639565
v 1.687700 0.967020 2.639565
v 1.683896 0.932477 2.639565
v 1.680092 0.897934 2.639565
v 1.711563 0.897934 2.451209
v 1.743033 0.897934 2.384168
v 1.774504 0.897934 2.340942
v 1.805974 0.897934 2.312082
v 1.808280 0.931325 2.299982
v 1.810586 0.964717 2.291315
v 1.812891 0.998109 2.286050
v 1.815197 1.031501 2.284239
v 1.785225 1.032652 2.287706
v 1.755253 1.033804 2.298207
v 1.725281 1.034955 2.316328
v 1.695309 1.036107 2.343357
v 1.691505 1.001563 2.374990
v 1.687700 0.967020 2.417491
v 1.683896 0.932477 2.478591
v -1.357223 1.052227 2.233478
v -1.292668 1.113829 2.233478
v -1.228113 1.175431 2.233478
v -1.163558 1.237033 2.233478
v -1.099003 1.298635 2.233478
v -1.068432 1.313558 2.233478
v -1.037860 1.328480 2.233478
v -1.007289 1.343403 2.233478
v -0.976717 1.358326 2.233478
v -1.079381 1.437467 2.233478
v -1.182045 1.516608 2.233478
v -1.284709 1.595749 2.233478
v -1.387373 1.674890 2.233478
v -1.461912 1.601552 2.233478
v -1.536452 1.528214 2.233478
v -1.610992 1.454877 2.233478
v -1.685532 1.381539 2.233478
v -1.603455 1.299211 2.233478
v -1.521378 1.216883 2.233478
v -1.439300 1.134555 2.233478
v -1.357223 1.052227 1.870217
v -1.292668 1.113829 1.916790
v -1.228113 1.175431 1.947590
v -1.163558 1.237033 1.956733
v -1.099003 1.298635 1.941229
v -1.068432 1.313558 1.985301
v -1.037860 1.328480 2.035224
v -1.007289 1.343403 2.096640
v -0.976717 1.358326 2.233478
v -1.079381 1.437467 1.650054
v -1.182045 1.516608 1.467650
v -1.284709 1.595749 1.375342
v -1.387373 1.674890 1.345251
v -1.461912 1.601552 1.345376
v -1.536452 1.528214 1.345445
v -1.610992 1.454877 1.345332
v -1.685532 1.381539 1.345163
v -1.603455 1.299211 1.368641
v -1.521378 1.216883 1.443208
v -1.439300 1.134555 1.586090
v 1.349478 1.044397 2.233478
v 1.431901 1.127531 2.233478
v 1.514324 1.210665 2.233478
v 1.596747 1.293799 2.233478
v 1.679170 1.376933 2.233478
v 1.601646 1.451489 2.233478
v 1.524122 1.526044 2.233478
v 1.446599 1.600600 2.233478
v 1.369075 1.675156 2.233478
v 1.269072 1.595994 2.233478
v 1.169070 1.516833 2.233478
v 1.069067 1.437671 2.233478
v 0.969064 1.358510 2.233478
v 0.998460 1.343541 2.233478
v 1.027855 1.328572 2.233478
v 1.057251 1.313604 2.233478
v 1.086647 1.298635 2.233478
v 1.152355 1.235075 2.233478
v 1.218062 1.171516 2.233478
v 1.283770 1.107956 2.233478
v 1.349478 1.044397 1.896214
v 1.431901 1.127531 1.594076
v 1.514324 1.210665 1.446114
v 1.596747 1.293799 1.369331
v 1.679170 1.376933 1.345163
v 1.601646 1.451489 1.345360
v 1.524122 1.526044 1.345593
v 1.446599 1.600600 1.345555
v 1.369075 1.675156 1.345322
v 1.269072 1.595994 1.376621
v 1.169070 1.516833 1.469476
v 1.069067 1.437671 1.651732
v 0.969064 1.358510 2.233478
v 0.998460 1.343541 2.106395
v 1.027855 1.328572 2.048522
v 1.057251 1.313604 2.001429
v 1.086647 1.298635 1.959386
v 1.152355 1.235075 1.982868
v 1.218062 1.171516 1.977991
v 1.283770 1.107956 1.946126
v -0.569771 1.362818 2.639565
v -0.598330 1.391679 2.639565
v -0.626888 1.420539 2.639565
v -0.655447 1.449399 2.639565
v -0.684006 1.478260 2.639565
v -0.714843 1.479411 2.639565
v -0.745679 1.480563 2.639565
v -0.776516 1.481714 2.639565
v -0.807353 1.482865 2.639565
v -0.849694 1.451730 2.639565
v -0.892035 1.420596 2.639565
v -0.934376 1.389461 2.639565
v -0.976717 1.358326 2.639565
v -0.938123 1.336494 2.639565
v -0.899528 1.314663 2.639565
v -0.860933 1.292832 2.639565
v -0.822339 1.271000 2.639565
v -0.791214 1.271000 2.639565
v -0.760089 1.271000 2.639565
v -0.728964 1.271000 2.639565
v -0.697840 1.271000 2.639565
v -0.665822 1.293955 2.639565
v -0.633805 1.316909 2.639565
v -0.601788 1.339864 2.639565
v -0.569771 1.362818 2.474917
v -0.598330 1.391679 2.395953
v -0.626888 1.420539 2.347398
v -0.655447 1.449399 2.315454
v -0.684006 1.478260 2.295515
v -0.714843 1.479411 2.290747
v -0.745679 1.480563 2.287211
v -0.776516 1.481714 2.285002
v -0.807353 1.482865 2.284239
v -0.849694 1.451730 2.284376
v -0.892035 1.420596 2.284620
v -0.934376 1.389461 2.284873
v -0.976717 1.358326 2.284988
v -0.938123 1.336494 2.294026
v -0.899528 1.314663 2.313988
v -0.860933 1.292832 2.346842
v -0.822339 1.271000 2.397594
v -0.791214 1.271000 2.427434
v -0.760089 1.271000 2.464516
v -0.728964 1.271000 2.514660
v -0.697840 1.271000 2.639565
v -0.665822 1.293955 2.565555
v -0.633805 1.316909 2.530540
v -0.601788 1.339864 2.501186
v -0.569771 1.362818 2.233478
v -0.567205 1.405496 2.233478
v -0.564639 1.448174 2.233478
v -0.562073 1.490851 2.233478
v -0.559507 1.533529 2.233478
v -0.540832 1.554255 2.233478
v -0.522158 1.574981 2.233478
v -0.503483 1.595707 2.233478
v -0.484808 1.616433 2.233478
v -0.503483 1.637158 2.233478
v -0.522158 1.657884 2.233478
v -0.540832 1.678610 2.233478
v -0.559507 1.699336 2.233478
v -0.560660 1.733592 2.233478
v -0.561813 1.767847 2.233478
v -0.562966 1.802102 2.233478
v -0.564118 1.836358 2.233478
v -0.587174 1.853917 2.233478
v -0.610229 1.871477 2.233478
v -0.633284 1.889036 2.233478
v -0.656340 1.906596 2.233478
v -0.634553 1.932158 2.233478
v -0.612765 1.957720 2.233478
v -0.590978 1.983281 2.233478
v -0.569191 2.008843 2.233478
v -0.568601 2.123080 2.233478
v -0.568011 2.237316 2.233478
v -0.567421 2.351553 2.233478
v -0.566831 2.465789 2.233478
v -0.654916 2.391623 2.233478
v -0.743001 2.317457 2.233478
v -0.831086 2.243290 2.233478
v -0.919171 2.169124 2.233478
v -1.025847 2.161684 2.233478
v -1.132522 2.154244 2.233478
v -1.239198 2.146804 2.233478
v -1.345873 2.139364 2.233478
v -1.267210 2.060446 2.233478
v -1.188547 1.981528 2.233478
v -1.109883 1.902610 2.233478
v -1.031220 1.823692 2.233478
v -0.999750 1.823692 2.233478
v -0.968279 1.823692 2.233478
v -0.936809 1.823692 2.233478
v -0.905338 1.823692 2.233478
v -0.903032 1.790300 2.233478
v -0.900727 1.756908 2.233478
v -0.898421 1.723517 2.233478
v -0.896116 1.690125 2.233478
v -0.877671 1.668247 2.233478
v -0.859227 1.646370 2.233478
v -0.840783 1.624493 2.233478
v -0.822339 1.602615 2.233478
v -0.818592 1.572678 2.233478
v -0.814846 1.542740 2.233478
v -0.811099 1.512803 2.233478
v -0.807353 1.482865 2.233478
v -0.776516 1.481714 2.233478
v -0.745679 1.480563 2.233478
v -0.714843 1.479411 2.233478
v -0.684006 1.478260 2.233478
v -0.655447 1.449399 2.233478
v -0.626888 1.420539 2.233478
v -0.598330 1.391679 2.233478
v -0.569771 1.362818 2.233478
v -0.567205 1.405496 1.995680
v -0.564639 1.448174 1.899730
v -0.562073 1.490851 1.827977
v -0.559507 1.533529 1.769257
v -0.540832 1.554255 1.751518
v -0.522158 1.574981 1.734204
v -0.503483 1.595707 1.717301
v -0.484808 1.616433 1.700797
v -0.503483 1.637158 1.673379
v -0.522158 1.657884 1.648152
v -0.540832 1.678610 1.624497
v -0.559507 1.699336 1.602447
v -0.560660 1.733592 1.576086
v -0.561813 1.767847 1.551890
v -0.562966 1.802102 1.529460
v -0.564118 1.836358 1.508937
v -0.587174 1.853917 1.495202
v -0.610229 1.871477 1.482169
v -0.633284 1.889036 1.469815
v -0.656340 1.906596 1.458119
v -0.634553 1.932158 1.450161
v -0.612765 1.957720 1.442337
v -0.590978 1.983281 1.434691
v -0.569191 2.008843 1.427348
v -0.568601 2.123080 1.390588
v -0.568011 2.237316 1.365143
v -0.567421 2.351553 1.350169
v -0.566831 2.465789 1.345163
v -0.654916 2.391623 1.346211
v -0.743001 2.317457 1.348915
v -0.831086 2.243290 1.352844
v -0.919171 2.169124 1.357465
v -1.025847 2.161684 1.352796
v -1.132522 2.154244 1.348902
v -1.239198 2.146804 1.346253
v -1.345873 2.139364 1.345187
v -1.267210 2.060446 1.350178
v -1.188547 1.981528 1.364702
v -1.109883 1.902610 1.389275
v -1.031220 1.823692 1.424542
v -0.999750 1.823692 1.430591
v -0.968279 1.823692 1.436659
v -0.936809 1.823692 1.442819
v -0.905338 1.823692 1.449100
v -0.903032 1.790300 1.463494
v -0.900727 1.756908 1.479009
v -0.898421 1.723517 1.495802
v -0.896116 1.690125 1.513765
v -0.877671 1.668247 1.531421
v -0.859227 1.646370 1.550395
v -0.840783 1.624493 1.570644
v -0.822339 1.602615 1.592413
v -0.818592 1.572678 1.616240
v -0.814846 1.542740 1.641866
v -0.811099 1.512803 1.669639
v -0.807353 1.482865 1.699859
v -0.776516 1.481714 1.717770
v -0.745679 1.480563 1.736137
v -0.714843 1.479411 1.754968
v -0.684006 1.478260 1.774273
v -0.655447 1.449399 1.832309
v -0.626888 1.420539 1.903107
v -0.598330 1.391679 1.998098
v -0.569771 1.362818 2.639565
v -0.525705 1.370953 2.639565
v -0.481640 1.379087 2.639565
v -0.437574 1.387222 2.639565
v -0.393509 1.395356 2.639565
v -0.376217 1.412628 2.639565
v -0.358925 1.429899 2.639565
v -0.341634 1.447171 2.639565
v -0.324342 1.464442 2.639565
v -0.313144 1.511158 2.639565
v -0.301946 1.557874 2.639565
v -0.290747 1.604589 2.639565
v -0.279549 1.651305 2.639565
v -0.330864 1.642587 2.639565
v -0.382178 1.633869 2.639565
v -0.433493 1.625151 2.639565
v -0.484808 1.616433 2.639565
v -0.503483 1.595707 2.639565
v -0.522158 1.574981 2.639565
v -0.540832 1.554255 2.639565
v -0.559507 1.533529 2.639565
v -0.562073 1.490851 2.639565
v -0.564639 1.448174 2.639565
v -0.567205 1.405496 2.639565
v -0.569771 1.362818 2.474175
v -0.525705 1.370953 2.502173
v -0.481640 1.379087 2.532815
v -0.437574 1.387222 2.568504
v -0.393509 1.395356 2.639565
v -0.376217 1.412628 2.527804
v -0.358925 1.429899 2.482595
v -0.341634 1.447171 2.448878
v -0.324342 1.464442 2.421340
v -0.313144 1.511158 2.357176
v -0.301946 1.557874 2.317710
v -0.290747 1.604589 2.294571
v -0.279549 1.651305 2.284774
v -0.330864 1.642587 2.284709
v -0.382178 1.633869 2.284542
v -0.433493 1.625151 2.284343
v -0.484808 1.616433 2.284239
v -0.503483 1.595707 2.284903
v -0.522158 1.574981 2.286782
v -0.540832 1.554255 2.289820
v -0.559507 1.533529 2.293946
v -0.562073 1.490851 2.313387
v -0.564639 1.448174 2.345270
v -0.567205 1.405496 2.394138
v 2.120296 1.339319 1.218261
v 2.174284 1.392477 1.218261
v 2.228272 1.445636 1.218261
v 2.282260 1.498794 1.218261
v 2.336248 1.551952 1.218261
v 2.331061 1.747409 1.218261
v 2.325873 1.942866 1.218261
v 2.320686 2.138323 1.218261
v 2.315498 2.333780 1.218261
v 2.123562 2.338674 1.218261
v 1.931626 2.343567 1.218261
v 1.739690 2.348461 1.218261
v 1.547754 2.353354 1.218261
v 1.493574 2.300004 1.218261
v 1.439394 2.246654 1.218261
v 1.385214 2.193304 1.218261
v 1.331034 2.139954 1.218261
v 1.340544 2.023755 1.218261
v 1.350054 1.907555 1.218261
v 1.359565 1.791356 1.218261
v 1.369075 1.675156 1.218261
v 1.446599 1.600600 1.218261
v 1.524122 1.526044 1.218261
v 1.601646 1.451489 1.218261
v 1.679170 1.376933 1.218261
v 1.773121 1.378084 1.218261
v 1.867071 1.379236 1.218261
v 1.961022 1.380387 1.218261
v 2.054973 1.381539 1.218261
v 2.071303 1.370984 1.218261
v 2.087634 1.360429 1.218261
v 2.103965 1.349874 1.218261
v 2.120296 1.339319 0.446246
v 2.174284 1.392477 0.385392
v 2.228272 1.445636 0.334074
v 2.282260 1.498794 0.290771
v 2.336248 1.551952 0.254435
v 2.331061 1.747409 0.212452
v 2.325873 1.942866 0.180194
v 2.320686 2.138323 0.159605
v 2.315498 2.333780 0.152283
v 2.123562 2.338674 0.159214
v 1.931626 2.343567 0.178845
v 1.739690 2.348461 0.209338
v 1.547754 2.353354 0.249137
v 1.493574 2.300004 0.284364
v 1.439394 2.246654 0.326426
v 1.385214 2.193304 0.376335
v 1.331034 2.139954 0.435506
v 1.340544 2.023755 0.526271
v 1.350054 1.907555 0.641113
v 1.359565 1.791356 0.797087
v 1.369075 1.675156 1.103211
v 1.446599 1.600600 1.184097
v 1.524122 1.526044 1.218261
v 1.601646 1.451489 1.121246
v 1.679170 1.376933 1.046864
v 1.773121 1.378084 0.804089
v 1.867071 1.379236 0.664785
v 1.961022 1.380387 0.560158
v 2.054973 1.381539 0.475919
v 2.071303 1.370984 0.468443
v 2.087634 1.360429 0.461027
v 2.103965 1.349874 0.453694
v -2.135631 1.346132 1.218261
v -2.118555 1.354984 1.218261
v -2.101480 1.363835 1.218261
v -2.084404 1.372687 1.218261
v -2.067329 1.381539 1.218261
v -1.971880 1.381539 1.218261
v -1.876430 1.381539 1.218261
v -1.780981 1.381539 1.218261
v -1.685532 1.381539 1.218261
v -1.610992 1.454877 1.218261
v -1.536452 1.528214 1.218261
v -1.461912 1.601552 1.218261
v -1.387373 1.674890 1.218261
v -1.376998 1.791009 1.218261
v -1.366623 1.907127 1.218261
v -1.356248 2.023245 1.218261
v -1.345873 2.139364 1.218261
v -1.399432 2.192861 1.218261
v -1.452992 2.246359 1.218261
v -1.506551 2.299857 1.218261
v -1.560111 2.353354 1.218261
v -1.754929 2.348173 1.218261
v -1.949747 2.342992 1.218261
v -2.144564 2.337810 1.218261
v -2.339382 2.332629 1.218261
v -2.341688 2.137459 1.218261
v -2.343993 1.942290 1.218261
v -2.346299 1.747121 1.218261
v -2.348605 1.551952 1.218261
v -2.295361 1.500497 1.218261
v -2.242118 1.449042 1.218261
v -2.188874 1.397587 1.218261
v -2.135631 1.346132 0.442252
v -2.118555 1.354984 0.450930
v -2.101480 1.363835 0.459668
v -2.084404 1.372687 0.468505
v -2.067329 1.381539 0.477490
v -1.971880 1.381539 0.562470
v -1.876430 1.381539 0.668227
v -1.780981 1.381539 0.809548
v -1.685532 1.381539 1.062241
v -1.610992 1.454877 1.133758
v -1.536452 1.528214 1.218261
v -1.461912 1.601552 1.166357
v -1.387373 1.674890 1.093823
v -1.376998 1.791009 0.797993
v -1.366623 1.907127 0.643947
v -1.356248 2.023245 0.530055
v -1.345873 2.139364 0.439630
v -1.399432 2.192861 0.380231
v -1.452992 2.246359 0.330063
v -1.506551 2.299857 0.287706
v -1.560111 2.353354 0.252149
v -1.754929 2.348173 0.211102
v -1.949747 2.342992 0.179606
v -2.144564 2.337810 0.159434
v -2.339382 2.332629 0.152283
v -2.341688 2.137459 0.159661
v -2.343993 1.942290 0.180438
v -2.346299 1.747121 0.213149
v -2.348605 1.551952 0.255881
v -2.295361 1.500497 0.291465
v -2.242118 1.449042 0.333661
v -2.188874 1.397587 0.383459
v 0.550115 1.366734 2.639565
v 0.583957 1.342801 2.639565
v 0.617799 1.318867 2.639565
v 0.651641 1.294934 2.639565
v 0.685483 1.271000 2.639565
v 0.720066 1.271000 2.639565
v 0.754649 1.271000 2.639565
v 0.789232 1.271000 2.639565
v 0.823815 1.271000 2.639565
v 0.860128 1.292878 2.639565
v 0.896440 1.314755 2.639565
v 0.932752 1.336633 2.639565
v 0.969064 1.358510 2.639565
v 0.924683 1.389599 2.639565
v 0.880301 1.420688 2.639565
v 0.835919 1.451777 2.639565
v 0.791538 1.482865 2.639565
v 0.761566 1.481714 2.639565
v 0.731594 1.480563 2.639565
v 0.701622 1.479411 2.639565
v 0.671650 1.478260 2.639565
v 0.641266 1.450378 2.639565
v 0.610882 1.422497 2.639565
v 0.580499 1.394616 2.639565
v 0.550115 1.366734 2.468584
v 0.583957 1.342801 2.495995
v 0.617799 1.318867 2.526463
v 0.651641 1.294934 2.562974
v 0.685483 1.271000 2.639565
v 0.720066 1.271000 2.508392
v 0.754649 1.271000 2.455972
v 0.789232 1.271000 2.417371
v 0.823815 1.271000 2.386562
v 0.860128 1.292878 2.340683
v 0.896440 1.314755 2.310690
v 0.932752 1.336633 2.292597
v 0.969064 1.358510 2.284728
v 0.924683 1.389599 2.284693
v 0.880301 1.420688 2.284544
v 0.835919 1.451777 2.284347
v 0.791538 1.482865 2.284239
v 0.761566 1.481714 2.284959
v 0.731594 1.480563 2.287021
v 0.701622 1.479411 2.290305
v 0.671650 1.478260 2.294789
v 0.641266 1.450378 2.314164
v 0.610882 1.422497 2.345372
v 0.580499 1.394616 2.392669
v 0.550115 1.366734 2.233478
v 0.580499 1.394616 2.233478
v 0.610882 1.422497 2.233478
v 0.641266 1.450378 2.233478
v 0.671650 1.478260 2.233478
v 0.701622 1.479411 2.233478
v 0.731594 1.480563 2.233478
v 0.761566 1.481714 2.233478
v 0.791538 1.482865 2.233478
v 0.792691 1.509349 2.233478
v 0.793843 1.535832 2.233478
v 0.794996 1.562315 2.233478
v 0.796149 1.588798 2.233478
v 0.818052 1.614130 2.233478
v 0.839954 1.639461 2.233478
v 0.861857 1.664793 2.233478
v 0.883759 1.690125 2.233478
v 0.882607 1.720062 2.233478
v 0.881454 1.750000 2.233478
v 0.880301 1.779937 2.233478
v 0.879148 1.809875 2.233478
v 0.912579 1.812177 2.233478
v 0.946009 1.814480 2.233478
v 0.979439 1.816783 2.233478
v 1.012869 1.819086 2.233478
v 1.092411 1.899303 2.233478
v 1.171952 1.979520 2.233478
v 1.251493 2.059737 2.233478
v 1.331034 2.139954 2.233478
v 1.221521 2.147247 2.233478
v 1.112008 2.154539 2.233478
v 1.002495 2.161832 2.233478
v 0.892982 2.169124 2.233478
v 0.808151 2.243290 2.233478
v 0.723321 2.317457 2.233478
v 0.638491 2.391623 2.233478
v 0.553661 2.465789 2.233478
v 0.553071 2.351553 2.233478
v 0.552481 2.237316 2.233478
v 0.551891 2.123080 2.233478
v 0.551301 2.008843 2.233478
v 0.574471 1.986736 2.233478
v 0.597642 1.964628 2.233478
v 0.620813 1.942521 2.233478
v 0.643983 1.920413 2.233478
v 0.622081 1.896808 2.233478
v 0.600178 1.873204 2.233478
v 0.578276 1.849599 2.233478
v 0.556373 1.825995 2.233478
v 0.557526 1.797784 2.233478
v 0.558679 1.769574 2.233478
v 0.559831 1.741364 2.233478
v 0.560984 1.713154 2.233478
v 0.538851 1.688973 2.233478
v 0.516718 1.664793 2.233478
v 0.494585 1.640613 2.233478
v 0.472451 1.616433 2.233478
v 0.494585 1.592252 2.233478
v 0.516718 1.568072 2.233478
v 0.538851 1.543892 2.233478
v 0.560984 1.519712 2.233478
v 0.558267 1.481467 2.233478
v 0.555550 1.443223 2.233478
v 0.552832 1.404979 2.233478
v 0.550115 1.366734 2.233478
v 0.580499 1.394616 1.999449
v 0.610882 1.422497 1.904795
v 0.641266 1.450378 1.834255
v 0.671650 1.478260 1.776302
v 0.701622 1.479411 1.757641
v 0.731594 1.480563 1.739407
v 0.761566 1.481714 1.721592
v 0.791538 1.482865 1.704190
v 0.792691 1.509349 1.678009
v 0.793843 1.535832 1.653618
v 0.794996 1.562315 1.630914
v 0.796149 1.588798 1.609556
v 0.818052 1.614130 1.583003
v 0.839954 1.639461 1.558463
v 0.861857 1.664793 1.536019
v 0.883759 1.690125 1.515142
v 0.882607 1.720062 1.499713
v 0.881454 1.750000 1.485164
v 0.880301 1.779937 1.471459
v 0.879148 1.809875 1.458566
v 0.912579 1.812177 1.450768
v 0.946009 1.814480 1.443079
v 0.979439 1.816783 1.435604
v 1.012869 1.819086 1.428362
v 1.092411 1.899303 1.391589
v 1.171952 1.979520 1.366034
v 1.251493 2.059737 1.350675
v 1.331034 2.139954 1.345229
v 1.221521 2.147247 1.346509
v 1.112008 2.154539 1.349435
v 1.002495 2.161832 1.353532
v 0.892982 2.169124 1.358489
v 0.808151 2.243290 1.353354
v 0.723321 2.317457 1.349166
v 0.638491 2.391623 1.346273
v 0.553661 2.465789 1.345163
v 0.553071 2.351553 1.350196
v 0.552481 2.237316 1.365267
v 0.551891 2.123080 1.390878
v 0.551301 2.008843 1.427943
v 0.574471 1.986736 1.433884
v 0.597642 1.964628 1.440022
v 0.620813 1.942521 1.446127
v 0.643983 1.920413 1.452330
v 0.622081 1.896808 1.466152
v 0.600178 1.873204 1.481118
v 0.578276 1.849599 1.497106
v 0.556373 1.825995 1.514160
v 0.557526 1.797784 1.530957
v 0.558679 1.769574 1.548933
v 0.559831 1.741364 1.568058
v 0.560984 1.713154 1.588406
v 0.538851 1.688973 1.613246
v 0.516718 1.664793 1.639918
v 0.494585 1.640613 1.668986
v 0.472451 1.616433 1.700634
v 0.494585 1.592252 1.720018
v 0.516718 1.568072 1.739957
v 0.538851 1.543892 1.760464
v 0.560984 1.519712 1.781556
v 0.558267 1.481467 1.838719
v 0.555550 1.443223 1.908341
v 0.552832 1.404979 2.001843
v 0.550115 1.366734 2.639565
v 0.552832 1.404979 2.639565
v 0.555550 1.443223 2.639565
v 0.558267 1.481467 2.639565
v 0.560984 1.519712 2.639565
v 0.538851 1.543892 2.639565
v 0.516718 1.568072 2.639565
v 0.494585 1.592252 2.639565
v 0.472451 1.616433 2.639565
v 0.418502 1.626796 2.639565
v 0.364552 1.637158 2.639565
v 0.310603 1.647521 2.639565
v 0.256653 1.657884 2.639565
v 0.267028 1.616433 2.639565
v 0.277403 1.574981 2.639565
v 0.287778 1.533529 2.639565
v 0.298153 1.492077 2.639565
v 0.318903 1.467897 2.639565
v 0.339652 1.443716 2.639565
v 0.360402 1.419536 2.639565
v 0.381152 1.395356 2.639565
v 0.423393 1.388201 2.639565
v 0.465634 1.381045 2.639565
v 0.507874 1.373890 2.639565
v 0.550115 1.366734 2.475604
v 0.552832 1.404979 2.398041
v 0.555550 1.443223 2.349944
v 0.558267 1.481467 2.317907
v 0.560984 1.519712 2.297442
v 0.538851 1.543892 2.291829
v 0.516718 1.568072 2.287706
v 0.494585 1.592252 2.285137
v 0.472451 1.616433 2.284239
v 0.418502 1.626796 2.284310
v 0.364552 1.637158 2.284403
v 0.310603 1.647521 2.284439
v 0.256653 1.657884 2.284384
v 0.267028 1.616433 2.290907
v 0.277403 1.574981 2.307696
v 0.287778 1.533529 2.336285
v 0.298153 1.492077 2.380367
v 0.318903 1.467897 2.411076
v 0.339652 1.443716 2.450007
v 0.360402 1.419536 2.503621
v 0.381152 1.395356 2.639565
v 0.423393 1.388201 2.568182
v 0.465634 1.381045 2.532950
v 0.507874 1.373890 2.502953
v -0.976717 1.358326 2.233478
v -0.934376 1.389461 2.233478
v -0.892035 1.420596 2.233478
v -0.849694 1.451730 2.233478
v -0.807353 1.482865 2.233478
v -0.811099 1.512803 2.233478
v -0.814846 1.542740 2.233478
v -0.818592 1.572678 2.233478
v -0.822339 1.602615 2.233478
v -0.840783 1.624493 2.233478
v -0.859227 1.646370 2.233478
v -0.877671 1.668247 2.233478
v -0.896116 1.690125 2.233478
v -0.926088 1.688973 2.233478
v -0.956060 1.687822 2.233478
v -0.986032 1.686670 2.233478
v -1.016004 1.685519 2.233478
v -1.019808 1.720062 2.233478
v -1.023612 1.754605 2.233478
v -1.027416 1.789149 2.233478
v -1.031220 1.823692 2.233478
v -1.109883 1.902610 2.233478
v -1.188547 1.981528 2.233478
v -1.267210 2.060446 2.233478
v -1.345873 2.139364 2.233478
v -1.356248 2.023245 2.233478
v -1.366623 1.907127 2.233478
v -1.376998 1.791009 2.233478
v -1.387373 1.674890 2.233478
v -1.284709 1.595749 2.233478
v -1.182045 1.516608 2.233478
v -1.079381 1.437467 2.233478
v -0.976717 1.358326 2.233478
v -0.934376 1.389461 2.183941
v -0.892035 1.420596 2.143874
v -0.849694 1.451730 2.104704
v -0.807353 1.482865 2.065996
v -0.811099 1.512803 1.953861
v -0.814846 1.542740 1.877504
v -0.818592 1.572678 1.816759
v -0.822339 1.602615 1.765434
v -0.840783 1.624493 1.721695
v -0.859227 1.646370 1.682833
v -0.877671 1.668247 1.647942
v -0.896116 1.690125 1.616348
v -0.926088 1.688973 1.602409
v -0.956060 1.687822 1.588679
v -0.986032 1.686670 1.575259
v -1.016004 1.685519 1.562112
v -1.019808 1.720062 1.535023
v -1.023612 1.754605 1.510344
v -1.027416 1.789149 1.487831
v -1.031220 1.823692 1.467364
v -1.109883 1.902610 1.411932
v -1.188547 1.981528 1.374269
v -1.267210 2.060446 1.352419
v -1.345873 2.139364 1.345163
v -1.356248 2.023245 1.350340
v -1.366623 1.907127 1.365438
v -1.376998 1.791009 1.390167
v -1.387373 1.674890 1.424358
v -1.284709 1.595749 1.497863
v -1.182045 1.516608 1.605839
v -1.079381 1.437467 1.771738
v 0.969064 1.358510 2.233478
v 1.069067 1.437671 2.233478
v 1.169070 1.516833 2.233478
v 1.269072 1.595994 2.233478
v 1.369075 1.675156 2.233478
v 1.359565 1.791356 2.233478
v 1.350054 1.907555 2.233478
v 1.340544 2.023755 2.233478
v 1.331034 2.139954 2.233478
v 1.251493 2.059737 2.233478
v 1.171952 1.979520 2.233478
v 1.092411 1.899303 2.233478
v 1.012869 1.819086 2.233478
v 1.010564 1.785694 2.233478
v 1.008258 1.752303 2.233478
v 1.005953 1.718911 2.233478
v 1.003647 1.685519 2.233478
v 0.973675 1.686670 2.233478
v 0.943703 1.687822 2.233478
v 0.913731 1.688973 2.233478
v 0.883759 1.690125 2.233478
v 0.861857 1.664793 2.233478
v 0.839954 1.639461 2.233478
v 0.818052 1.614130 2.233478
v 0.796149 1.588798 2.233478
v 0.794996 1.562315 2.233478
v 0.793843 1.535832 2.233478
v 0.792691 1.509349 2.233478
v 0.791538 1.482865 2.233478
v 0.835919 1.451777 2.233478
v 0.880301 1.420688 2.233478
v 0.924683 1.389599 2.233478
v 0.969064 1.358510 2.233478
v 1.069067 1.437671 1.773923
v 1.169070 1.516833 1.608590
v 1.269072 1.595994 1.500615
v 1.369075 1.675156 1.426929
v 1.359565 1.791356 1.391494
v 1.350054 1.907555 1.366028
v 1.340544 2.023755 1.350472
v 1.331034 2.139954 1.345163
v 1.251493 2.059737 1.352657
v 1.171952 1.979520 1.375303
v 1.092411 1.899303 1.414250
v 1.012869 1.819086 1.471860
v 1.010564 1.785694 1.491666
v 1.008258 1.752303 1.513381
v 1.005953 1.718911 1.537125
v 1.003647 1.685519 1.563017
v 0.973675 1.686670 1.576122
v 0.943703 1.687822 1.589457
v 0.913731 1.688973 1.603117
v 0.883759 1.690125 1.616981
v 0.861857 1.664793 1.654253
v 0.839954 1.639461 1.696306
v 0.818052 1.614130 1.744158
v 0.796149 1.588798 1.799874
v 0.794996 1.562315 1.848325
v 0.793843 1.535832 1.905586
v 0.792691 1.509349 1.977715
v 0.791538 1.482865 2.084136
v 0.835919 1.451777 2.124288
v 0.880301 1.420688 2.164986
v 0.924683 1.389599 2.207325
v -0.279549 1.651305 2.233478
v -0.252706 1.663313 2.233478
v -0.225863 1.675321 2.233478
v -0.199020 1.687328 2.233478
v -0.172177 1.699336 2.233478
v -0.092636 1.699336 2.233478
v -0.013095 1.699336 2.233478
v 0.066446 1.699336 2.233478
v 0.145987 1.699336 2.233478
v 0.173654 1.688973 2.233478
v 0.201320 1.678610 2.233478
v 0.228987 1.668247 2.233478
v 0.256653 1.657884 2.233478
v 0.246278 1.685519 2.233478
v 0.235903 1.713154 2.233478
v 0.225528 1.740788 2.233478
v 0.215153 1.768423 2.233478
v 0.214001 1.867447 2.233478
v 0.212848 1.966470 2.233478
v 0.211695 2.065494 2.233478
v 0.210542 2.164518 2.233478
v 0.098724 2.164518 2.233478
v -0.013095 2.164518 2.233478
v -0.124913 2.164518 2.233478
v -0.236732 2.164518 2.233478
v -0.237885 2.062040 2.233478
v -0.239038 1.959562 2.233478
v -0.240190 1.857084 2.233478
v -0.241343 1.754605 2.233478
v -0.250895 1.728780 2.233478
v -0.260446 1.702955 2.233478
v -0.269998 1.677130 2.233478
v -0.279549 1.651305 2.233478
v -0.252706 1.663313 2.079932
v -0.225863 1.675321 2.013509
v -0.199020 1.687328 1.961229
v -0.172177 1.699336 1.916015
v -0.092636 1.699336 1.946013
v -0.013095 1.699336 1.959270
v 0.066446 1.699336 1.952508
v 0.145987 1.699336 1.927341
v 0.173654 1.688973 1.967448
v 0.201320 1.678610 2.012348
v 0.228987 1.668247 2.065589
v 0.256653 1.657884 2.139785
v 0.246278 1.685519 1.938232
v 0.235903 1.713154 1.831247
v 0.225528 1.740788 1.751271
v 0.215153 1.768423 1.686434
v 0.214001 1.867447 1.517869
v 0.212848 1.966470 1.418172
v 0.211695 2.065494 1.363361
v 0.210542 2.164518 1.345216
v 0.098724 2.164518 1.345372
v -0.013095 2.164518 1.345483
v -0.124913 2.164518 1.345346
v -0.236732 2.164518 1.345163
v -0.237885 2.062040 1.363569
v -0.239038 1.959562 1.421179
v -0.240190 1.857084 1.527297
v -0.241343 1.754605 1.710561
v -0.250895 1.728780 1.775232
v -0.260446 1.702955 1.854978
v -0.269998 1.677130 1.962860
v -0.279549 1.651305 2.233478
v -0.269998 1.677130 2.233478
v -0.260446 1.702955 2.233478
v -0.250895 1.728780 2.233478
v -0.241343 1.754605 2.233478
v -0.240190 1.857084 2.233478
v -0.239038 1.959562 2.233478
v -0.237885 2.062040 2.233478
v -0.236732 2.164518 2.233478
v -0.319257 2.239836 2.233478
v -0.401781 2.315154 2.233478
v -0.484306 2.390472 2.233478
v -0.566831 2.465789 2.233478
v -0.567421 2.351553 2.233478
v -0.568011 2.237316 2.233478
v -0.568601 2.123080 2.233478
v -0.569191 2.008843 2.233478
v -0.546020 1.986736 2.233478
v -0.522849 1.964628 2.233478
v -0.499679 1.942521 2.233478
v -0.476508 1.920413 2.233478
v -0.498411 1.899399 2.233478
v -0.520313 1.878385 2.233478
v -0.542216 1.857371 2.233478
v -0.564118 1.836358 2.233478
v -0.562966 1.802102 2.233478
v -0.561813 1.767847 2.233478
v -0.560660 1.733592 2.233478
v -0.559507 1.699336 2.233478
v -0.540832 1.678610 2.233478
v -0.522158 1.657884 2.233478
v -0.503483 1.637158 2.233478
v -0.484808 1.616433 2.233478
v -0.433493 1.625151 2.233478
v -0.382178 1.633869 2.233478
v -0.330864 1.642587 2.233478
v -0.279549 1.651305 2.233478
v -0.269998 1.677130 2.025066
v -0.260446 1.702955 1.940404
v -0.250895 1.728780 1.876706
v -0.241343 1.754605 1.823982
v -0.240190 1.857084 1.665529
v -0.239038 1.959562 1.558489
v -0.237885 2.062040 1.480962
v -0.236732 2.164518 1.424223
v -0.319257 2.239836 1.389839
v -0.401781 2.315154 1.365184
v -0.484306 2.390472 1.350260
v -0.566831 2.465789 1.345163
v -0.567421 2.351553 1.352730
v -0.568011 2.237316 1.375615
v -0.568601 2.123080 1.414940
v -0.569191 2.008843 1.473173
v -0.546020 1.986736 1.491137
v -0.522849 1.964628 1.510689
v -0.499679 1.942521 1.531727
v -0.476508 1.920413 1.554541
v -0.498411 1.899399 1.567959
v -0.520313 1.878385 1.581670
v -0.542216 1.857371 1.595655
v -0.564118 1.836358 1.609897
v -0.562966 1.802102 1.646787
v -0.561813 1.767847 1.688186
v -0.560660 1.733592 1.735375
v -0.559507 1.699336 1.789989
v -0.540832 1.678610 1.839513
v -0.522158 1.657884 1.898112
v -0.503483 1.637158 1.971671
v -0.484808 1.616433 2.080907
v -0.433493 1.625151 2.119072
v -0.382178 1.633869 2.157470
v -0.330864 1.642587 2.196125
v 0.256653 1.657884 2.233478
v 0.310603 1.647521 2.233478
v 0.364552 1.637158 2.233478
v 0.418502 1.626796 2.233478
v 0.472451 1.616433 2.233478
v 0.494585 1.640613 2.233478
v 0.516718 1.664793 2.233478
v 0.538851 1.688973 2.233478
v 0.560984 1.713154 2.233478
v 0.559831 1.741364 2.233478
v 0.558679 1.769574 2.233478
v 0.557526 1.797784 2.233478
v 0.556373 1.825995 2.233478
v 0.533318 1.846145 2.233478
v 0.510262 1.866295 2.233478
v 0.487207 1.886445 2.233478
v 0.464151 1.906596 2.233478
v 0.485939 1.932158 2.233478
v 0.507726 1.957720 2.233478
v 0.529513 1.983281 2.233478
v 0.551301 2.008843 2.233478
v 0.551891 2.123080 2.233478
v 0.552481 2.237316 2.233478
v 0.553071 2.351553 2.233478
v 0.553661 2.465789 2.233478
v 0.467881 2.390472 2.233478
v 0.382101 2.315154 2.233478
v 0.296322 2.239836 2.233478
v 0.210542 2.164518 2.233478
v 0.211695 2.065494 2.233478
v 0.212848 1.966470 2.233478
v 0.214001 1.867447 2.233478
v 0.215153 1.768423 2.233478
v 0.225528 1.740788 2.233478
v 0.235903 1.713154 2.233478
v 0.246278 1.685519 2.233478
v 0.256653 1.657884 2.189350
v 0.310603 1.647521 2.233478
v 0.364552 1.637158 2.198082
v 0.418502 1.626796 2.156596
v 0.472451 1.616433 2.115866
v 0.494585 1.640613 1.974546
v 0.516718 1.664793 1.889023
v 0.538851 1.688973 1.822997
v 0.560984 1.713154 1.768077
v 0.559831 1.741364 1.725888
v 0.558679 1.769574 1.688268
v 0.557526 1.797784 1.654303
v 0.556373 1.825995 1.623459
v 0.533318 1.846145 1.609703
v 0.510262 1.866295 1.596093
v 0.487207 1.886445 1.582656
v 0.464151 1.906596 1.569420
v 0.485939 1.932158 1.542768
v 0.507726 1.957720 1.518476
v 0.529513 1.983281 1.496256
v 0.551301 2.008843 1.475867
v 0.551891 2.123080 1.416318
v 0.552481 2.237316 1.376204
v 0.553071 2.351553 1.352862
v 0.553661 2.465789 1.345163
v 0.467881 2.390472 1.350343
v 0.382101 2.315154 1.365497
v 0.296322 2.239836 1.390406
v 0.210542 2.164518 1.425011
v 0.211695 2.065494 1.480272
v 0.212848 1.966470 1.555220
v 0.214001 1.867447 1.657448
v 0.215153 1.768423 1.806126
v 0.225528 1.740788 1.860239
v 0.235903 1.713154 1.925522
v 0.246278 1.685519 2.012074
v -0.896116 1.690125 2.639565
v -0.898421 1.723517 2.639565
v -0.900727 1.756908 2.639565
v -0.903032 1.790300 2.639565
v -0.905338 1.823692 2.639565
v -0.936809 1.823692 2.639565
v -0.968279 1.823692 2.639565
v -0.999750 1.823692 2.639565
v -1.031220 1.823692 2.639565
v -1.027416 1.789149 2.639565
v -1.023612 1.754605 2.639565
v -1.019808 1.720062 2.639565
v -1.016004 1.685519 2.639565
v -0.986032 1.686670 2.639565
v -0.956060 1.687822 2.639565
v -0.926088 1.688973 2.639565
v -0.896116 1.690125 2.639565
v -0.898421 1.723517 2.442369
v -0.900727 1.756908 2.373609
v -0.903032 1.790300 2.330619
v -0.905338 1.823692 2.303433
v -0.936809 1.823692 2.295196
v -0.968279 1.823692 2.289201
v -0.999750 1.823692 2.285515
v -1.031220 1.823692 2.284239
v -1.027416 1.789149 2.289756
v -1.023612 1.754605 2.306717
v -1.019808 1.720062 2.336941
v -1.016004 1.685519 2.385016
v -0.986032 1.686670 2.415533
v -0.956060 1.687822 2.454040
v -0.926088 1.688973 2.506735
v 0.883759 1.690125 2.639565
v 0.913731 1.688973 2.639565
v 0.943703 1.687822 2.639565
v 0.973675 1.686670 2.639565
v 1.003647 1.685519 2.639565
v 1.005953 1.718911 2.639565
v 1.008258 1.752303 2.639565
v 1.010564 1.785694 2.639565
v 1.012869 1.819086 2.639565
v 0.979439 1.816783 2.639565
v 0.946009 1.814480 2.639565
v 0.912579 1.812177 2.639565
v 0.879148 1.809875 2.639565
v 0.880301 1.779937 2.639565
v 0.881454 1.750000 2.639565
v 0.882607 1.720062 2.639565
v 0.883759 1.690125 2.639565
v 0.913731 1.688973 2.504892
v 0.943703 1.687822 2.451534
v 0.973675 1.686670 2.412679
v 1.003647 1.685519 2.381857
v 1.005953 1.718911 2.335502
v 1.008258 1.752303 2.306117
v 1.010564 1.785694 2.289622
v 1.012869 1.819086 2.284239
v 0.979439 1.816783 2.286168
v 0.946009 1.814480 2.291763
v 0.912579 1.812177 2.301030
v 0.879148 1.809875 2.313962
v 0.880301 1.779937 2.343078
v 0.881454 1.750000 2.386311
v 0.882607 1.720062 2.452957
v 0.556373 1.825995 2.639565
v 0.578276 1.849599 2.639565
v 0.600178 1.873204 2.639565
v 0.622081 1.896808 2.639565
v 0.643983 1.920413 2.639565
v 0.620813 1.942521 2.639565
v 0.597642 1.964628 2.639565
v 0.574471 1.986736 2.639565
v 0.551301 2.008843 2.639565
v 0.529513 1.983281 2.639565
v 0.507726 1.957720 2.639565
v 0.485939 1.932158 2.639565
v 0.464151 1.906596 2.639565
v 0.487207 1.886445 2.639565
v 0.510262 1.866295 2.639565
v 0.533318 1.846145 2.639565
v 0.556373 1.825995 2.639565
v 0.578276 1.849599 2.443275
v 0.600178 1.873204 2.374660
v 0.622081 1.896808 2.331616
v 0.643983 1.920413 2.304249
v 0.620813 1.942521 2.295655
v 0.597642 1.964628 2.289429
v 0.574471 1.986736 2.285570
v 0.551301 2.008843 2.284239
v 0.529513 1.983281 2.289700
v 0.507726 1.957720 2.306461
v 0.485939 1.932158 2.336313
v 0.464151 1.906596 2.383608
v 0.487207 1.886445 2.414386
v 0.510262 1.866295 2.453122
v 0.533318 1.846145 2.506169
v -0.564118 1.836358 2.639565
v -0.542216 1.857371 2.639565
v -0.520313 1.878385 2.639565
v -0.498411 1.899399 2.639565
v -0.476508 1.920413 2.639565
v -0.499679 1.942521 2.639565
v -0.522849 1.964628 2.639565
v -0.546020 1.986736 2.639565
v -0.569191 2.008843 2.639565
v -0.590978 1.983281 2.639565
v -0.612765 1.957720 2.639565
v -0.634553 1.932158 2.639565
v -0.656340 1.906596 2.639565
v -0.633284 1.889036 2.639565
v -0.610229 1.871477 2.639565
v -0.587174 1.853917 2.639565
v -0.564118 1.836358 2.639565
v -0.542216 1.857371 2.497920
v -0.520313 1.878385 2.442394
v -0.498411 1.899399 2.402325
v -0.476508 1.920413 2.371058
v -0.499679 1.942521 2.330334
v -0.522849 1.964628 2.304055
v -0.546020 1.986736 2.289125
v -0.569191 2.008843 2.284239
v -0.590978 1.983281 2.286429
v -0.612765 1.957720 2.292892
v -0.634553 1.932158 2.303545
v -0.656340 1.906596 2.318559
v -0.633284 1.889036 2.348299
v -0.610229 1.871477 2.391540
v -0.587174 1.853917 2.457351
v 1.331034 2.139954 1.218261
v 1.385214 2.193304 1.218261
v 1.439394 2.246654 1.218261
v 1.493574 2.300004 1.218261
v 1.547754 2.353354 1.218261
v 1.545449 2.541615 1.218261
v 1.543143 2.729876 1.218261
v 1.540838 2.918136 1.218261
v 1.538532 3.106397 1.218261
v 1.470519 3.110427 1.218261
v 1.402505 3.114457 1.218261
v 1.334492 3.118487 1.218261
v 1.266479 3.122517 1.218261
v 1.222673 3.160802 1.218261
v 1.178868 3.199088 1.218261
v 1.135063 3.237373 1.218261
v 1.091258 3.275658 1.218261
v 0.956384 3.144682 1.218261
v 0.821510 3.013706 1.218261
v 0.686636 2.882729 1.218261
v 0.551762 2.751753 1.218261
v 0.552237 2.680262 1.218261
v 0.552711 2.608771 1.218261
v 0.553186 2.537280 1.218261
v 0.553661 2.465789 1.218261
v 0.638491 2.391623 1.218261
v 0.723321 2.317457 1.218261
v 0.808151 2.243290 1.218261
v 0.892982 2.169124 1.218261
v 1.002495 2.161832 1.218261
v 1.112008 2.154539 1.218261
v 1.221521 2.147247 1.218261
v 1.331034 2.139954 0.647390
v 1.385214 2.193304 0.549150
v 1.439394 2.246654 0.470184
v 1.493574 2.300004 0.404724
v 1.547754 2.353354 0.349858
v 1.545449 2.541615 0.260489
v 1.543143 2.729876 0.199781
v 1.540838 2.918136 0.164194
v 1.538532 3.106397 0.152283
v 1.470519 3.110427 0.152581
v 1.402505 3.114457 0.153389
v 1.334492 3.118487 0.154648
v 1.266479 3.122517 0.156313
v 1.222673 3.160802 0.154855
v 1.178868 3.199088 0.153724
v 1.135063 3.237373 0.152897
v 1.091258 3.275658 0.152429
v 0.956384 3.144682 0.166081
v 0.821510 3.013706 0.203461
v 0.686636 2.882729 0.265837
v 0.551762 2.751753 0.356733
v 0.552237 2.680262 0.409412
v 0.552711 2.608771 0.471672
v 0.553186 2.537280 0.545842
v 0.553661 2.465789 0.636836
v 0.638491 2.391623 0.720772
v 0.723321 2.317457 0.818293
v 0.808151 2.243290 0.940930
v 0.892982 2.169124 1.218261
v 1.002495 2.161832 0.946004
v 1.112008 2.154539 0.825553
v 1.221521 2.147247 0.729763
v -1.345873 2.139364 1.218261
v -1.239198 2.146804 1.218261
v -1.132522 2.154244 1.218261
v -1.025847 2.161684 1.218261
v -0.919171 2.169124 1.218261
v -0.831086 2.243290 1.218261
v -0.743001 2.317457 1.218261
v -0.654916 2.391623 1.218261
v -0.566831 2.465789 1.218261
v -0.568458 2.540690 1.218261
v -0.570086 2.615591 1.218261
v -0.571713 2.690492 1.218261
v -0.573340 2.765393 1.218261
v -0.705909 2.893535 1.218261
v -0.838477 3.021677 1.218261
v -0.971046 3.149819 1.218261
v -1.103614 3.277961 1.218261
v -1.150878 3.239100 1.218261
v -1.198141 3.200239 1.218261
v -1.245405 3.161378 1.218261
v -1.292668 3.122517 1.218261
v -1.355955 3.116990 1.218261
v -1.419242 3.111463 1.218261
v -1.482529 3.105936 1.218261
v -1.545816 3.100409 1.218261
v -1.549390 2.913645 1.218261
v -1.552963 2.726882 1.218261
v -1.556537 2.540118 1.218261
v -1.560111 2.353354 1.218261
v -1.506551 2.299857 1.218261
v -1.452992 2.246359 1.218261
v -1.399432 2.192861 1.218261
v -1.345873 2.139364 0.648637
v -1.239198 2.146804 0.730399
v -1.132522 2.154244 0.825599
v -1.025847 2.161684 0.945668
v -0.919171 2.169124 1.218261
v -0.831086 2.243290 0.947274
v -0.743001 2.317457 0.825948
v -0.654916 2.391623 0.728697
v -0.566831 2.465789 0.644700
v -0.568458 2.540690 0.546705
v -0.570086 2.615591 0.467999
v -0.571713 2.690492 0.402810
v -0.573340 2.765393 0.348125
v -0.705909 2.893535 0.260219
v -0.838477 3.021677 0.200205
v -0.971046 3.149819 0.164702
v -1.103614 3.277961 0.152343
v -1.150878 3.239100 0.152620
v -1.198141 3.200239 0.153272
v -1.245405 3.161378 0.154265
v -1.292668 3.122517 0.155480
v -1.355955 3.116990 0.154194
v -1.419242 3.111463 0.153186
v -1.482529 3.105936 0.152526
v -1.545816 3.100409 0.152283
v -1.549390 2.913645 0.164145
v -1.552963 2.726882 0.199563
v -1.556537 2.540118 0.259883
v -1.560111 2.353354 0.348596
v -1.506551 2.299857 0.403767
v -1.452992 2.246359 0.469659
v -1.399432 2.192861 0.549321
v -0.236732 2.164518 1.218261
v -0.124913 2.164518 1.218261
v -0.013095 2.164518 1.218261
v 0.098724 2.164518 1.218261
v 0.210542 2.164518 1.218261
v 0.296322 2.239836 1.218261
v 0.382101 2.315154 1.218261
v 0.467881 2.390472 1.218261
v 0.553661 2.465789 1.218261
v 0.553186 2.537280 1.218261
v 0.552711 2.608771 1.218261
v 0.552237 2.680262 1.218261
v 0.551762 2.751753 1.218261
v 0.411124 2.888774 1.218261
v 0.270486 3.025796 1.218261
v 0.129849 3.162817 1.218261
v -0.010789 3.299839 1.218261
v -0.151427 3.166227 1.218261
v -0.292065 3.032616 1.218261
v -0.432703 2.899004 1.218261
v -0.573340 2.765393 1.218261
v -0.571713 2.690492 1.218261
v -0.570086 2.615591 1.218261
v -0.568458 2.540690 1.218261
v -0.566831 2.465789 1.218261
v -0.484306 2.390472 1.218261
v -0.401781 2.315154 1.218261
v -0.319257 2.239836 1.218261
v -0.236732 2.164518 1.058693
v -0.124913 2.164518 1.134771
v -0.013095 2.164518 1.218261
v 0.098724 2.164518 1.152586
v 0.210542 2.164518 1.076055
v 0.296322 2.239836 0.792050
v 0.382101 2.315154 0.639604
v 0.467881 2.390472 0.526829
v 0.553661 2.465789 0.437388
v 0.553186 2.537280 0.381339
v 0.552711 2.608771 0.333582
v 0.552237 2.680262 0.292846
v 0.551762 2.751753 0.258223
v 0.411124 2.888774 0.214513
v 0.270486 3.025796 0.181086
v 0.129849 3.162817 0.159830
v -0.010789 3.299839 0.152283
v -0.151427 3.166227 0.159317
v -0.292065 3.032616 0.179192
v -0.432703 2.899004 0.210118
v -0.573340 2.765393 0.250421
v -0.571713 2.690492 0.285401
v -0.570086 2.615591 0.327069
v -0.568458 2.540690 0.376422
v -0.566831 2.465789 0.434853
v -0.484306 2.390472 0.523318
v -0.401781 2.315154 0.634763
v -0.319257 2.239836 0.785384
o cara_c000
f 28 1 2
f 30 29 56
f 28 2 3
f 31 30 56
f 28 3 4
f 32 31 56
f 28 4 5
f 33 32 56
f 28 5 6
f 34 33 56
f 28 6 7
f 35 34 56
f 28 7 8
f 36 35 56
f 28 8 9
f 37 36 56
f 28 9 10
f 38 37 56
f 28 10 11
f 39 38 56
f 28 11 12
f 40 39 56
f 28 12 13
f 41 40 56
f 28 13 14
f 42 41 56
f 28 14 15
f 43 42 56
f 28 15 16
f 44 43 56
f 28 16 17
f 45 44 56
f 28 17 18
f 46 45 56
f 28 18 19
f 47 46 56
f 28 19 20
f 48 47 56
f 28 20 21
f 49 48 56
f 28 21 22
f 50 49 56
f 28 22 23
f 51 50 56
f 28 23 24
f 52 51 56
f 24 25 26
f 54 53 52
f 24 26 27
f 55 54 52
f 24 27 28
f 56 55 52
f 1 29 30
f 1 30 2
f 2 30 31
f 2 31 3
f 3 31 32
f 3 32 4
f 4 32 33
f 4 33 5
f 5 33 34
f 5 34 6
f 6 34 35
f 6 35 7
f 7 35 36
f 7 36 8
f 8 36 37
f 8 37 9
f 9 37 38
f 9 38 10
f 10 38 39
f 10 39 11
f 11 39 40
f 11 40 12
f 12 40 41
f 12 41 13
f 13 41 42
f 13 42 14
f 14 42 43
f 14 43 15
f 15 43 44
f 15 44 16
f 16 44 45
f 16 45 17
f 17 45 46
f 17 46 18
f 18 46 47
f 18 47 19
f 19 47 48
f 19 48 20
f 20 48 49
f 20 49 21
f 21 49 50
f 21 50 22
f 22 50 51
f 22 51 23
f 23 51 52
f 23 52 24
f 24 52 53
f 24 53 25
f 25 53 54
f 25 54 26
f 26 54 55
f 26 55 27
f 27 55 56
f 27 56 28
f 28 56 29
f 28 29 1
o cara_c001
f 92 57 58
f 94 93 128
f 92 58 59
f 95 94 128
f 92 59 60
f 96 95 128
f 92 60 61
f 97 96 128
f 92 61 62
f 98 97 128
f 92 62 63
f 99 98 128
f 92 63 64
f 100 99 128
f 92 64 65
f 101 100 128
f 92 65 66
f 102 101 128
f 92 66 67
f 103 102 128
f 92 67 68
f 104 103 128
f 92 68 69
f 105 104 128
f 92 69 70
f 106 105 128
f 92 70 71
f 107 106 128
f 92 71 72
f 108 107 128
f 92 72 73
f 109 108 128
f 92 73 74
f 110 109 128
f 92 74 75
f 111 110 128
f 92 75 76
f 112 111 128
f 92 76 77
f 113 112 128
f 92 77 78
f 114 113 128
f 92 78 79
f 115 114 128
f 92 79 80
f 116 115 128
f 92 80 81
f 117 116 128
f 92 81 82
f 118 117 128
f 92 82 83
f 119 118 128
f 84 85 86
f 122 121 120
f 83 84 86
f 122 120 119
f 83 86 87
f 123 122 119
f 83 87 88
f 124 123 119
f 83 88 89
f 125 124 119
f 83 89 90
f 126 125 119
f 83 90 91
f 127 126 119
f 83 91 92
f 128 127 119
f 57 93 94
f 57 94 58
f 58 94 95
f 58 95 59
f 59 95 96
f 59 96 60
f 60 96 97
f 60 97 61
f 61 97 98
f 61 98 62
f 62 98 99
f 62 99 63
f 63 99 100
f 63 100 64
f 64 100 101
f 64 101 65
f 65 101 102
f 65 102 66
f 66 102 103
f 66 103 67
f 67 103 104
f 67 104 68
f 68 104 105
f 68 105 69
f 69 105 106
f 69 106 70
f 70 106 107
f 70 107 71
f 71 107 108
f 71 108 72
f 72 108 109
f 72 109 73
f 73 109 110
f 73 110 74
f 74 110 111
f 74 111 75
f 75 111 112
f 75 112 76
f 76 112 113
f 76 113 77
f 77 113 114
f 77 114 78
f 78 114 115
f 78 115 79
f 79 115 116
f 79 116 80
f 80 116 117
f 80 117 81
f 81 117 118
f 81 118 82
f 82 118 119
f 82 119 83
f 83 119 120
f 83 120 84
f 84 120 121
f 84 121 85
f 85 121 122
f 85 122 86
f 86 122 123
f 86 123 87
f 87 123 124
f 87 124 88
f 88 124 125
f 88 125 89
f 89 125 126
f 89 126 90
f 90 126 127
f 90 127 91
f 91 127 128
f 91 128 92
f 92 128 93
f 92 93 57
o cara_c002
f 164 129 130
f 166 165 200
f 164 130 131
f 167 166 200
f 164 131 132
f 168 167 200
f 164 132 133
f 169 168 200
f 136 137 138
f 174 173 172
f 135 136 138
f 174 172 171
f 134 135 138
f 174 171 170
f 133 134 138
f 174 170 169
f 164 133 138
f 174 169 200
f 164 138 139
f 175 174 200
f 164 139 140
f 176 175 200
f 164 140 141
f 177 176 200
f 164 141 142
f 178 177 200
f 164 142 143
f 179 178 200
f 164 143 144
f 180 179 200
f 164 144 145
f 181 180 200
f 164 145 146
f 182 181 200
f 164 146 147
f 183 182 200
f 164 147 148
f 184 183 200
f 164 148 149
f 185 184 200
f 164 149 150
f 186 185 200
f 164 150 151
f 187 186 200
f 164 151 152
f 188 187 200
f 164 152 153
f 189 188 200
f 164 153 154
f 190 189 200
f 164 154 155
f 191 190 200
f 164 155 156
f 192 191 200
f 164 156 157
f 193 192 200
f 164 157 158
f 194 193 200
f 164 158 159
f 195 194 200
f 164 159 160
f 196 195 200
f 160 161 162
f 198 197 196
f 160 162 163
f 199 198 196
f 160 163 164
f 200 199 196
f 129 165 166
f 129 166 130
f 130 166 167
f 130 167 131
f 131 167 168
f 131 168 132
f 132 168 169
f 132 169 133
f 133 169 170
f 133 170 134
f 134 170 171
f 134 171 135
f 135 171 172
f 135 172 136
f 136 172 173
f 136 173 137
f 137 173 174
f 137 174 138
f 138 174 175
f 138 175 139
f 139 175 176
f 139 176 140
f 140 176 177
f 140 177 141
f 141 177 178
f 141 178 142
f 142 178 179
f 142 179 143
f 143 179 180
f 143 180 144
f 144 180 181
f 144 181 145
f 145 181 182
f 145 182 146
f 146 182 183
f 146 183 147
f 147 183 184
f 147 184 148
f 148 184 185
f 148 185 149
f 149 185 186
f 149 186 150
f 150 186 187
f 150 187 151
f 151 187 188
f 151 188 152
f 152 188 189
f 152 189 153
f 153 189 190
f 153 190 154
f 154 190 191
f 154 191 155
f 155 191 192
f 155 192 156
f 156 192 193
f 156 193 157
f 157 193 194
f 157 194 158
f 158 194 195
f 158 195 159
f 159 195 196
f 159 196 160
f 160 196 197
f 160 197 161
f 161 197 198
f 161 198 162
f 162 198 199
f 162 199 163
f 163 199 200
f 163 200 164
f 164 200 165
f 164 165 129
o cara_c003
f 236 201 202
f 238 237 272
f 236 202 203
f 239 238 272
f 236 203 204
f 240 239 272
f 236 204 205
f 241 240 272
f 236 205 206
f 242 241 272
f 236 206 207
f 243 242 272
f 236 207 208
f 244 243 272
f 236 208 209
f 245 244 272
f 236 209 210
f 246 245 272
f 236 210 211
f 247 246 272
f 236 211 212
f 248 247 272
f 236 212 213
f 249 248 272
f 236 213 214
f 250 249 272
f 236 214 215
f 251 250 272
f 216 217 218
f 254 253 252
f 215 216 218
f 254 252 251
f 215 218 219
f 255 254 251
f 215 219 220
f 256 255 251
f 215 220 221
f 257 256 251
f 215 221 222
f 258 257 251
f 215 222 223
f 259 258 251
f 215 223 224
f 260 259 251
f 215 224 225
f 261 260 251
f 215 225 226
f 262 261 251
f 215 226 227
f 263 262 251
f 215 227 228
f 264 263 251
f 215 228 229
f 265 264 251
f 236 215 229
f 265 251 272
f 236 229 230
f 266 265 272
f 236 230 231
f 267 266 272
f 236 231 232
f 268 267 272
f 232 233 234
f 270 269 268
f 236 232 234
f 270 268 272
f 234 235 236
f 272 271 270
f 201 237 238
f 201 238 202
f 202 238 239
f 202 239 203
f 203 239 240
f 203 240 204
f 204 240 241
f 204 241 205
f 205 241 242
f 205 242 206
f 206 242 243
f 206 243 207
f 207 243 244
f 207 244 208
f 208 244 245
f 208 245 209
f 209 245 246
f 209 246 210
f 210 246 247
f 210 247 211
f 211 247 248
f 211 248 212
f 212 248 249
f 212 249 213
f 213 249 250
f 213 250 214
f 214 250 251
f 214 251 215
f 215 251 252
f 215 252 216
f 216 252 253
f 216 253 217
f 217 253 254
f 217 254 218
f 218 254 255
f 218 255 219
f 219 255 256
f 219 256 220
f 220 256 257
f 220 257 221
f 221 257 258
f 221 258 222
f 222 258 259
f 222 259 223
f 223 259 260
f 223 260 224
f 224 260 261
f 224 261 225
f 225 261 262
f 225 262 226
f 226 262 263
f 226 263 227
f 227 263 264
f 227 264 228
f 228 264 265
f 228 265 229
f 229 265 266
f 229 266 230
f 230 266 267
f 230 267 231
f 231 267 268
f 231 268 232
f 232 268 269
f 232 269 233
f 233 269 270
f 233 270 234
f 234 270 271
f 234 271 235
f 235 271 272
f 235 272 236
f 236 272 237
f 236 237 201
o cara_c004
f 340 273 274
f 342 341 408
f 340 274 275
f 343 342 408
f 340 275 276
f 344 343 408
f 340 276 277
f 345 344 408
f 340 277 278
f 346 345 408
f 340 278 279
f 347 346 408
f 340 279 280
f 348 347 408
f 340 280 281
f 349 348 408
f 284 285 286
f 354 353 352
f 283 284 286
f 354 352 351
f 282 283 286
f 354 351 350
f 281 282 286
f 354 350 349
f 281 286 287
f 355 354 349
f 281 287 288
f 356 355 349
f 281 288 289
f 357 356 349
f 292 293 294
f 362 361 360
f 291 292 294
f 362 360 359
f 290 291 294
f 362 359 358
f 289 290 294
f 362 358 357
f 289 294 295
f 363 362 357
f 281 289 295
f 363 357 349
f 281 295 296
f 364 363 349
f 281 296 297
f 365 364 349
f 281 297 298
f 366 365 349
f 281 298 299
f 367 366 349
f 281 299 300
f 368 367 349
f 281 300 301
f 369 368 349
f 281 301 302
f 370 369 349
f 281 302 303
f 371 370 349
f 281 303 304
f 372 371 349
f 281 304 305
f 373 372 349
f 340 281 305
f 373 349 408
f 340 305 306
f 374 373 408
f 340 306 307
f 375 374 408
f 340 307 308
f 376 375 408
f 340 308 309
f 377 376 408
f 340 309 310
f 378 377 408
f 340 310 311
f 379 378 408
f 340 311 312
f 380 379 408
f 340 312 313
f 381 380 408
f 340 313 314
f 382 381 408
f 340 314 315
f 383 382 408
f 340 315 316
f 384 383 408
f 340 316 317
f 385 384 408
f 340 317 318
f 386 385 408
f 340 318 319
f 387 386 408
f 340 319 320
f 388 387 408
f 340 320 321
f 389 388 408
f 340 321 322
f 390 389 408
f 340 322 323
f 391 390 408
f 340 323 324
f 392 391 408
f 340 324 325
f 393 392 408
f 340 325 326
f 394 393 408
f 326 327 328
f 396 395 394
f 328 329 330
f 398 397 396
f 326 328 330
f 398 396 394
f 326 330 331
f 399 398 394
f 326 331 332
f 400 399 394
f 326 332 333
f 401 400 394
f 326 333 334
f 402 401 394
f 326 334 335
f 403 402 394
f 326 335 336
f 404 403 394
f 326 336 337
f 405 404 394
f 340 326 337
f 405 394 408
f 340 337 338
f 406 405 408
f 338 339 340
f 408 407 406
f 273 341 342
f 273 342 274
f 274 342 343
f 274 343 275
f 275 343 344
f 275 344 276
f 276 344 345
f 276 345 277
f 277 345 346
f 277 346 278
f 278 346 347
f 278 347 279
f 279 347 348
f 279 348 280
f 280 348 349
f 280 349 281
f 281 349 350
f 281 350 282
f 282 350 351
f 282 351 283
f 283 351 352
f 283 352 284
f 284 352 353
f 284 353 285
f 285 353 354
f 285 354 286
f 286 354 355
f 286 355 287
f 287 355 356
f 287 356 288
f 288 356 357
f 288 357 289
f 289 357 358
f 289 358 290
f 290 358 359
f 290 359 291
f 291 359 360
f 291 360 292
f 292 360 361
f 292 361 293
f 293 361 362
f 293 362 294
f 294 362 363
f 294 363 295
f 295 363 364
f 295 364 296
f 296 364 365
f 296 365 297
f 297 365 366
f 297 366 298
f 298 366 367
f 298 367 299
f 299 367 368
f 299 368 300
f 300 368 369
f 300 369 301
f 301 369 370
f 301 370 302
f 302 370 371
f 302 371 303
f 303 371 372
f 303 372 304
f 304 372 373
f 304 373 305
f 305 373 374
f 305 374 306
f 306 374 375
f 306 375 307
f 307 375 376
f 307 376 308
f 308 376 377
f 308 377 309
f 309 377 378
f 309 378 310
f 310 378 379
f 310 379 311
f 311 379 380
f 311 380 312
f 312 380 381
f 312 381 313
f 313 381 382
f 313 382 314
f 314 382 383
f 314 383 315
f 315 383 384
f 315 384 316
f 316 384 385
f 316 385 317
f 317 385 386
f 317 386 318
f 318 386 387
f 318 387 319
f 319 387 388
f 319 388 320
f 320 388 389
f 320 389 321
f 321 389 390
f 321 390 322
f 322 390 391
f 322 391 323
f 323 391 392
f 323 392 324
f 324 392 393
f 324 393 325
f 325 393 394
f 325 394 326
f 326 394 395
f 326 395 327
f 327 395 396
f 327 396 328
f 328 396 397
f 328 397 329
f 329 397 398
f 329 398 330
f 330 398 399
f 330 399 331
f 331 399 400
f 331 400 332
f 332 400 401
f 332 401 333
f 333 401 402
f 333 402 334
f 334 402 403
f 334 403 335
f 335 403 404
f 335 404 336
f 336 404 405
f 336 405 337
f 337 405 406
f 337 406 338
f 338 406 407
f 338 407 339
f 339 407 408
f 339 408 340
f 340 408 341
f 340 341 273
o cara_c005
f 444 409 410
f 446 445 480
f 444 410 411
f 447 446 480
f 444 411 412
f 448 447 480
f 444 412 413
f 449 448 480
f 444 413 414
f 450 449 480
f 444 414 415
f 451 450 480
f 444 415 416
f 452 451 480
f 444 416 417
f 453 452 480
f 420 421 422
f 458 457 456
f 419 420 422
f 458 456 455
f 418 419 422
f 458 455 454
f 417 418 422
f 458 454 453
f 417 422 423
f 459 458 453
f 417 423 424
f 460 459 453
f 417 424 425
f 461 460 453
f 417 425 426
f 462 461 453
f 417 426 427
f 463 462 453
f 417 427 428
f 464 463 453
f 417 428 429
f 465 464 453
f 417 429 430
f 466 465 453
f 444 417 430
f 466 453 480
f 444 430 431
f 467 466 480
f 444 431 432
f 468 467 480
f 444 432 433
f 469 468 480
f 444 433 434
f 470 469 480
f 444 434 435
f 471 470 480
f 444 435 436
f 472 471 480
f 444 436 437
f 473 472 480
f 444 437 438
f 474 473 480
f 444 438 439
f 475 474 480
f 444 439 440
f 476 475 480
f 444 440 441
f 477 476 480
f 441 442 443
f 479 478 477
f 441 443 444
f 480 479 477
f 409 445 446
f 409 446 410
f 410 446 447
f 410 447 411
f 411 447 448
f 411 448 412
f 412 448 449
f 412 449 413
f 413 449 450
f 413 450 414
f 414 450 451
f 414 451 415
f 415 451 452
f 415 452 416
f 416 452 453
f 416 453 417
f 417 453 454
f 417 454 418
f 418 454 455
f 418 455 419
f 419 455 456
f 419 456 420
f 420 456 457
f 420 457 421
f 421 457 458
f 421 458 422
f 422 458 459
f 422 459 423
f 423 459 460
f 423 460 424
f 424 460 461
f 424 461 425
f 425 461 462
f 425 462 426
f 426 462 463
f 426 463 427
f 427 463 464
f 427 464 428
f 428 464 465
f 428 465 429
f 429 465 466
f 429 466 430
f 430 466 467
f 430 467 431
f 431 467 468
f 431 468 432
f 432 468 469
f 432 469 433
f 433 469 470
f 433 470 434
f 434 470 471
f 434 471 435
f 435 471 472
f 435 472 436
f 436 472 473
f 436 473 437
f 437 473 474
f 437 474 438
f 438 474 475
f 438 475 439
f 439 475 476
f 439 476 440
f 440 476 477
f 440 477 441
f 441 477 478
f 441 478 442
f 442 478 479
f 442 479 443
f 443 479 480
f 443 480 444
f 444 480 445
f 444 445 409
o cara_c006
f 548 481 482
f 550 549 616
f 548 482 483
f 551 550 616
f 548 483 484
f 552 551 616
f 548 484 485
f 553 552 616
f 488 489 490
f 558 557 556
f 487 488 490
f 558 556 555
f 486 487 490
f 558 555 554
f 485 486 490
f 558 554 553
f 485 490 491
f 559 558 553
f 485 491 492
f 560 559 553
f 485 492 493
f 561 560 553
f 485 493 494
f 562 561 553
f 485 494 495
f 563 562 553
f 548 485 495
f 563 553 616
f 548 495 496
f 564 563 616
f 548 496 497
f 565 564 616
f 548 497 498
f 566 565 616
f 548 498 499
f 567 566 616
f 548 499 500
f 568 567 616
f 548 500 501
f 569 568 616
f 548 501 502
f 570 569 616
f 548 502 503
f 571 570 616
f 548 503 504
f 572 571 616
f 548 504 505
f 573 572 616
f 548 505 506
f 574 573 616
f 548 506 507
f 575 574 616
f 548 507 508
f 576 575 616
f 548 508 509
f 577 576 616
f 548 509 510
f 578 577 616
f 548 510 511
f 579 578 616
f 548 511 512
f 580 579 616
f 548 512 513
f 581 580 616
f 548 513 514
f 582 581 616
f 514 515 516
f 584 583 582
f 520 521 522
f 590 589 588
f 519 520 522
f 590 588 587
f 518 519 522
f 590 587 586
f 517 518 522
f 590 586 585
f 517 522 523
f 591 590 585
f 517 523 524
f 592 591 585
f 516 517 524
f 592 585 584
f 514 516 524
f 592 584 582
f 514 524 525
f 593 592 582
f 514 525 526
f 594 593 582
f 514 526 527
f 595 594 582
f 514 527 528
f 596 595 582
f 514 528 529
f 597 596 582
f 514 529 530
f 598 597 582
f 514 530 531
f 599 598 582
f 514 531 532
f 600 599 582
f 514 532 533
f 601 600 582
f 514 533 534
f 602 601 582
f 514 534 535
f 603 602 582
f 514 535 536
f 604 603 582
f 514 536 537
f 605 604 582
f 514 537 538
f 606 605 582
f 514 538 539
f 607 606 582
f 514 539 540
f 608 607 582
f 514 540 541
f 609 608 582
f 548 514 541
f 609 582 616
f 548 541 542
f 610 609 616
f 548 542 543
f 611 610 616
f 548 543 544
f 612 611 616
f 544 545 546
f 614 613 612
f 544 546 547
f 615 614 612
f 544 547 548
f 616 615 612
f 481 549 550
f 481 550 482
f 482 550 551
f 482 551 483
f 483 551 552
f 483 552 484
f 484 552 553
f 484 553 485
f 485 553 554
f 485 554 486
f 486 554 555
f 486 555 487
f 487 555 556
f 487 556 488
f 488 556 557
f 488 557 489
f 489 557 558
f 489 558 490
f 490 558 559
f 490 559 491
f 491 559 560
f 491 560 492
f 492 560 561
f 492 561 493
f 493 561 562
f 493 562 494
f 494 562 563
f 494 563 495
f 495 563 564
f 495 564 496
f 496 564 565
f 496 565 497
f 497 565 566
f 497 566 498
f 498 566 567
f 498 567 499
f 499 567 568
f 499 568 500
f 500 568 569
f 500 569 501
f 501 569 570
f 501 570 502
f 502 570 571
f 502 571 503
f 503 571 572
f 503 572 504
f 504 572 573
f 504 573 505
f 505 573 574
f 505 574 506
f 506 574 575
f 506 575 507
f 507 575 576
f 507 576 508
f 508 576 577
f 508 577 509
f 509 577 578
f 509 578 510
f 510 578 579
f 510 579 511
f 511 579 580
f 511 580 512
f 512 580 581
f 512 581 513
f 513 581 582
f 513 582 514
f 514 582 583
f 514 583 515
f 515 583 584
f 515 584 516
f 516 584 585
f 516 585 517
f 517 585 586
f 517 586 518
f 518 586 587
f 518 587 519
f 519 587 588
f 519 588 520
f 520 588 589
f 520 589 521
f 521 589 590
f 521 590 522
f 522 590 591
f 522 591 523
f 523 591 592
f 523 592 524
f 524 592 593
f 524 593 525
f 525 593 594
f 525 594 526
f 526 594 595
f 526 595 527
f 527 595 596
f 527 596 528
f 528 596 597
f 528 597 529
f 529 597 598
f 529 598 530
f 530 598 599
f 530 599 531
f 531 599 600
f 531 600 532
f 532 600 601
f 532 601 533
f 533 601 602
f 533 602 534
f 534 602 603
f 534 603 535
f 535 603 604
f 535 604 536
f 536 604 605
f 536 605 537
f 537 605 606
f 537 606 538
f 538 606 607
f 538 607 539
f 539 607 608
f 539 608 540
f 540 608 609
f 540 609 541
f 541 609 610
f 541 610 542
f 542 610 611
f 542 611 543
f 543 611 612
f 543 612 544
f 544 612 613
f 544 613 545
f 545 613 614
f 545 614 546
f 546 614 615
f 546 615 547
f 547 615 616
f 547 616 548
f 548 616 549
f 548 549 481
o cara_c007
f 648 617 618
f 650 649 680
f 648 618 619
f 651 650 680
f 648 619 620
f 652 651 680
f 648 620 621
f 653 652 680
f 648 621 622
f 654 653 680
f 648 622 623
f 655 654 680
f 648 623 624
f 656 655 680
f 648 624 625
f 657 656 680
f 648 625 626
f 658 657 680
f 648 626 627
f 659 658 680
f 648 627 628
f 660 659 680
f 648 628 629
f 661 660 680
f 648 629 630
f 662 661 680
f 648 630 631
f 663 662 680
f 648 631 632
f 664 663 680
f 648 632 633
f 665 664 680
f 648 633 634
f 666 665 680
f 648 634 635
f 667 666 680
f 648 635 636
f 668 667 680
f 648 636 637
f 669 668 680
f 648 637 638
f 670 669 680
f 648 638 639
f 671 670 680
f 648 639 640
f 672 671 680
f 648 640 641
f 673 672 680
f 648 641 642
f 674 673 680
f 648 642 643
f 675 674 680
f 648 643 644
f 676 675 680
f 644 645 646
f 678 677 676
f 644 646 647
f 679 678 676
f 644 647 648
f 680 679 676
f 617 649 650
f 617 650 618
f 618 650 651
f 618 651 619
f 619 651 652
f 619 652 620
f 620 652 653
f 620 653 621
f 621 653 654
f 621 654 622
f 622 654 655
f 622 655 623
f 623 655 656
f 623 656 624
f 624 656 657
f 624 657 625
f 625 657 658
f 625 658 626
f 626 658 659
f 626 659 627
f 627 659 660
f 627 660 628
f 628 660 661
f 628 661 629
f 629 661 662
f 629 662 630
f 630 662 663
f 630 663 631
f 631 663 664
f 631 664 632
f 632 664 665
f 632 665 633
f 633 665 666
f 633 666 634
f 634 666 667
f 634 667 635
f 635 667 668
f 635 668 636
f 636 668 669
f 636 669 637
f 637 669 670
f 637 670 638
f 638 670 671
f 638 671 639
f 639 671 672
f 639 672 640
f 640 672 673
f 640 673 641
f 641 673 674
f 641 674 642
f 642 674 675
f 642 675 643
f 643 675 676
f 643 676 644
f 644 676 677
f 644 677 645
f 645 677 678
f 645 678 646
f 646 678 679
f 646 679 647
f 647 679 680
f 647 680 648
f 648 680 649
f 648 649 617
o cara_c008
f 712 681 682
f 714 713 744
f 712 682 683
f 715 714 744
f 712 683 684
f 716 715 744
f 712 684 685
f 717 716 744
f 712 685 686
f 718 717 744
f 712 686 687
f 719 718 744
f 712 687 688
f 720 719 744
f 712 688 689
f 721 720 744
f 712 689 690
f 722 721 744
f 712 690 691
f 723 722 744
f 712 691 692
f 724 723 744
f 712 692 693
f 725 724 744
f 712 693 694
f 726 725 744
f 712 694 695
f 727 726 744
f 712 695 696
f 728 727 744
f 712 696 697
f 729 728 744
f 712 697 698
f 730 729 744
f 712 698 699
f 731 730 744
f 712 699 700
f 732 731 744
f 712 700 701
f 733 732 744
f 712 701 702
f 734 733 744
f 712 702 703
f 735 734 744
f 712 703 704
f 736 735 744
f 712 704 705
f 737 736 744
f 712 705 706
f 738 737 744
f 712 706 707
f 739 738 744
f 712 707 708
f 740 739 744
f 708 709 710
f 742 741 740
f 712 708 710
f 742 740 744
f 710 711 712
f 744 743 742
f 681 713 714
f 681 714 682
f 682 714 715
f 682 715 683
f 683 715 716
f 683 716 684
f 684 716 717
f 684 717 685
f 685 717 718
f 685 718 686
f 686 718 719
f 686 719 687
f 687 719 720
f 687 720 688
f 688 720 721
f 688 721 689
f 689 721 722
f 689 722 690
f 690 722 723
f 690 723 691
f 691 723 724
f 691 724 692
f 692 724 725
f 692 725 693
f 693 725 726
f 693 726 694
f 694 726 727
f 694 727 695
f 695 727 728
f 695 728 696
f 696 728 729
f 696 729 697
f 697 729 730
f 697 730 698
f 698 730 731
f 698 731 699
f 699 731 732
f 699 732 700
f 700 732 733
f 700 733 701
f 701 733 734
f 701 734 702
f 702 734 735
f 702 735 703
f 703 735 736
f 703 736 704
f 704 736 737
f 704 737 705
f 705 737 738
f 705 738 706
f 706 738 739
f 706 739 707
f 707 739 740
f 707 740 708
f 708 740 741
f 708 741 709
f 709 741 742
f 709 742 710
f 710 742 743
f 710 743 711
f 711 743 744
f 711 744 712
f 712 744 713
f 712 713 681
o cara_c009
f 772 745 746
f 774 773 800
f 772 746 747
f 775 774 800
f 772 747 748
f 776 775 800
f 772 748 749
f 777 776 800
f 772 749 750
f 778 777 800
f 772 750 751
f 779 778 800
f 772 751 752
f 780 779 800
f 772 752 753
f 781 780 800
f 772 753 754
f 782 781 800
f 772 754 755
f 783 782 800
f 772 755 756
f 784 783 800
f 772 756 757
f 785 784 800
f 772 757 758
f 786 785 800
f 772 758 759
f 787 786 800
f 772 759 760
f 788 787 800
f 772 760 761
f 789 788 800
f 772 761 762
f 790 789 800
f 772 762 763
f 791 790 800
f 764 765 766
f 794 793 792
f 763 764 766
f 794 792 791
f 763 766 767
f 795 794 791
f 763 767 768
f 796 795 791
f 763 768 769
f 797 796 791
f 763 769 770
f 798 797 791
f 763 770 771
f 799 798 791
f 763 771 772
f 800 799 791
f 745 773 774
f 745 774 746
f 746 774 775
f 746 775 747
f 747 775 776
f 747 776 748
f 748 776 777
f 748 777 749
f 749 777 778
f 749 778 750
f 750 778 779
f 750 779 751
f 751 779 780
f 751 780 752
f 752 780 781
f 752 781 753
f 753 781 782
f 753 782 754
f 754 782 783
f 754 783 755
f 755 783 784
f 755 784 756
f 756 784 785
f 756 785 757
f 757 785 786
f 757 786 758
f 758 786 787
f 758 787 759
f 759 787 788
f 759 788 760
f 760 788 789
f 760 789 761
f 761 789 790
f 761 790 762
f 762 790 791
f 762 791 763
f 763 791 792
f 763 792 764
f 764 792 793
f 764 793 765
f 765 793 794
f 765 794 766
f 766 794 795
f 766 795 767
f 767 795 796
f 767 796 768
f 768 796 797
f 768 797 769
f 769 797 798
f 769 798 770
f 770 798 799
f 770 799 771
f 771 799 800
f 771 800 772
f 772 800 773
f 772 773 745
o cara_c010
f 836 801 802
f 838 837 872
f 836 802 803
f 839 838 872
f 836 803 804
f 840 839 872
f 836 804 805
f 841 840 872
f 836 805 806
f 842 841 872
f 836 806 807
f 843 842 872
f 836 807 808
f 844 843 872
f 836 808 809
f 845 844 872
f 812 813 814
f 850 849 848
f 811 812 814
f 850 848 847
f 810 811 814
f 850 847 846
f 809 810 814
f 850 846 845
f 809 814 815
f 851 850 845
f 809 815 816
f 852 851 845
f 809 816 817
f 853 852 845
f 809 817 818
f 854 853 845
f 809 818 819
f 855 854 845
f 809 819 820
f 856 855 845
f 809 820 821
f 857 856 845
f 809 821 822
f 858 857 845
f 836 809 822
f 858 845 872
f 836 822 823
f 859 858 872
f 836 823 824
f 860 859 872
f 836 824 825
f 861 860 872
f 836 825 826
f 862 861 872
f 836 826 827
f 863 862 872
f 836 827 828
f 864 863 872
f 836 828 829
f 865 864 872
f 836 829 830
f 866 865 872
f 836 830 831
f 867 866 872
f 836 831 832
f 868 867 872
f 832 833 834
f 870 869 868
f 832 834 835
f 871 870 868
f 832 835 836
f 872 871 868
f 801 837 838
f 801 838 802
f 802 838 839
f 802 839 803
f 803 839 840
f 803 840 804
f 804 840 841
f 804 841 805
f 805 841 842
f 805 842 806
f 806 842 843
f 806 843 807
f 807 843 844
f 807 844 808
f 808 844 845
f 808 845 809
f 809 845 846
f 809 846 810
f 810 846 847
f 810 847 811
f 811 847 848
f 811 848 812
f 812 848 849
f 812 849 813
f 813 849 850
f 813 850 814
f 814 850 851
f 814 851 815
f 815 851 852
f 815 852 816
f 816 852 853
f 816 853 817
f 817 853 854
f 817 854 818
f 818 854 855
f 818 855 819
f 819 855 856
f 819 856 820
f 820 856 857
f 820 857 821
f 821 857 858
f 821 858 822
f 822 858 859
f 822 859 823
f 823 859 860
f 823 860 824
f 824 860 861
f 824 861 825
f 825 861 862
f 825 862 826
f 826 862 863
f 826 863 827
f 827 863 864
f 827 864 828
f 828 864 865
f 828 865 829
f 829 865 866
f 829 866 830
f 830 866 867
f 830 867 831
f 831 867 868
f 831 868 832
f 832 868 869
f 832 869 833
f 833 869 870
f 833 870 834
f 834 870 871
f 834 871 835
f 835 871 872
f 835 872 836
f 836 872 837
f 836 837 801
o cara_c011
f 908 873 874
f 910 909 944
f 908 874 875
f 911 910 944
f 908 875 876
f 912 911 944
f 908 876 877
f 913 912 944
f 908 877 878
f 914 913 944
f 908 878 879
f 915 914 944
f 908 879 880
f 916 915 944
f 908 880 881
f 917 916 944
f 908 881 882
f 918 917 944
f 908 882 883
f 919 918 944
f 908 883 884
f 920 919 944
f 908 884 885
f 921 920 944
f 908 885 886
f 922 921 944
f 908 886 887
f 923 922 944
f 888 889 890
f 926 925 924
f 887 888 890
f 926 924 923
f 887 890 891
f 927 926 923
f 887 891 892
f 928 927 923
f 887 892 893
f 929 928 923
f 887 893 894
f 930 929 923
f 887 894 895
f 931 930 923
f 887 895 896
f 932 931 923
f 887 896 897
f 933 932 923
f 887 897 898
f 934 933 923
f 887 898 899
f 935 934 923
f 887 899 900
f 936 935 923
f 887 900 901
f 937 936 923
f 908 887 901
f 937 923 944
f 908 901 902
f 938 937 944
f 908 902 903
f 939 938 944
f 908 903 904
f 940 939 944
f 904 905 906
f 942 941 940
f 908 904 906
f 942 940 944
f 906 907 908
f 944 943 942
f 873 909 910
f 873 910 874
f 874 910 911
f 874 911 875
f 875 911 912
f 875 912 876
f 876 912 913
f 876 913 877
f 877 913 914
f 877 914 878
f 878 914 915
f 878 915 879
f 879 915 916
f 879 916 880
f 880 916 917
f 880 917 881
f 881 917 918
f 881 918 882
f 882 918 919
f 882 919 883
f 883 919 920
f 883 920 884
f 884 920 921
f 884 921 885
f 885 921 922
f 885 922 886
f 886 922 923
f 886 923 887
f 887 923 924
f 887 924 888
f 888 924 925
f 888 925 889
f 889 925 926
f 889 926 890
f 890 926 927
f 890 927 891
f 891 927 928
f 891 928 892
f 892 928 929
f 892 929 893
f 893 929 930
f 893 930 894
f 894 930 931
f 894 931 895
f 895 931 932
f 895 932 896
f 896 932 933
f 896 933 897
f 897 933 934
f 897 934 898
f 898 934 935
f 898 935 899
f 899 935 936
f 899 936 900
f 900 936 937
f 900 937 901
f 901 937 938
f 901 938 902
f 902 938 939
f 902 939 903
f 903 939 940
f 903 940 904
f 904 940 941
f 904 941 905
f 905 941 942
f 905 942 906
f 906 942 943
f 906 943 907
f 907 943 944
f 907 944 908
f 908 944 909
f 908 909 873
o cara_c012
f 960 945 946
f 962 961 976
f 960 946 947
f 963 962 976
f 960 947 948
f 964 963 976
f 960 948 949
f 965 964 976
f 960 949 950
f 966 965 976
f 960 950 951
f 967 966 976
f 960 951 952
f 968 967 976
f 960 952 953
f 969 968 976
f 960 953 954
f 970 969 976
f 960 954 955
f 971 970 976
f 960 955 956
f 972 971 976
f 960 956 957
f 973 972 976
f 957 958 959
f 975 974 973
f 957 959 960
f 976 975 973
f 945 961 962
f 945 962 946
f 946 962 963
f 946 963 947
f 947 963 964
f 947 964 948
f 948 964 965
f 948 965 949
f 949 965 966
f 949 966 950
f 950 966 967
f 950 967 951
f 951 967 968
f 951 968 952
f 952 968 969
f 952 969 953
f 953 969 970
f 953 970 954
f 954 970 971
f 954 971 955
f 955 971 972
f 955 972 956
f 956 972 973
f 956 973 957
f 957 973 974
f 957 974 958
f 958 974 975
f 958 975 959
f 959 975 976
f 959 976 960
f 960 976 961
f 960 961 945
o cara_c013
f 992 977 978
f 994 993 1008
f 992 978 979
f 995 994 1008
f 992 979 980
f 996 995 1008
f 992 980 981
f 997 996 1008
f 992 981 982
f 998 997 1008
f 992 982 983
f 999 998 1008
f 992 983 984
f 1000 999 1008
f 992 984 985
f 1001 1000 1008
f 992 985 986
f 1002 1001 1008
f 992 986 987
f 1003 1002 1008
f 992 987 988
f 1004 1003 1008
f 988 989 990
f 1006 1005 1004
f 988 990 991
f 1007 1006 1004
f 988 991 992
f 1008 1007 1004
f 977 993 994
f 977 994 978
f 978 994 995
f 978 995 979
f 979 995 996
f 979 996 980
f 980 996 997
f 980 997 981
f 981 997 998
f 981 998 982
f 982 998 999
f 982 999 983
f 983 999 1000
f 983 1000 984
f 984 1000 1001
f 984 1001 985
f 985 1001 1002
f 985 1002 986
f 986 1002 1003
f 986 1003 987
f 987 1003 1004
f 987 1004 988
f 988 1004 1005
f 988 1005 989
f 989 1005 1006
f 989 1006 990
f 990 1006 1007
f 990 1007 991
f 991 1007 1008
f 991 1008 992
f 992 1008 993
f 992 993 977
o cara_c014
f 1024 1009 1010
f 1026 1025 1040
f 1024 1010 1011
f 1027 1026 1040
f 1024 1011 1012
f 1028 1027 1040
f 1024 1012 1013
f 1029 1028 1040
f 1024 1013 1014
f 1030 1029 1040
f 1024 1014 1015
f 1031 1030 1040
f 1024 1015 1016
f 1032 1031 1040
f 1024 1016 1017
f 1033 1032 1040
f 1024 1017 1018
f 1034 1033 1040
f 1024 1018 1019
f 1035 1034 1040
f 1024 1019 1020
f 1036 1035 1040
f 1020 1021 1022
f 1038 1037 1036
f 1020 1022 1023
f 1039 1038 1036
f 1020 1023 1024
f 1040 1039 1036
f 1009 1025 1026
f 1009 1026 1010
f 1010 1026 1027
f 1010 1027 1011
f 1011 1027 1028
f 1011 1028 1012
f 1012 1028 1029
f 1012 1029 1013
f 1013 1029 1030
f 1013 1030 1014
f 1014 1030 1031
f 1014 1031 1015
f 1015 1031 1032
f 1015 1032 1016
f 1016 1032 1033
f 1016 1033 1017
f 1017 1033 1034
f 1017 1034 1018
f 1018 1034 1035
f 1018 1035 1019
f 1019 1035 1036
f 1019 1036 1020
f 1020 1036 1037
f 1020 1037 1021
f 1021 1037 1038
f 1021 1038 1022
f 1022 1038 1039
f 1022 1039 1023
f 1023 1039 1040
f 1023 1040 1024
f 1024 1040 1025
f 1024 1025 1009
o cara_c015
f 1056 1041 1042
f 1058 1057 1072
f 1056 1042 1043
f 1059 1058 1072
f 1056 1043 1044
f 1060 1059 1072
f 1056 1044 1045
f 1061 1060 1072
f 1056 1045 1046
f 1062 1061 1072
f 1056 1046 1047
f 1063 1062 1072
f 1056 1047 1048
f 1064 1063 1072
f 1056 1048 1049
f 1065 1064 1072
f 1056 1049 1050
f 1066 1065 1072
f 1056 1050 1051
f 1067 1066 1072
f 1056 1051 1052
f 1068 1067 1072
f 1052 1053 1054
f 1070 1069 1068
f 1056 1052 1054
f 1070 1068 1072
f 1054 1055 1056
f 1072 1071 1070
f 1041 1057 1058
f 1041 1058 1042
f 1042 1058 1059
f 1042 1059 1043
f 1043 1059 1060
f 1043 1060 1044
f 1044 1060 1061
f 1044 1061 1045
f 1045 1061 1062
f 1045 1062 1046
f 1046 1062 1063
f 1046 1063 1047
f 1047 1063 1064
f 1047 1064 1048
f 1048 1064 1065
f 1048 1065 1049
f 1049 1065 1066
f 1049 1066 1050
f 1050 1066 1067
f 1050 1067 1051
f 1051 1067 1068
f 1051 1068 1052
f 1052 1068 1069
f 1052 1069 1053
f 1053 1069 1070
f 1053 1070 1054
f 1054 1070 1071
f 1054 1071 1055
f 1055 1071 1072
f 1055 1072 1056
f 1056 1072 1057
f 1056 1057 1041
o cara_c016
f 1112 1073 1074
f 1114 1113 1152
f 1112 1074 1075
f 1115 1114 1152
f 1112 1075 1076
f 1116 1115 1152
f 1112 1076 1077
f 1117 1116 1152
f 1112 1077 1078
f 1118 1117 1152
f 1112 1078 1079
f 1119 1118 1152
f 1112 1079 1080
f 1120 1119 1152
f 1112 1080 1081
f 1121 1120 1152
f 1112 1081 1082
f 1122 1121 1152
f 1112 1082 1083
f 1123 1122 1152
f 1112 1083 1084
f 1124 1123 1152
f 1112 1084 1085
f 1125 1124 1152
f 1112 1085 1086
f 1126 1125 1152
f 1112 1086 1087
f 1127 1126 1152
f 1112 1087 1088
f 1128 1127 1152
f 1112 1088 1089
f 1129 1128 1152
f 1092 1093 1094
f 1134 1133 1132
f 1091 1092 1094
f 1134 1132 1131
f 1090 1091 1094
f 1134 1131 1130
f 1089 1090 1094
f 1134 1130 1129
f 1112 1089 1094
f 1134 1129 1152
f 1112 1094 1095
f 1135 1134 1152
f 1112 1095 1096
f 1136 1135 1152
f 1112 1096 1097
f 1137 1136 1152
f 1112 1097 1098
f 1138 1137 1152
f 1112 1098 1099
f 1139 1138 1152
f 1099 1100 1101
f 1141 1140 1139
f 1099 1101 1102
f 1142 1141 1139
f 1099 1102 1103
f 1143 1142 1139
f 1099 1103 1104
f 1144 1143 1139
f 1099 1104 1105
f 1145 1144 1139
f 1099 1105 1106
f 1146 1145 1139
f 1099 1106 1107
f 1147 1146 1139
f 1099 1107 1108
f 1148 1147 1139
f 1099 1108 1109
f 1149 1148 1139
f 1112 1099 1109
f 1149 1139 1152
f 1112 1109 1110
f 1150 1149 1152
f 1110 1111 1112
f 1152 1151 1150
f 1073 1113 1114
f 1073 1114 1074
f 1074 1114 1115
f 1074 1115 1075
f 1075 1115 1116
f 1075 1116 1076
f 1076 1116 1117
f 1076 1117 1077
f 1077 1117 1118
f 1077 1118 1078
f 1078 1118 1119
f 1078 1119 1079
f 1079 1119 1120
f 1079 1120 1080
f 1080 1120 1121
f 1080 1121 1081
f 1081 1121 1122
f 1081 1122 1082
f 1082 1122 1123
f 1082 1123 1083
f 1083 1123 1124
f 1083 1124 1084
f 1084 1124 1125
f 1084 1125 1085
f 1085 1125 1126
f 1085 1126 1086
f 1086 1126 1127
f 1086 1127 1087
f 1087 1127 1128
f 1087 1128 1088
f 1088 1128 1129
f 1088 1129 1089
f 1089 1129 1130
f 1089 1130 1090
f 1090 1130 1131
f 1090 1131 1091
f 1091 1131 1132
f 1091 1132 1092
f 1092 1132 1133
f 1092 1133 1093
f 1093 1133 1134
f 1093 1134 1094
f 1094 1134 1135
f 1094 1135 1095
f 1095 1135 1136
f 1095 1136 1096
f 1096 1136 1137
f 1096 1137 1097
f 1097 1137 1138
f 1097 1138 1098
f 1098 1138 1139
f 1098 1139 1099
f 1099 1139 1140
f 1099 1140 1100
f 1100 1140 1141
f 1100 1141 1101
f 1101 1141 1142
f 1101 1142 1102
f 1102 1142 1143
f 1102 1143 1103
f 1103 1143 1144
f 1103 1144 1104
f 1104 1144 1145
f 1104 1145 1105
f 1105 1145 1146
f 1105 1146 1106
f 1106 1146 1147
f 1106 1147 1107
f 1107 1147 1148
f 1107 1148 1108
f 1108 1148 1149
f 1108 1149 1109
f 1109 1149 1150
f 1109 1150 1110
f 1110 1150 1151
f 1110 1151 1111
f 1111 1151 1152
f 1111 1152 1112
f 1112 1152 1113
f 1112 1113 1073
o cara_c017
f 1176 1153 1154
f 1178 1177 1200
f 1176 1154 1155
f 1179 1178 1200
f 1176 1155 1156
f 1180 1179 1200
f 1176 1156 1157
f 1181 1180 1200
f 1176 1157 1158
f 1182 1181 1200
f 1176 1158 1159
f 1183 1182 1200
f 1176 1159 1160
f 1184 1183 1200
f 1176 1160 1161
f 1185 1184 1200
f 1176 1161 1162
f 1186 1185 1200
f 1176 1162 1163
f 1187 1186 1200
f 1176 1163 1164
f 1188 1187 1200
f 1176 1164 1165
f 1189 1188 1200
f 1176 1165 1166
f 1190 1189 1200
f 1176 1166 1167
f 1191 1190 1200
f 1176 1167 1168
f 1192 1191 1200
f 1176 1168 1169
f 1193 1192 1200
f 1176 1169 1170
f 1194 1193 1200
f 1176 1170 1171
f 1195 1194 1200
f 1176 1171 1172
f 1196 1195 1200
f 1176 1172 1173
f 1197 1196 1200
f 1175 1176 1173
f 1197 1200 1199
f 1173 1174 1175
f 1199 1198 1197
f 1153 1177 1178
f 1153 1178 1154
f 1154 1178 1179
f 1154 1179 1155
f 1155 1179 1180
f 1155 1180 1156
f 1156 1180 1181
f 1156 1181 1157
f 1157 1181 1182
f 1157 1182 1158
f 1158 1182 1183
f 1158 1183 1159
f 1159 1183 1184
f 1159 1184 1160
f 1160 1184 1185
f 1160 1185 1161
f 1161 1185 1186
f 1161 1186 1162
f 1162 1186 1187
f 1162 1187 1163
f 1163 1187 1188
f 1163 1188 1164
f 1164 1188 1189
f 1164 1189 1165
f 1165 1189 1190
f 1165 1190 1166
f 1166 1190 1191
f 1166 1191 1167
f 1167 1191 1192
f 1167 1192 1168
f 1168 1192 1193
f 1168 1193 1169
f 1169 1193 1194
f 1169 1194 1170
f 1170 1194 1195
f 1170 1195 1171
f 1171 1195 1196
f 1171 1196 1172
f 1172 1196 1197
f 1172 1197 1173
f 1173 1197 1198
f 1173 1198 1174
f 1174 1198 1199
f 1174 1199 1175
f 1175 1199 1200
f 1175 1200 1176
f 1176 1200 1177
f 1176 1177 1153
o cara_c018
f 1224 1201 1202
f 1226 1225 1248
f 1224 1202 1203
f 1227 1226 1248
f 1224 1203 1204
f 1228 1227 1248
f 1224 1204 1205
f 1229 1228 1248
f 1224 1205 1206
f 1230 1229 1248
f 1224 1206 1207
f 1231 1230 1248
f 1224 1207 1208
f 1232 1231 1248
f 1224 1208 1209
f 1233 1232 1248
f 1224 1209 1210
f 1234 1233 1248
f 1224 1210 1211
f 1235 1234 1248
f 1224 1211 1212
f 1236 1235 1248
f 1224 1212 1213
f 1237 1236 1248
f 1224 1213 1214
f 1238 1237 1248
f 1224 1214 1215
f 1239 1238 1248
f 1224 1215 1216
f 1240 1239 1248
f 1224 1216 1217
f 1241 1240 1248
f 1224 1217 1218
f 1242 1241 1248
f 1224 1218 1219
f 1243 1242 1248
f 1224 1219 1220
f 1244 1243 1248
f 1220 1221 1222
f 1246 1245 1244
f 1220 1222 1223
f 1247 1246 1244
f 1220 1223 1224
f 1248 1247 1244
f 1201 1225 1226
f 1201 1226 1202
f 1202 1226 1227
f 1202 1227 1203
f 1203 1227 1228
f 1203 1228 1204
f 1204 1228 1229
f 1204 1229 1205
f 1205 1229 1230
f 1205 1230 1206
f 1206 1230 1231
f 1206 1231 1207
f 1207 1231 1232
f 1207 1232 1208
f 1208 1232 1233
f 1208 1233 1209
f 1209 1233 1234
f 1209 1234 1210
f 1210 1234 1235
f 1210 1235 1211
f 1211 1235 1236
f 1211 1236 1212
f 1212 1236 1237
f 1212 1237 1213
f 1213 1237 1238
f 1213 1238 1214
f 1214 1238 1239
f 1214 1239 1215
f 1215 1239 1240
f 1215 1240 1216
f 1216 1240 1241
f 1216 1241 1217
f 1217 1241 1242
f 1217 1242 1218
f 1218 1242 1243
f 1218 1243 1219
f 1219 1243 1244
f 1219 1244 1220
f 1220 1244 1245
f 1220 1245 1221
f 1221 1245 1246
f 1221 1246 1222
f 1222 1246 1247
f 1222 1247 1223
f 1223 1247 1248
f 1223 1248 1224
f 1224 1248 1225
f 1224 1225 1201
o cara_c019
f 1268 1249 1250
f 1270 1269 1288
f 1268 1250 1251
f 1271 1270 1288
f 1268 1251 1252
f 1272 1271 1288
f 1268 1252 1253
f 1273 1272 1288
f 1268 1253 1254
f 1274 1273 1288
f 1268 1254 1255
f 1275 1274 1288
f 1268 1255 1256
f 1276 1275 1288
f 1268 1256 1257
f 1277 1276 1288
f 1268 1257 1258
f 1278 1277 1288
f 1268 1258 1259
f 1279 1278 1288
f 1268 1259 1260
f 1280 1279 1288
f 1268 1260 1261
f 1281 1280 1288
f 1268 1261 1262
f 1282 1281 1288
f 1268 1262 1263
f 1283 1282 1288
f 1268 1263 1264
f 1284 1283 1288
f 1268 1264 1265
f 1285 1284 1288
f 1265 1266 1267
f 1287 1286 1285
f 1265 1267 1268
f 1288 1287 1285
f 1249 1269 1270
f 1249 1270 1250
f 1250 1270 1271
f 1250 1271 1251
f 1251 1271 1272
f 1251 1272 1252
f 1252 1272 1273
f 1252 1273 1253
f 1253 1273 1274
f 1253 1274 1254
f 1254 1274 1275
f 1254 1275 1255
f 1255 1275 1276
f 1255 1276 1256
f 1256 1276 1277
f 1256 1277 1257
f 1257 1277 1278
f 1257 1278 1258
f 1258 1278 1279
f 1258 1279 1259
f 1259 1279 1280
f 1259 1280 1260
f 1260 1280 1281
f 1260 1281 1261
f 1261 1281 1282
f 1261 1282 1262
f 1262 1282 1283
f 1262 1283 1263
f 1263 1283 1284
f 1263 1284 1264
f 1264 1284 1285
f 1264 1285 1265
f 1265 1285 1286
f 1265 1286 1266
f 1266 1286 1287
f 1266 1287 1267
f 1267 1287 1288
f 1267 1288 1268
f 1268 1288 1269
f 1268 1269 1249
o cara_c020
f 1304 1289 1290
f 1306 1305 1320
f 1304 1290 1291
f 1307 1306 1320
f 1304 1291 1292
f 1308 1307 1320
f 1304 1292 1293
f 1309 1308 1320
f 1304 1293 1294
f 1310 1309 1320
f 1304 1294 1295
f 1311 1310 1320
f 1304 1295 1296
f 1312 1311 1320
f 1304 1296 1297
f 1313 1312 1320
f 1304 1297 1298
f 1314 1313 1320
f 1304 1298 1299
f 1315 1314 1320
f 1304 1299 1300
f 1316 1315 1320
f 1304 1300 1301
f 1317 1316 1320
f 1301 1302 1303
f 1319 1318 1317
f 1301 1303 1304
f 1320 1319 1317
f 1289 1305 1306
f 1289 1306 1290
f 1290 1306 1307
f 1290 1307 1291
f 1291 1307 1308
f 1291 1308 1292
f 1292 1308 1309
f 1292 1309 1293
f 1293 1309 1310
f 1293 1310 1294
f 1294 1310 1311
f 1294 1311 1295
f 1295 1311 1312
f 1295 1312 1296
f 1296 1312 1313
f 1296 1313 1297
f 1297 1313 1314
f 1297 1314 1298
f 1298 1314 1315
f 1298 1315 1299
f 1299 1315 1316
f 1299 1316 1300
f 1300 1316 1317
f 1300 1317 1301
f 1301 1317 1318
f 1301 1318 1302
f 1302 1318 1319
f 1302 1319 1303
f 1303 1319 1320
f 1303 1320 1304
f 1304 1320 1305
f 1304 1305 1289
o cara_c021
f 1356 1321 1322
f 1358 1357 1392
f 1356 1322 1323
f 1359 1358 1392
f 1356 1323 1324
f 1360 1359 1392
f 1356 1324 1325
f 1361 1360 1392
f 1356 1325 1326
f 1362 1361 1392
f 1356 1326 1327
f 1363 1362 1392
f 1356 1327 1328
f 1364 1363 1392
f 1356 1328 1329
f 1365 1364 1392
f 1356 1329 1330
f 1366 1365 1392
f 1356 1330 1331
f 1367 1366 1392
f 1356 1331 1332
f 1368 1367 1392
f 1356 1332 1333
f 1369 1368 1392
f 1356 1333 1334
f 1370 1369 1392
f 1356 1334 1335
f 1371 1370 1392
f 1356 1335 1336
f 1372 1371 1392
f 1356 1336 1337
f 1373 1372 1392
f 1356 1337 1338
f 1374 1373 1392
f 1356 1338 1339
f 1375 1374 1392
f 1356 1339 1340
f 1376 1375 1392
f 1356 1340 1341
f 1377 1376 1392
f 1356 1341 1342
f 1378 1377 1392
f 1356 1342 1343
f 1379 1378 1392
f 1356 1343 1344
f 1380 1379 1392
f 1356 1344 1345
f 1381 1380 1392
f 1356 1345 1346
f 1382 1381 1392
f 1356 1346 1347
f 1383 1382 1392
f 1356 1347 1348
f 1384 1383 1392
f 1356 1348 1349
f 1385 1384 1392
f 1356 1349 1350
f 1386 1385 1392
f 1356 1350 1351
f 1387 1386 1392
f 1356 1351 1352
f 1388 1387 1392
f 1352 1353 1354
f 1390 1389 1388
f 1356 1352 1354
f 1390 1388 1392
f 1354 1355 1356
f 1392 1391 1390
f 1321 1357 1358
f 1321 1358 1322
f 1322 1358 1359
f 1322 1359 1323
f 1323 1359 1360
f 1323 1360 1324
f 1324 1360 1361
f 1324 1361 1325
f 1325 1361 1362
f 1325 1362 1326
f 1326 1362 1363
f 1326 1363 1327
f 1327 1363 1364
f 1327 1364 1328
f 1328 1364 1365
f 1328 1365 1329
f 1329 1365 1366
f 1329 1366 1330
f 1330 1366 1367
f 1330 1367 1331
f 1331 1367 1368
f 1331 1368 1332
f 1332 1368 1369
f 1332 1369 1333
f 1333 1369 1370
f 1333 1370 1334
f 1334 1370 1371
f 1334 1371 1335
f 1335 1371 1372
f 1335 1372 1336
f 1336 1372 1373
f 1336 1373 1337
f 1337 1373 1374
f 1337 1374 1338
f 1338 1374 1375
f 1338 1375 1339
f 1339 1375 1376
f 1339 1376 1340
f 1340 1376 1377
f 1340 1377 1341
f 1341 1377 1378
f 1341 1378 1342
f 1342 1378 1379
f 1342 1379 1343
f 1343 1379 1380
f 1343 1380 1344
f 1344 1380 1381
f 1344 1381 1345
f 1345 1381 1382
f 1345 1382 1346
f 1346 1382 1383
f 1346 1383 1347
f 1347 1383 1384
f 1347 1384 1348
f 1348 1384 1385
f 1348 1385 1349
f 1349 1385 1386
f 1349 1386 1350
f 1350 1386 1387
f 1350 1387 1351
f 1351 1387 1388
f 1351 1388 1352
f 1352 1388 1389
f 1352 1389 1353
f 1353 1389 1390
f 1353 1390 1354
f 1354 1390 1391
f 1354 1391 1355
f 1355 1391 1392
f 1355 1392 1356
f 1356 1392 1357
f 1356 1357 1321
o cara_c022
f 1424 1393 1394
f 1426 1425 1456
f 1424 1394 1395
f 1427 1426 1456
f 1424 1395 1396
f 1428 1427 1456
f 1424 1396 1397
f 1429 1428 1456
f 1424 1397 1398
f 1430 1429 1456
f 1424 1398 1399
f 1431 1430 1456
f 1424 1399 1400
f 1432 1431 1456
f 1424 1400 1401
f 1433 1432 1456
f 1424 1401 1402
f 1434 1433 1456
f 1424 1402 1403
f 1435 1434 1456
f 1424 1403 1404
f 1436 1435 1456
f 1424 1404 1405
f 1437 1436 1456
f 1424 1405 1406
f 1438 1437 1456
f 1424 1406 1407
f 1439 1438 1456
f 1424 1407 1408
f 1440 1439 1456
f 1424 1408 1409
f 1441 1440 1456
f 1424 1409 1410
f 1442 1441 1456
f 1424 1410 1411
f 1443 1442 1456
f 1424 1411 1412
f 1444 1443 1456
f 1424 1412 1413
f 1445 1444 1456
f 1424 1413 1414
f 1446 1445 1456
f 1424 1414 1415
f 1447 1446 1456
f 1424 1415 1416
f 1448 1447 1456
f 1424 1416 1417
f 1449 1448 1456
f 1424 1417 1418
f 1450 1449 1456
f 1424 1418 1419
f 1451 1450 1456
f 1424 1419 1420
f 1452 1451 1456
f 1420 1421 1422
f 1454 1453 1452
f 1424 1420 1422
f 1454 1452 1456
f 1422 1423 1424
f 1456 1455 1454
f 1393 1425 1426
f 1393 1426 1394
f 1394 1426 1427
f 1394 1427 1395
f 1395 1427 1428
f 1395 1428 1396
f 1396 1428 1429
f 1396 1429 1397
f 1397 1429 1430
f 1397 1430 1398
f 1398 1430 1431
f 1398 1431 1399
f 1399 1431 1432
f 1399 1432 1400
f 1400 1432 1433
f 1400 1433 1401
f 1401 1433 1434
f 1401 1434 1402
f 1402 1434 1435
f 1402 1435 1403
f 1403 1435 1436
f 1403 1436 1404
f 1404 1436 1437
f 1404 1437 1405
f 1405 1437 1438
f 1405 1438 1406
f 1406 1438 1439
f 1406 1439 1407
f 1407 1439 1440
f 1407 1440 1408
f 1408 1440 1441
f 1408 1441 1409
f 1409 1441 1442
f 1409 1442 1410
f 1410 1442 1443
f 1410 1443 1411
f 1411 1443 1444
f 1411 1444 1412
f 1412 1444 1445
f 1412 1445 1413
f 1413 1445 1446
f 1413 1446 1414
f 1414 1446 1447
f 1414 1447 1415
f 1415 1447 1448
f 1415 1448 1416
f 1416 1448 1449
f 1416 1449 1417
f 1417 1449 1450
f 1417 1450 1418
f 1418 1450 1451
f 1418 1451 1419
f 1419 1451 1452
f 1419 1452 1420
f 1420 1452 1453
f 1420 1453 1421
f 1421 1453 1454
f 1421 1454 1422
f 1422 1454 1455
f 1422 1455 1423
f 1423 1455 1456
f 1423 1456 1424
f 1424 1456 1425
f 1424 1425 1393
o cara_c023
f 1480 1457 1458
f 1482 1481 1504
f 1480 1458 1459
f 1483 1482 1504
f 1480 1459 1460
f 1484 1483 1504
f 1480 1460 1461
f 1485 1484 1504
f 1480 1461 1462
f 1486 1485 1504
f 1480 1462 1463
f 1487 1486 1504
f 1480 1463 1464
f 1488 1487 1504
f 1480 1464 1465
f 1489 1488 1504
f 1480 1465 1466
f 1490 1489 1504
f 1480 1466 1467
f 1491 1490 1504
f 1480 1467 1468
f 1492 1491 1504
f 1480 1468 1469
f 1493 1492 1504
f 1480 1469 1470
f 1494 1493 1504
f 1480 1470 1471
f 1495 1494 1504
f 1480 1471 1472
f 1496 1495 1504
f 1480 1472 1473
f 1497 1496 1504
f 1480 1473 1474
f 1498 1497 1504
f 1480 1474 1475
f 1499 1498 1504
f 1480 1475 1476
f 1500 1499 1504
f 1476 1477 1478
f 1502 1501 1500
f 1476 1478 1479
f 1503 1502 1500
f 1476 1479 1480
f 1504 1503 1500
f 1457 1481 1482
f 1457 1482 1458
f 1458 1482 1483
f 1458 1483 1459
f 1459 1483 1484
f 1459 1484 1460
f 1460 1484 1485
f 1460 1485 1461
f 1461 1485 1486
f 1461 1486 1462
f 1462 1486 1487
f 1462 1487 1463
f 1463 1487 1488
f 1463 1488 1464
f 1464 1488 1489
f 1464 1489 1465
f 1465 1489 1490
f 1465 1490 1466
f 1466 1490 1491
f 1466 1491 1467
f 1467 1491 1492
f 1467 1492 1468
f 1468 1492 1493
f 1468 1493 1469
f 1469 1493 1494
f 1469 1494 1470
f 1470 1494 1495
f 1470 1495 1471
f 1471 1495 1496
f 1471 1496 1472
f 1472 1496 1497
f 1472 1497 1473
f 1473 1497 1498
f 1473 1498 1474
f 1474 1498 1499
f 1474 1499 1475
f 1475 1499 1500
f 1475 1500 1476
f 1476 1500 1501
f 1476 1501 1477
f 1477 1501 1502
f 1477 1502 1478
f 1478 1502 1503
f 1478 1503 1479
f 1479 1503 1504
f 1479 1504 1480
f 1480 1504 1481
f 1480 1481 1457
o cara_c024
f 1528 1505 1506
f 1530 1529 1552
f 1528 1506 1507
f 1531 1530 1552
f 1528 1507 1508
f 1532 1531 1552
f 1528 1508 1509
f 1533 1532 1552
f 1528 1509 1510
f 1534 1533 1552
f 1528 1510 1511
f 1535 1534 1552
f 1528 1511 1512
f 1536 1535 1552
f 1528 1512 1513
f 1537 1536 1552
f 1528 1513 1514
f 1538 1537 1552
f 1528 1514 1515
f 1539 1538 1552
f 1528 1515 1516
f 1540 1539 1552
f 1528 1516 1517
f 1541 1540 1552
f 1528 1517 1518
f 1542 1541 1552
f 1528 1518 1519
f 1543 1542 1552
f 1528 1519 1520
f 1544 1543 1552
f 1528 1520 1521
f 1545 1544 1552
f 1528 1521 1522
f 1546 1545 1552
f 1528 1522 1523
f 1547 1546 1552
f 1528 1523 1524
f 1548 1547 1552
f 1524 1525 1526
f 1550 1549 1548
f 1524 1526 1527
f 1551 1550 1548
f 1524 1527 1528
f 1552 1551 1548
f 1505 1529 1530
f 1505 1530 1506
f 1506 1530 1531
f 1506 1531 1507
f 1507 1531 1532
f 1507 1532 1508
f 1508 1532 1533
f 1508 1533 1509
f 1509 1533 1534
f 1509 1534 1510
f 1510 1534 1535
f 1510 1535 1511
f 1511 1535 1536
f 1511 1536 1512
f 1512 1536 1537
f 1512 1537 1513
f 1513 1537 1538
f 1513 1538 1514
f 1514 1538 1539
f 1514 1539 1515
f 1515 1539 1540
f 1515 1540 1516
f 1516 1540 1541
f 1516 1541 1517
f 1517 1541 1542
f 1517 1542 1518
f 1518 1542 1543
f 1518 1543 1519
f 1519 1543 1544
f 1519 1544 1520
f 1520 1544 1545
f 1520 1545 1521
f 1521 1545 1546
f 1521 1546 1522
f 1522 1546 1547
f 1522 1547 1523
f 1523 1547 1548
f 1523 1548 1524
f 1524 1548 1549
f 1524 1549 1525
f 1525 1549 1550
f 1525 1550 1526
f 1526 1550 1551
f 1526 1551 1527
f 1527 1551 1552
f 1527 1552 1528
f 1528 1552 1529
f 1528 1529 1505
o cara_c025
f 1596 1553 1554
f 1598 1597 1640
f 1596 1554 1555
f 1599 1598 1640
f 1596 1555 1556
f 1600 1599 1640
f 1596 1556 1557
f 1601 1600 1640
f 1596 1557 1558
f 1602 1601 1640
f 1596 1558 1559
f 1603 1602 1640
f 1596 1559 1560
f 1604 1603 1640
f 1596 1560 1561
f 1605 1604 1640
f 1596 1561 1562
f 1606 1605 1640
f 1596 1562 1563
f 1607 1606 1640
f 1596 1563 1564
f 1608 1607 1640
f 1596 1564 1565
f 1609 1608 1640
f 1596 1565 1566
f 1610 1609 1640
f 1596 1566 1567
f 1611 1610 1640
f 1596 1567 1568
f 1612 1611 1640
f 1596 1568 1569
f 1613 1612 1640
f 1596 1569 1570
f 1614 1613 1640
f 1572 1573 1574
f 1618 1617 1616
f 1571 1572 1574
f 1618 1616 1615
f 1570 1571 1574
f 1618 1615 1614
f 1570 1574 1575
f 1619 1618 1614
f 1570 1575 1576
f 1620 1619 1614
f 1570 1576 1577
f 1621 1620 1614
f 1570 1577 1578
f 1622 1621 1614
f 1570 1578 1579
f 1623 1622 1614
f 1570 1579 1580
f 1624 1623 1614
f 1570 1580 1581
f 1625 1624 1614
f 1570 1581 1582
f 1626 1625 1614
f 1570 1582 1583
f 1627 1626 1614
f 1570 1583 1584
f 1628 1627 1614
f 1570 1584 1585
f 1629 1628 1614
f 1570 1585 1586
f 1630 1629 1614
f 1570 1586 1587
f 1631 1630 1614
f 1570 1587 1588
f 1632 1631 1614
f 1570 1588 1589
f 1633 1632 1614
f 1570 1589 1590
f 1634 1633 1614
f 1570 1590 1591
f 1635 1634 1614
f 1570 1591 1592
f 1636 1635 1614
f 1570 1592 1593
f 1637 1636 1614
f 1570 1593 1594
f 1638 1637 1614
f 1596 1570 1594
f 1638 1614 1640
f 1594 1595 1596
f 1640 1639 1638
f 1553 1597 1598
f 1553 1598 1554
f 1554 1598 1599
f 1554 1599 1555
f 1555 1599 1600
f 1555 1600 1556
f 1556 1600 1601
f 1556 1601 1557
f 1557 1601 1602
f 1557 1602 1558
f 1558 1602 1603
f 1558 1603 1559
f 1559 1603 1604
f 1559 1604 1560
f 1560 1604 1605
f 1560 1605 1561
f 1561 1605 1606
f 1561 1606 1562
f 1562 1606 1607
f 1562 1607 1563
f 1563 1607 1608
f 1563 1608 1564
f 1564 1608 1609
f 1564 1609 1565
f 1565 1609 1610
f 1565 1610 1566
f 1566 1610 1611
f 1566 1611 1567
f 1567 1611 1612
f 1567 1612 1568
f 1568 1612 1613
f 1568 1613 1569
f 1569 1613 1614
f 1569 1614 1570
f 1570 1614 1615
f 1570 1615 1571
f 1571 1615 1616
f 1571 1616 1572
f 1572 1616 1617
f 1572 1617 1573
f 1573 1617 1618
f 1573 1618 1574
f 1574 1618 1619
f 1574 1619 1575
f 1575 1619 1620
f 1575 1620 1576
f 1576 1620 1621
f 1576 1621 1577
f 1577 1621 1622
f 1577 1622 1578
f 1578 1622 1623
f 1578 1623 1579
f 1579 1623 1624
f 1579 1624 1580
f 1580 1624 1625
f 1580 1625 1581
f 1581 1625 1626
f 1581 1626 1582
f 1582 1626 1627
f 1582 1627 1583
f 1583 1627 1628
f 1583 1628 1584
f 1584 1628 1629
f 1584 1629 1585
f 1585 1629 1630
f 1585 1630 1586
f 1586 1630 1631
f 1586 1631 1587
f 1587 1631 1632
f 1587 1632 1588
f 1588 1632 1633
f 1588 1633 1589
f 1589 1633 1634
f 1589 1634 1590
f 1590 1634 1635
f 1590 1635 1591
f 1591 1635 1636
f 1591 1636 1592
f 1592 1636 1637
f 1592 1637 1593
f 1593 1637 1638
f 1593 1638 1594
f 1594 1638 1639
f 1594 1639 1595
f 1595 1639 1640
f 1595 1640 1596
f 1596 1640 1597
f 1596 1597 1553
o cara_c026
f 1656 1641 1642
f 1658 1657 1672
f 1656 1642 1643
f 1659 1658 1672
f 1656 1643 1644
f 1660 1659 1672
f 1656 1644 1645
f 1661 1660 1672
f 1656 1645 1646
f 1662 1661 1672
f 1656 1646 1647
f 1663 1662 1672
f 1656 1647 1648
f 1664 1663 1672
f 1656 1648 1649
f 1665 1664 1672
f 1656 1649 1650
f 1666 1665 1672
f 1656 1650 1651
f 1667 1666 1672
f 1656 1651 1652
f 1668 1667 1672
f 1652 1653 1654
f 1670 1669 1668
f 1652 1654 1655
f 1671 1670 1668
f 1652 1655 1656
f 1672 1671 1668
f 1641 1657 1658
f 1641 1658 1642
f 1642 1658 1659
f 1642 1659 1643
f 1643 1659 1660
f 1643 1660 1644
f 1644 1660 1661
f 1644 1661 1645
f 1645 1661 1662
f 1645 1662 1646
f 1646 1662 1663
f 1646 1663 1647
f 1647 1663 1664
f 1647 1664 1648
f 1648 1664 1665
f 1648 1665 1649
f 1649 1665 1666
f 1649 1666 1650
f 1650 1666 1667
f 1650 1667 1651
f 1651 1667 1668
f 1651 1668 1652
f 1652 1668 1669
f 1652 1669 1653
f 1653 1669 1670
f 1653 1670 1654
f 1654 1670 1671
f 1654 1671 1655
f 1655 1671 1672
f 1655 1672 1656
f 1656 1672 1657
f 1656 1657 1641
o cara_c027
f 1712 1673 1674
f 1714 1713 1752
f 1712 1674 1675
f 1715 1714 1752
f 1712 1675 1676
f 1716 1715 1752
f 1712 1676 1677
f 1717 1716 1752
f 1712 1677 1678
f 1718 1717 1752
f 1712 1678 1679
f 1719 1718 1752
f 1712 1679 1680
f 1720 1719 1752
f 1712 1680 1681
f 1721 1720 1752
f 1681 1682 1683
f 1723 1722 1721
f 1684 1685 1686
f 1726 1725 1724
f 1683 1684 1686
f 1726 1724 1723
f 1681 1683 1686
f 1726 1723 1721
f 1712 1681 1686
f 1726 1721 1752
f 1712 1686 1687
f 1727 1726 1752
f 1712 1687 1688
f 1728 1727 1752
f 1712 1688 1689
f 1729 1728 1752
f 1712 1689 1690
f 1730 1729 1752
f 1712 1690 1691
f 1731 1730 1752
f 1712 1691 1692
f 1732 1731 1752
f 1712 1692 1693
f 1733 1732 1752
f 1712 1693 1694
f 1734 1733 1752
f 1712 1694 1695
f 1735 1734 1752
f 1712 1695 1696
f 1736 1735 1752
f 1712 1696 1697
f 1737 1736 1752
f 1712 1697 1698
f 1738 1737 1752
f 1712 1698 1699
f 1739 1738 1752
f 1712 1699 1700
f 1740 1739 1752
f 1712 1700 1701
f 1741 1740 1752
f 1712 1701 1702
f 1742 1741 1752
f 1712 1702 1703
f 1743 1742 1752
f 1712 1703 1704
f 1744 1743 1752
f 1712 1704 1705
f 1745 1744 1752
f 1712 1705 1706
f 1746 1745 1752
f 1712 1706 1707
f 1747 1746 1752
f 1712 1707 1708
f 1748 1747 1752
f 1708 1709 1710
f 1750 1749 1748
f 1712 1708 1710
f 1750 1748 1752
f 1710 1711 1712
f 1752 1751 1750
f 1673 1713 1714
f 1673 1714 1674
f 1674 1714 1715
f 1674 1715 1675
f 1675 1715 1716
f 1675 1716 1676
f 1676 1716 1717
f 1676 1717 1677
f 1677 1717 1718
f 1677 1718 1678
f 1678 1718 1719
f 1678 1719 1679
f 1679 1719 1720
f 1679 1720 1680
f 1680 1720 1721
f 1680 1721 1681
f 1681 1721 1722
f 1681 1722 1682
f 1682 1722 1723
f 1682 1723 1683
f 1683 1723 1724
f 1683 1724 1684
f 1684 1724 1725
f 1684 1725 1685
f 1685 1725 1726
f 1685 1726 1686
f 1686 1726 1727
f 1686 1727 1687
f 1687 1727 1728
f 1687 1728 1688
f 1688 1728 1729
f 1688 1729 1689
f 1689 1729 1730
f 1689 1730 1690
f 1690 1730 1731
f 1690 1731 1691
f 1691 1731 1732
f 1691 1732 1692
f 1692 1732 1733
f 1692 1733 1693
f 1693 1733 1734
f 1693 1734 1694
f 1694 1734 1735
f 1694 1735 1695
f 1695 1735 1736
f 1695 1736 1696
f 1696 1736 1737
f 1696 1737 1697
f 1697 1737 1738
f 1697 1738 1698
f 1698 1738 1739
f 1698 1739 1699
f 1699 1739 1740
f 1699 1740 1700
f 1700 1740 1741
f 1700 1741 1701
f 1701 1741 1742
f 1701 1742 1702
f 1702 1742 1743
f 1702 1743 1703
f 1703 1743 1744
f 1703 1744 1704
f 1704 1744 1745
f 1704 1745 1705
f 1705 1745 1746
f 1705 1746 1706
f 1706 1746 1747
f 1706 1747 1707
f 1707 1747 1748
f 1707 1748 1708
f 1708 1748 1749
f 1708 1749 1709
f 1709 1749 1750
f 1709 1750 1710
f 1710 1750 1751
f 1710 1751 1711
f 1711 1751 1752
f 1711 1752 1712
f 1712 1752 1713
f 1712 1713 1673
o cara_c028
f 1768 1753 1754
f 1770 1769 1784
f 1768 1754 1755
f 1771 1770 1784
f 1768 1755 1756
f 1772 1771 1784
f 1768 1756 1757
f 1773 1772 1784
f 1768 1757 1758
f 1774 1773 1784
f 1768 1758 1759
f 1775 1774 1784
f 1768 1759 1760
f 1776 1775 1784
f 1768 1760 1761
f 1777 1776 1784
f 1768 1761 1762
f 1778 1777 1784
f 1768 1762 1763
f 1779 1778 1784
f 1768 1763 1764
f 1780 1779 1784
f 1764 1765 1766
f 1782 1781 1780
f 1764 1766 1767
f 1783 1782 1780
f 1764 1767 1768
f 1784 1783 1780
f 1753 1769 1770
f 1753 1770 1754
f 1754 1770 1771
f 1754 1771 1755
f 1755 1771 1772
f 1755 1772 1756
f 1756 1772 1773
f 1756 1773 1757
f 1757 1773 1774
f 1757 1774 1758
f 1758 1774 1775
f 1758 1775 1759
f 1759 1775 1776
f 1759 1776 1760
f 1760 1776 1777
f 1760 1777 1761
f 1761 1777 1778
f 1761 1778 1762
f 1762 1778 1779
f 1762 1779 1763
f 1763 1779 1780
f 1763 1780 1764
f 1764 1780 1781
f 1764 1781 1765
f 1765 1781 1782
f 1765 1782 1766
f 1766 1782 1783
f 1766 1783 1767
f 1767 1783 1784
f 1767 1784 1768
f 1768 1784 1769
f 1768 1769 1753
o cara_c029
f 1820 1785 1786
f 1822 1821 1856
f 1820 1786 1787
f 1823 1822 1856
f 1820 1787 1788
f 1824 1823 1856
f 1820 1788 1789
f 1825 1824 1856
f 1820 1789 1790
f 1826 1825 1856
f 1820 1790 1791
f 1827 1826 1856
f 1820 1791 1792
f 1828 1827 1856
f 1820 1792 1793
f 1829 1828 1856
f 1820 1793 1794
f 1830 1829 1856
f 1820 1794 1795
f 1831 1830 1856
f 1820 1795 1796
f 1832 1831 1856
f 1820 1796 1797
f 1833 1832 1856
f 1820 1797 1798
f 1834 1833 1856
f 1820 1798 1799
f 1835 1834 1856
f 1820 1799 1800
f 1836 1835 1856
f 1820 1800 1801
f 1837 1836 1856
f 1820 1801 1802
f 1838 1837 1856
f 1804 1805 1806
f 1842 1841 1840
f 1803 1804 1806
f 1842 1840 1839
f 1802 1803 1806
f 1842 1839 1838
f 1802 1806 1807
f 1843 1842 1838
f 1802 1807 1808
f 1844 1843 1838
f 1802 1808 1809
f 1845 1844 1838
f 1820 1802 1809
f 1845 1838 1856
f 1820 1809 1810
f 1846 1845 1856
f 1820 1810 1811
f 1847 1846 1856
f 1820 1811 1812
f 1848 1847 1856
f 1820 1812 1813
f 1849 1848 1856
f 1820 1813 1814
f 1850 1849 1856
f 1820 1814 1815
f 1851 1850 1856
f 1820 1815 1816
f 1852 1851 1856
f 1816 1817 1818
f 1854 1853 1852
f 1816 1818 1819
f 1855 1854 1852
f 1816 1819 1820
f 1856 1855 1852
f 1785 1821 1822
f 1785 1822 1786
f 1786 1822 1823
f 1786 1823 1787
f 1787 1823 1824
f 1787 1824 1788
f 1788 1824 1825
f 1788 1825 1789
f 1789 1825 1826
f 1789 1826 1790
f 1790 1826 1827
f 1790 1827 1791
f 1791 1827 1828
f 1791 1828 1792
f 1792 1828 1829
f 1792 1829 1793
f 1793 1829 1830
f 1793 1830 1794
f 1794 1830 1831
f 1794 1831 1795
f 1795 1831 1832
f 1795 1832 1796
f 1796 1832 1833
f 1796 1833 1797
f 1797 1833 1834
f 1797 1834 1798
f 1798 1834 1835
f 1798 1835 1799
f 1799 1835 1836
f 1799 1836 1800
f 1800 1836 1837
f 1800 1837 1801
f 1801 1837 1838
f 1801 1838 1802
f 1802 1838 1839
f 1802 1839 1803
f 1803 1839 1840
f 1803 1840 1804
f 1804 1840 1841
f 1804 1841 1805
f 1805 1841 1842
f 1805 1842 1806
f 1806 1842 1843
f 1806 1843 1807
f 1807 1843 1844
f 1807 1844 1808
f 1808 1844 1845
f 1808 1845 1809
f 1809 1845 1846
f 1809 1846 1810
f 1810 1846 1847
f 1810 1847 1811
f 1811 1847 1848
f 1811 1848 1812
f 1812 1848 1849
f 1812 1849 1813
f 1813 1849 1850
f 1813 1850 1814
f 1814 1850 1851
f 1814 1851 1815
f 1815 1851 1852
f 1815 1852 1816
f 1816 1852 1853
f 1816 1853 1817
f 1817 1853 1854
f 1817 1854 1818
f 1818 1854 1855
f 1818 1855 1819
f 1819 1855 1856
f 1819 1856 1820
f 1820 1856 1821
f 1820 1821 1785
o cara_c030
f 1892 1857 1858
f 1894 1893 1928
f 1892 1858 1859
f 1895 1894 1928
f 1892 1859 1860
f 1896 1895 1928
f 1892 1860 1861
f 1897 1896 1928
f 1892 1861 1862
f 1898 1897 1928
f 1892 1862 1863
f 1899 1898 1928
f 1892 1863 1864
f 1900 1899 1928
f 1892 1864 1865
f 1901 1900 1928
f 1892 1865 1866
f 1902 1901 1928
f 1892 1866 1867
f 1903 1902 1928
f 1892 1867 1868
f 1904 1903 1928
f 1892 1868 1869
f 1905 1904 1928
f 1892 1869 1870
f 1906 1905 1928
f 1892 1870 1871
f 1907 1906 1928
f 1892 1871 1872
f 1908 1907 1928
f 1892 1872 1873
f 1909 1908 1928
f 1892 1873 1874
f 1910 1909 1928
f 1892 1874 1875
f 1911 1910 1928
f 1892 1875 1876
f 1912 1911 1928
f 1892 1876 1877
f 1913 1912 1928
f 1892 1877 1878
f 1914 1913 1928
f 1892 1878 1879
f 1915 1914 1928
f 1892 1879 1880
f 1916 1915 1928
f 1892 1880 1881
f 1917 1916 1928
f 1892 1881 1882
f 1918 1917 1928
f 1892 1882 1883
f 1919 1918 1928
f 1892 1883 1884
f 1920 1919 1928
f 1892 1884 1885
f 1921 1920 1928
f 1892 1885 1886
f 1922 1921 1928
f 1892 1886 1887
f 1923 1922 1928
f 1892 1887 1888
f 1924 1923 1928
f 1892 1888 1889
f 1925 1924 1928
f 1892 1889 1890
f 1926 1925 1928
f 1890 1891 1892
f 1928 1927 1926
f 1857 1893 1894
f 1857 1894 1858
f 1858 1894 1895
f 1858 1895 1859
f 1859 1895 1896
f 1859 1896 1860
f 1860 1896 1897
f 1860 1897 1861
f 1861 1897 1898
f 1861 1898 1862
f 1862 1898 1899
f 1862 1899 1863
f 1863 1899 1900
f 1863 1900 1864
f 1864 1900 1901
f 1864 1901 1865
f 1865 1901 1902
f 1865 1902 1866
f 1866 1902 1903
f 1866 1903 1867
f 1867 1903 1904
f 1867 1904 1868
f 1868 1904 1905
f 1868 1905 1869
f 1869 1905 1906
f 1869 1906 1870
f 1870 1906 1907
f 1870 1907 1871
f 1871 1907 1908
f 1871 1908 1872
f 1872 1908 1909
f 1872 1909 1873
f 1873 1909 1910
f 1873 1910 1874
f 1874 1910 1911
f 1874 1911 1875
f 1875 1911 1912
f 1875 1912 1876
f 1876 1912 1913
f 1876 1913 1877
f 1877 1913 1914
f 1877 1914 1878
f 1878 1914 1915
f 1878 1915 1879
f 1879 1915 1916
f 1879 1916 1880
f 1880 1916 1917
f 1880 1917 1881
f 1881 1917 1918
f 1881 1918 1882
f 1882 1918 1919
f 1882 1919 1883
f 1883 1919 1920
f 1883 1920 1884
f 1884 1920 1921
f 1884 1921 1885
f 1885 1921 1922
f 1885 1922 1886
f 1886 1922 1923
f 1886 1923 1887
f 1887 1923 1924
f 1887 1924 1888
f 1888 1924 1925
f 1888 1925 1889
f 1889 1925 1926
f 1889 1926 1890
f 1890 1926 1927
f 1890 1927 1891
f 1891 1927 1928
f 1891 1928 1892
f 1892 1928 1893
f 1892 1893 1857
o cara_c031
f 1996 1929 1930
f 1998 1997 2064
f 1996 1930 1931
f 1999 1998 2064
f 1996 1931 1932
f 2000 1999 2064
f 1996 1932 1933
f 2001 2000 2064
f 1996 1933 1934
f 2002 2001 2064
f 1996 1934 1935
f 2003 2002 2064
f 1996 1935 1936
f 2004 2003 2064
f 1996 1936 1937
f 2005 2004 2064
f 1940 1941 1942
f 2010 2009 2008
f 1939 1940 1942
f 2010 2008 2007
f 1938 1939 1942
f 2010 2007 2006
f 1937 1938 1942
f 2010 2006 2005
f 1937 1942 1943
f 2011 2010 2005
f 1937 1943 1944
f 2012 2011 2005
f 1937 1944 1945
f 2013 2012 2005
f 1948 1949 1950
f 2018 2017 2016
f 1947 1948 1950
f 2018 2016 2015
f 1946 1947 1950
f 2018 2015 2014
f 1945 1946 1950
f 2018 2014 2013
f 1945 1950 1951
f 2019 2018 2013
f 1937 1945 1951
f 2019 2013 2005
f 1937 1951 1952
f 2020 2019 2005
f 1937 1952 1953
f 2021 2020 2005
f 1937 1953 1954
f 2022 2021 2005
f 1937 1954 1955
f 2023 2022 2005
f 1937 1955 1956
f 2024 2023 2005
f 1937 1956 1957
f 2025 2024 2005
f 1937 1957 1958
f 2026 2025 2005
f 1937 1958 1959
f 2027 2026 2005
f 1937 1959 1960
f 2028 2027 2005
f 1937 1960 1961
f 2029 2028 2005
f 1937 1961 1962
f 2030 2029 2005
f 1996 1937 1962
f 2030 2005 2064
f 1996 1962 1963
f 2031 2030 2064
f 1996 1963 1964
f 2032 2031 2064
f 1996 1964 1965
f 2033 2032 2064
f 1996 1965 1966
f 2034 2033 2064
f 1996 1966 1967
f 2035 2034 2064
f 1996 1967 1968
f 2036 2035 2064
f 1996 1968 1969
f 2037 2036 2064
f 1996 1969 1970
f 2038 2037 2064
f 1996 1970 1971
f 2039 2038 2064
f 1996 1971 1972
f 2040 2039 2064
f 1996 1972 1973
f 2041 2040 2064
f 1996 1973 1974
f 2042 2041 2064
f 1996 1974 1975
f 2043 2042 2064
f 1996 1975 1976
f 2044 2043 2064
f 1996 1976 1977
f 2045 2044 2064
f 1996 1977 1978
f 2046 2045 2064
f 1996 1978 1979
f 2047 2046 2064
f 1996 1979 1980
f 2048 2047 2064
f 1996 1980 1981
f 2049 2048 2064
f 1996 1981 1982
f 2050 2049 2064
f 1984 1985 1986
f 2054 2053 2052
f 1983 1984 1986
f 2054 2052 2051
f 1982 1983 1986
f 2054 2051 2050
f 1982 1986 1987
f 2055 2054 2050
f 1982 1987 1988
f 2056 2055 2050
f 1982 1988 1989
f 2057 2056 2050
f 1996 1982 1989
f 2057 2050 2064
f 1996 1989 1990
f 2058 2057 2064
f 1996 1990 1991
f 2059 2058 2064
f 1996 1991 1992
f 2060 2059 2064
f 1996 1992 1993
f 2061 2060 2064
f 1993 1994 1995
f 2063 2062 2061
f 1993 1995 1996
f 2064 2063 2061
f 1929 1997 1998
f 1929 1998 1930
f 1930 1998 1999
f 1930 1999 1931
f 1931 1999 2000
f 1931 2000 1932
f 1932 2000 2001
f 1932 2001 1933
f 1933 2001 2002
f 1933 2002 1934
f 1934 2002 2003
f 1934 2003 1935
f 1935 2003 2004
f 1935 2004 1936
f 1936 2004 2005
f 1936 2005 1937
f 1937 2005 2006
f 1937 2006 1938
f 1938 2006 2007
f 1938 2007 1939
f 1939 2007 2008
f 1939 2008 1940
f 1940 2008 2009
f 1940 2009 1941
f 1941 2009 2010
f 1941 2010 1942
f 1942 2010 2011
f 1942 2011 1943
f 1943 2011 2012
f 1943 2012 1944
f 1944 2012 2013
f 1944 2013 1945
f 1945 2013 2014
f 1945 2014 1946
f 1946 2014 2015
f 1946 2015 1947
f 1947 2015 2016
f 1947 2016 1948
f 1948 2016 2017
f 1948 2017 1949
f 1949 2017 2018
f 1949 2018 1950
f 1950 2018 2019
f 1950 2019 1951
f 1951 2019 2020
f 1951 2020 1952
f 1952 2020 2021
f 1952 2021 1953
f 1953 2021 2022
f 1953 2022 1954
f 1954 2022 2023
f 1954 2023 1955
f 1955 2023 2024
f 1955 2024 1956
f 1956 2024 2025
f 1956 2025 1957
f 1957 2025 2026
f 1957 2026 1958
f 1958 2026 2027
f 1958 2027 1959
f 1959 2027 2028
f 1959 2028 1960
f 1960 2028 2029
f 1960 2029 1961
f 1961 2029 2030
f 1961 2030 1962
f 1962 2030 2031
f 1962 2031 1963
f 1963 2031 2032
f 1963 2032 1964
f 1964 2032 2033
f 1964 2033 1965
f 1965 2033 2034
f 1965 2034 1966
f 1966 2034 2035
f 1966 2035 1967
f 1967 2035 2036
f 1967 2036 1968
f 1968 2036 2037
f 1968 2037 1969
f 1969 2037 2038
f 1969 2038 1970
f 1970 2038 2039
f 1970 2039 1971
f 1971 2039 2040
f 1971 2040 1972
f 1972 2040 2041
f 1972 2041 1973
f 1973 2041 2042
f 1973 2042 1974
f 1974 2042 2043
f 1974 2043 1975
f 1975 2043 2044
f 1975 2044 1976
f 1976 2044 2045
f 1976 2045 1977
f 1977 2045 2046
f 1977 2046 1978
f 1978 2046 2047
f 1978 2047 1979
f 1979 2047 2048
f 1979 2048 1980
f 1980 2048 2049
f 1980 2049 1981
f 1981 2049 2050
f 1981 2050 1982
f 1982 2050 2051
f 1982 2051 1983
f 1983 2051 2052
f 1983 2052 1984
f 1984 2052 2053
f 1984 2053 1985
f 1985 2053 2054
f 1985 2054 1986
f 1986 2054 2055
f 1986 2055 1987
f 1987 2055 2056
f 1987 2056 1988
f 1988 2056 2057
f 1988 2057 1989
f 1989 2057 2058
f 1989 2058 1990
f 1990 2058 2059
f 1990 2059 1991
f 1991 2059 2060
f 1991 2060 1992
f 1992 2060 2061
f 1992 2061 1993
f 1993 2061 2062
f 1993 2062 1994
f 1994 2062 2063
f 1994 2063 1995
f 1995 2063 2064
f 1995 2064 1996
f 1996 2064 1997
f 1996 1997 1929
o cara_c032
f 2128 2065 2066
f 2130 2129 2192
f 2128 2066 2067
f 2131 2130 2192
f 2128 2067 2068
f 2132 2131 2192
f 2128 2068 2069
f 2133 2132 2192
f 2070 2071 2072
f 2136 2135 2134
f 2072 2073 2074
f 2138 2137 2136
f 2070 2072 2074
f 2138 2136 2134
f 2069 2070 2074
f 2138 2134 2133
f 2069 2074 2075
f 2139 2138 2133
f 2128 2069 2075
f 2139 2133 2192
f 2128 2075 2076
f 2140 2139 2192
f 2128 2076 2077
f 2141 2140 2192
f 2128 2077 2078
f 2142 2141 2192
f 2128 2078 2079
f 2143 2142 2192
f 2128 2079 2080
f 2144 2143 2192
f 2128 2080 2081
f 2145 2144 2192
f 2128 2081 2082
f 2146 2145 2192
f 2128 2082 2083
f 2147 2146 2192
f 2128 2083 2084
f 2148 2147 2192
f 2128 2084 2085
f 2149 2148 2192
f 2128 2085 2086
f 2150 2149 2192
f 2128 2086 2087
f 2151 2150 2192
f 2128 2087 2088
f 2152 2151 2192
f 2128 2088 2089
f 2153 2152 2192
f 2128 2089 2090
f 2154 2153 2192
f 2128 2090 2091
f 2155 2154 2192
f 2128 2091 2092
f 2156 2155 2192
f 2128 2092 2093
f 2157 2156 2192
f 2128 2093 2094
f 2158 2157 2192
f 2100 2101 2102
f 2166 2165 2164
f 2099 2100 2102
f 2166 2164 2163
f 2098 2099 2102
f 2166 2163 2162
f 2097 2098 2102
f 2166 2162 2161
f 2097 2102 2103
f 2167 2166 2161
f 2097 2103 2104
f 2168 2167 2161
f 2096 2097 2104
f 2168 2161 2160
f 2095 2096 2104
f 2168 2160 2159
f 2094 2095 2104
f 2168 2159 2158
f 2094 2104 2105
f 2169 2168 2158
f 2094 2105 2106
f 2170 2169 2158
f 2094 2106 2107
f 2171 2170 2158
f 2094 2107 2108
f 2172 2171 2158
f 2094 2108 2109
f 2173 2172 2158
f 2094 2109 2110
f 2174 2173 2158
f 2094 2110 2111
f 2175 2174 2158
f 2094 2111 2112
f 2176 2175 2158
f 2094 2112 2113
f 2177 2176 2158
f 2094 2113 2114
f 2178 2177 2158
f 2094 2114 2115
f 2179 2178 2158
f 2094 2115 2116
f 2180 2179 2158
f 2094 2116 2117
f 2181 2180 2158
f 2094 2117 2118
f 2182 2181 2158
f 2094 2118 2119
f 2183 2182 2158
f 2094 2119 2120
f 2184 2183 2158
f 2094 2120 2121
f 2185 2184 2158
f 2128 2094 2121
f 2185 2158 2192
f 2128 2121 2122
f 2186 2185 2192
f 2128 2122 2123
f 2187 2186 2192
f 2128 2123 2124
f 2188 2187 2192
f 2128 2124 2125
f 2189 2188 2192
f 2125 2126 2127
f 2191 2190 2189
f 2125 2127 2128
f 2192 2191 2189
f 2065 2129 2130
f 2065 2130 2066
f 2066 2130 2131
f 2066 2131 2067
f 2067 2131 2132
f 2067 2132 2068
f 2068 2132 2133
f 2068 2133 2069
f 2069 2133 2134
f 2069 2134 2070
f 2070 2134 2135
f 2070 2135 2071
f 2071 2135 2136
f 2071 2136 2072
f 2072 2136 2137
f 2072 2137 2073
f 2073 2137 2138
f 2073 2138 2074
f 2074 2138 2139
f 2074 2139 2075
f 2075 2139 2140
f 2075 2140 2076
f 2076 2140 2141
f 2076 2141 2077
f 2077 2141 2142
f 2077 2142 2078
f 2078 2142 2143
f 2078 2143 2079
f 2079 2143 2144
f 2079 2144 2080
f 2080 2144 2145
f 2080 2145 2081
f 2081 2145 2146
f 2081 2146 2082
f 2082 2146 2147
f 2082 2147 2083
f 2083 2147 2148
f 2083 2148 2084
f 2084 2148 2149
f 2084 2149 2085
f 2085 2149 2150
f 2085 2150 2086
f 2086 2150 2151
f 2086 2151 2087
f 2087 2151 2152
f 2087 2152 2088
f 2088 2152 2153
f 2088 2153 2089
f 2089 2153 2154
f 2089 2154 2090
f 2090 2154 2155
f 2090 2155 2091
f 2091 2155 2156
f 2091 2156 2092
f 2092 2156 2157
f 2092 2157 2093
f 2093 2157 2158
f 2093 2158 2094
f 2094 2158 2159
f 2094 2159 2095
f 2095 2159 2160
f 2095 2160 2096
f 2096 2160 2161
f 2096 2161 2097
f 2097 2161 2162
f 2097 2162 2098
f 2098 2162 2163
f 2098 2163 2099
f 2099 2163 2164
f 2099 2164 2100
f 2100 2164 2165
f 2100 2165 2101
f 2101 2165 2166
f 2101 2166 2102
f 2102 2166 2167
f 2102 2167 2103
f 2103 2167 2168
f 2103 2168 2104
f 2104 2168 2169
f 2104 2169 2105
f 2105 2169 2170
f 2105 2170 2106
f 2106 2170 2171
f 2106 2171 2107
f 2107 2171 2172
f 2107 2172 2108
f 2108 2172 2173
f 2108 2173 2109
f 2109 2173 2174
f 2109 2174 2110
f 2110 2174 2175
f 2110 2175 2111
f 2111 2175 2176
f 2111 2176 2112
f 2112 2176 2177
f 2112 2177 2113
f 2113 2177 2178
f 2113 2178 2114
f 2114 2178 2179
f 2114 2179 2115
f 2115 2179 2180
f 2115 2180 2116
f 2116 2180 2181
f 2116 2181 2117
f 2117 2181 2182
f 2117 2182 2118
f 2118 2182 2183
f 2118 2183 2119
f 2119 2183 2184
f 2119 2184 2120
f 2120 2184 2185
f 2120 2185 2121
f 2121 2185 2186
f 2121 2186 2122
f 2122 2186 2187
f 2122 2187 2123
f 2123 2187 2188
f 2123 2188 2124
f 2124 2188 2189
f 2124 2189 2125
f 2125 2189 2190
f 2125 2190 2126
f 2126 2190 2191
f 2126 2191 2127
f 2127 2191 2192
f 2127 2192 2128
f 2128 2192 2129
f 2128 2129 2065
o cara_c033
f 2208 2193 2194
f 2210 2209 2224
f 2208 2194 2195
f 2211 2210 2224
f 2208 2195 2196
f 2212 2211 2224
f 2208 2196 2197
f 2213 2212 2224
f 2208 2197 2198
f 2214 2213 2224
f 2208 2198 2199
f 2215 2214 2224
f 2208 2199 2200
f 2216 2215 2224
f 2208 2200 2201
f 2217 2216 2224
f 2208 2201 2202
f 2218 2217 2224
f 2208 2202 2203
f 2219 2218 2224
f 2208 2203 2204
f 2220 2219 2224
f 2208 2204 2205
f 2221 2220 2224
f 2206 2207 2208
f 2224 2223 2222
f 2205 2206 2208
f 2224 2222 2221
f 2193 2209 2210
f 2193 2210 2194
f 2194 2210 2211
f 2194 2211 2195
f 2195 2211 2212
f 2195 2212 2196
f 2196 2212 2213
f 2196 2213 2197
f 2197 2213 2214
f 2197 2214 2198
f 2198 2214 2215
f 2198 2215 2199
f 2199 2215 2216
f 2199 2216 2200
f 2200 2216 2217
f 2200 2217 2201
f 2201 2217 2218
f 2201 2218 2202
f 2202 2218 2219
f 2202 2219 2203
f 2203 2219 2220
f 2203 2220 2204
f 2204 2220 2221
f 2204 2221 2205
f 2205 2221 2222
f 2205 2222 2206
f 2206 2222 2223
f 2206 2223 2207
f 2207 2223 2224
f 2207 2224 2208
f 2208 2224 2209
f 2208 2209 2193
o cara_c034
f 2240 2225 2226
f 2242 2241 2256
f 2240 2226 2227
f 2243 2242 2256
f 2240 2227 2228
f 2244 2243 2256
f 2240 2228 2229
f 2245 2244 2256
f 2240 2229 2230
f 2246 2245 2256
f 2240 2230 2231
f 2247 2246 2256
f 2240 2231 2232
f 2248 2247 2256
f 2240 2232 2233
f 2249 2248 2256
f 2240 2233 2234
f 2250 2249 2256
f 2240 2234 2235
f 2251 2250 2256
f 2240 2235 2236
f 2252 2251 2256
f 2236 2237 2238
f 2254 2253 2252
f 2240 2236 2238
f 2254 2252 2256
f 2238 2239 2240
f 2256 2255 2254
f 2225 2241 2242
f 2225 2242 2226
f 2226 2242 2243
f 2226 2243 2227
f 2227 2243 2244
f 2227 2244 2228
f 2228 2244 2245
f 2228 2245 2229
f 2229 2245 2246
f 2229 2246 2230
f 2230 2246 2247
f 2230 2247 2231
f 2231 2247 2248
f 2231 2248 2232
f 2232 2248 2249
f 2232 2249 2233
f 2233 2249 2250
f 2233 2250 2234
f 2234 2250 2251
f 2234 2251 2235
f 2235 2251 2252
f 2235 2252 2236
f 2236 2252 2253
f 2236 2253 2237
f 2237 2253 2254
f 2237 2254 2238
f 2238 2254 2255
f 2238 2255 2239
f 2239 2255 2256
f 2239 2256 2240
f 2240 2256 2241
f 2240 2241 2225
o cara_c035
f 2280 2257 2258
f 2282 2281 2304
f 2280 2258 2259
f 2283 2282 2304
f 2280 2259 2260
f 2284 2283 2304
f 2280 2260 2261
f 2285 2284 2304
f 2280 2261 2262
f 2286 2285 2304
f 2280 2262 2263
f 2287 2286 2304
f 2280 2263 2264
f 2288 2287 2304
f 2280 2264 2265
f 2289 2288 2304
f 2280 2265 2266
f 2290 2289 2304
f 2280 2266 2267
f 2291 2290 2304
f 2280 2267 2268
f 2292 2291 2304
f 2280 2268 2269
f 2293 2292 2304
f 2280 2269 2270
f 2294 2293 2304
f 2280 2270 2271
f 2295 2294 2304
f 2280 2271 2272
f 2296 2295 2304
f 2280 2272 2273
f 2297 2296 2304
f 2280 2273 2274
f 2298 2297 2304
f 2280 2274 2275
f 2299 2298 2304
f 2280 2275 2276
f 2300 2299 2304
f 2276 2277 2278
f 2302 2301 2300
f 2276 2278 2279
f 2303 2302 2300
f 2276 2279 2280
f 2304 2303 2300
f 2257 2281 2282
f 2257 2282 2258
f 2258 2282 2283
f 2258 2283 2259
f 2259 2283 2284
f 2259 2284 2260
f 2260 2284 2285
f 2260 2285 2261
f 2261 2285 2286
f 2261 2286 2262
f 2262 2286 2287
f 2262 2287 2263
f 2263 2287 2288
f 2263 2288 2264
f 2264 2288 2289
f 2264 2289 2265
f 2265 2289 2290
f 2265 2290 2266
f 2266 2290 2291
f 2266 2291 2267
f 2267 2291 2292
f 2267 2292 2268
f 2268 2292 2293
f 2268 2293 2269
f 2269 2293 2294
f 2269 2294 2270
f 2270 2294 2295
f 2270 2295 2271
f 2271 2295 2296
f 2271 2296 2272
f 2272 2296 2297
f 2272 2297 2273
f 2273 2297 2298
f 2273 2298 2274
f 2274 2298 2299
f 2274 2299 2275
f 2275 2299 2300
f 2275 2300 2276
f 2276 2300 2301
f 2276 2301 2277
f 2277 2301 2302
f 2277 2302 2278
f 2278 2302 2303
f 2278 2303 2279
f 2279 2303 2304
f 2279 2304 2280
f 2280 2304 2281
f 2280 2281 2257
o cara_c036
f 2328 2305 2306
f 2330 2329 2352
f 2328 2306 2307
f 2331 2330 2352
f 2328 2307 2308
f 2332 2331 2352
f 2328 2308 2309
f 2333 2332 2352
f 2328 2309 2310
f 2334 2333 2352
f 2328 2310 2311
f 2335 2334 2352
f 2328 2311 2312
f 2336 2335 2352
f 2328 2312 2313
f 2337 2336 2352
f 2328 2313 2314
f 2338 2337 2352
f 2328 2314 2315
f 2339 2338 2352
f 2328 2315 2316
f 2340 2339 2352
f 2328 2316 2317
f 2341 2340 2352
f 2328 2317 2318
f 2342 2341 2352
f 2328 2318 2319
f 2343 2342 2352
f 2328 2319 2320
f 2344 2343 2352
f 2328 2320 2321
f 2345 2344 2352
f 2328 2321 2322
f 2346 2345 2352
f 2328 2322 2323
f 2347 2346 2352
f 2328 2323 2324
f 2348 2347 2352
f 2324 2325 2326
f 2350 2349 2348
f 2324 2326 2327
f 2351 2350 2348
f 2324 2327 2328
f 2352 2351 2348
f 2305 2329 2330
f 2305 2330 2306
f 2306 2330 2331
f 2306 2331 2307
f 2307 2331 2332
f 2307 2332 2308
f 2308 2332 2333
f 2308 2333 2309
f 2309 2333 2334
f 2309 2334 2310
f 2310 2334 2335
f 2310 2335 2311
f 2311 2335 2336
f 2311 2336 2312
f 2312 2336 2337
f 2312 2337 2313
f 2313 2337 2338
f 2313 2338 2314
f 2314 2338 2339
f 2314 2339 2315
f 2315 2339 2340
f 2315 2340 2316
f 2316 2340 2341
f 2316 2341 2317
f 2317 2341 2342
f 2317 2342 2318
f 2318 2342 2343
f 2318 2343 2319
f 2319 2343 2344
f 2319 2344 2320
f 2320 2344 2345
f 2320 2345 2321
f 2321 2345 2346
f 2321 2346 2322
f 2322 2346 2347
f 2322 2347 2323
f 2323 2347 2348
f 2323 2348 2324
f 2324 2348 2349
f 2324 2349 2325
f 2325 2349 2350
f 2325 2350 2326
f 2326 2350 2351
f 2326 2351 2327
f 2327 2351 2352
f 2327 2352 2328
f 2328 2352 2329
f 2328 2329 2305
o cara_c037
f 2364 2353 2354
f 2366 2365 2376
f 2364 2354 2355
f 2367 2366 2376
f 2364 2355 2356
f 2368 2367 2376
f 2364 2356 2357
f 2369 2368 2376
f 2364 2357 2358
f 2370 2369 2376
f 2364 2358 2359
f 2371 2370 2376
f 2364 2359 2360
f 2372 2371 2376
f 2360 2361 2362
f 2374 2373 2372
f 2360 2362 2363
f 2375 2374 2372
f 2360 2363 2364
f 2376 2375 2372
f 2353 2365 2366
f 2353 2366 2354
f 2354 2366 2367
f 2354 2367 2355
f 2355 2367 2368
f 2355 2368 2356
f 2356 2368 2369
f 2356 2369 2357
f 2357 2369 2370
f 2357 2370 2358
f 2358 2370 2371
f 2358 2371 2359
f 2359 2371 2372
f 2359 2372 2360
f 2360 2372 2373
f 2360 2373 2361
f 2361 2373 2374
f 2361 2374 2362
f 2362 2374 2375
f 2362 2375 2363
f 2363 2375 2376
f 2363 2376 2364
f 2364 2376 2365
f 2364 2365 2353
o cara_c038
f 2388 2377 2378
f 2390 2389 2400
f 2388 2378 2379
f 2391 2390 2400
f 2388 2379 2380
f 2392 2391 2400
f 2388 2380 2381
f 2393 2392 2400
f 2388 2381 2382
f 2394 2393 2400
f 2388 2382 2383
f 2395 2394 2400
f 2388 2383 2384
f 2396 2395 2400
f 2388 2384 2385
f 2397 2396 2400
f 2385 2386 2387
f 2399 2398 2397
f 2385 2387 2388
f 2400 2399 2397
f 2377 2389 2390
f 2377 2390 2378
f 2378 2390 2391
f 2378 2391 2379
f 2379 2391 2392
f 2379 2392 2380
f 2380 2392 2393
f 2380 2393 2381
f 2381 2393 2394
f 2381 2394 2382
f 2382 2394 2395
f 2382 2395 2383
f 2383 2395 2396
f 2383 2396 2384
f 2384 2396 2397
f 2384 2397 2385
f 2385 2397 2398
f 2385 2398 2386
f 2386 2398 2399
f 2386 2399 2387
f 2387 2399 2400
f 2387 2400 2388
f 2388 2400 2389
f 2388 2389 2377
o cara_c039
f 2416 2401 2402
f 2418 2417 2432
f 2416 2402 2403
f 2419 2418 2432
f 2416 2403 2404
f 2420 2419 2432
f 2416 2404 2405
f 2421 2420 2432
f 2416 2405 2406
f 2422 2421 2432
f 2416 2406 2407
f 2423 2422 2432
f 2416 2407 2408
f 2424 2423 2432
f 2416 2408 2409
f 2425 2424 2432
f 2416 2409 2410
f 2426 2425 2432
f 2416 2410 2411
f 2427 2426 2432
f 2416 2411 2412
f 2428 2427 2432
f 2412 2413 2414
f 2430 2429 2428
f 2412 2414 2415
f 2431 2430 2428
f 2412 2415 2416
f 2432 2431 2428
f 2401 2417 2418
f 2401 2418 2402
f 2402 2418 2419
f 2402 2419 2403
f 2403 2419 2420
f 2403 2420 2404
f 2404 2420 2421
f 2404 2421 2405
f 2405 2421 2422
f 2405 2422 2406
f 2406 2422 2423
f 2406 2423 2407
f 2407 2423 2424
f 2407 2424 2408
f 2408 2424 2425
f 2408 2425 2409
f 2409 2425 2426
f 2409 2426 2410
f 2410 2426 2427
f 2410 2427 2411
f 2411 2427 2428
f 2411 2428 2412
f 2412 2428 2429
f 2412 2429 2413
f 2413 2429 2430
f 2413 2430 2414
f 2414 2430 2431
f 2414 2431 2415
f 2415 2431 2432
f 2415 2432 2416
f 2416 2432 2417
f 2416 2417 2401
o cara_c040
f 2444 2433 2434
f 2446 2445 2456
f 2444 2434 2435
f 2447 2446 2456
f 2444 2435 2436
f 2448 2447 2456
f 2444 2436 2437
f 2449 2448 2456
f 2444 2437 2438
f 2450 2449 2456
f 2444 2438 2439
f 2451 2450 2456
f 2444 2439 2440
f 2452 2451 2456
f 2444 2440 2441
f 2453 2452 2456
f 2441 2442 2443
f 2455 2454 2453
f 2441 2443 2444
f 2456 2455 2453
f 2433 2445 2446
f 2433 2446 2434
f 2434 2446 2447
f 2434 2447 2435
f 2435 2447 2448
f 2435 2448 2436
f 2436 2448 2449
f 2436 2449 2437
f 2437 2449 2450
f 2437 2450 2438
f 2438 2450 2451
f 2438 2451 2439
f 2439 2451 2452
f 2439 2452 2440
f 2440 2452 2453
f 2440 2453 2441
f 2441 2453 2454
f 2441 2454 2442
f 2442 2454 2455
f 2442 2455 2443
f 2443 2455 2456
f 2443 2456 2444
f 2444 2456 2445
f 2444 2445 2433
o cara_c041
f 2472 2457 2458
f 2474 2473 2488
f 2472 2458 2459
f 2475 2474 2488
f 2472 2459 2460
f 2476 2475 2488
f 2472 2460 2461
f 2477 2476 2488
f 2472 2461 2462
f 2478 2477 2488
f 2472 2462 2463
f 2479 2478 2488
f 2472 2463 2464
f 2480 2479 2488
f 2472 2464 2465
f 2481 2480 2488
f 2472 2465 2466
f 2482 2481 2488
f 2472 2466 2467
f 2483 2482 2488
f 2472 2467 2468
f 2484 2483 2488
f 2468 2469 2470
f 2486 2485 2484
f 2468 2470 2471
f 2487 2486 2484
f 2468 2471 2472
f 2488 2487 2484
f 2457 2473 2474
f 2457 2474 2458
f 2458 2474 2475
f 2458 2475 2459
f 2459 2475 2476
f 2459 2476 2460
f 2460 2476 2477
f 2460 2477 2461
f 2461 2477 2478
f 2461 2478 2462
f 2462 2478 2479
f 2462 2479 2463
f 2463 2479 2480
f 2463 2480 2464
f 2464 2480 2481
f 2464 2481 2465
f 2465 2481 2482
f 2465 2482 2466
f 2466 2482 2483
f 2466 2483 2467
f 2467 2483 2484
f 2467 2484 2468
f 2468 2484 2485
f 2468 2485 2469
f 2469 2485 2486
f 2469 2486 2470
f 2470 2486 2487
f 2470 2487 2471
f 2471 2487 2488
f 2471 2488 2472
f 2472 2488 2473
f 2472 2473 2457
o cara_c042
f 2520 2489 2490
f 2522 2521 2552
f 2520 2490 2491
f 2523 2522 2552
f 2520 2491 2492
f 2524 2523 2552
f 2520 2492 2493
f 2525 2524 2552
f 2520 2493 2494
f 2526 2525 2552
f 2520 2494 2495
f 2527 2526 2552
f 2520 2495 2496
f 2528 2527 2552
f 2520 2496 2497
f 2529 2528 2552
f 2520 2497 2498
f 2530 2529 2552
f 2520 2498 2499
f 2531 2530 2552
f 2520 2499 2500
f 2532 2531 2552
f 2520 2500 2501
f 2533 2532 2552
f 2520 2501 2502
f 2534 2533 2552
f 2520 2502 2503
f 2535 2534 2552
f 2520 2503 2504
f 2536 2535 2552
f 2520 2504 2505
f 2537 2536 2552
f 2520 2505 2506
f 2538 2537 2552
f 2520 2506 2507
f 2539 2538 2552
f 2520 2507 2508
f 2540 2539 2552
f 2520 2508 2509
f 2541 2540 2552
f 2520 2509 2510
f 2542 2541 2552
f 2520 2510 2511
f 2543 2542 2552
f 2520 2511 2512
f 2544 2543 2552
f 2520 2512 2513
f 2545 2544 2552
f 2520 2513 2514
f 2546 2545 2552
f 2520 2514 2515
f 2547 2546 2552
f 2520 2515 2516
f 2548 2547 2552
f 2520 2516 2517
f 2549 2548 2552
f 2517 2518 2519
f 2551 2550 2549
f 2517 2519 2520
f 2552 2551 2549
f 2489 2521 2522
f 2489 2522 2490
f 2490 2522 2523
f 2490 2523 2491
f 2491 2523 2524
f 2491 2524 2492
f 2492 2524 2525
f 2492 2525 2493
f 2493 2525 2526
f 2493 2526 2494
f 2494 2526 2527
f 2494 2527 2495
f 2495 2527 2528
f 2495 2528 2496
f 2496 2528 2529
f 2496 2529 2497
f 2497 2529 2530
f 2497 2530 2498
f 2498 2530 2531
f 2498 2531 2499
f 2499 2531 2532
f 2499 2532 2500
f 2500 2532 2533
f 2500 2533 2501
f 2501 2533 2534
f 2501 2534 2502
f 2502 2534 2535
f 2502 2535 2503
f 2503 2535 2536
f 2503 2536 2504
f 2504 2536 2537
f 2504 2537 2505
f 2505 2537 2538
f 2505 2538 2506
f 2506 2538 2539
f 2506 2539 2507
f 2507 2539 2540
f 2507 2540 2508
f 2508 2540 2541
f 2508 2541 2509
f 2509 2541 2542
f 2509 2542 2510
f 2510 2542 2543
f 2510 2543 2511
f 2511 2543 2544
f 2511 2544 2512
f 2512 2544 2545
f 2512 2545 2513
f 2513 2545 2546
f 2513 2546 2514
f 2514 2546 2547
f 2514 2547 2515
f 2515 2547 2548
f 2515 2548 2516
f 2516 2548 2549
f 2516 2549 2517
f 2517 2549 2550
f 2517 2550 2518
f 2518 2550 2551
f 2518 2551 2519
f 2519 2551 2552
f 2519 2552 2520
f 2520 2552 2521
f 2520 2521 2489
o cara_c043
f 2576 2553 2554
f 2578 2577 2600
f 2576 2554 2555
f 2579 2578 2600
f 2576 2555 2556
f 2580 2579 2600
f 2576 2556 2557
f 2581 2580 2600
f 2576 2557 2558
f 2582 2581 2600
f 2576 2558 2559
f 2583 2582 2600
f 2576 2559 2560
f 2584 2583 2600
f 2576 2560 2561
f 2585 2584 2600
f 2576 2561 2562
f 2586 2585 2600
f 2576 2562 2563
f 2587 2586 2600
f 2576 2563 2564
f 2588 2587 2600
f 2576 2564 2565
f 2589 2588 2600
f 2576 2565 2566
f 2590 2589 2600
f 2576 2566 2567
f 2591 2590 2600
f 2576 2567 2568
f 2592 2591 2600
f 2576 2568 2569
f 2593 2592 2600
f 2576 2569 2570
f 2594 2593 2600
f 2576 2570 2571
f 2595 2594 2600
f 2576 2571 2572
f 2596 2595 2600
f 2572 2573 2574
f 2598 2597 2596
f 2572 2574 2575
f 2599 2598 2596
f 2572 2575 2576
f 2600 2599 2596
f 2553 2577 2578
f 2553 2578 2554
f 2554 2578 2579
f 2554 2579 2555
f 2555 2579 2580
f 2555 2580 2556
f 2556 2580 2581
f 2556 2581 2557
f 2557 2581 2582
f 2557 2582 2558
f 2558 2582 2583
f 2558 2583 2559
f 2559 2583 2584
f 2559 2584 2560
f 2560 2584 2585
f 2560 2585 2561
f 2561 2585 2586
f 2561 2586 2562
f 2562 2586 2587
f 2562 2587 2563
f 2563 2587 2588
f 2563 2588 2564
f 2564 2588 2589
f 2564 2589 2565
f 2565 2589 2590
f 2565 2590 2566
f 2566 2590 2591
f 2566 2591 2567
f 2567 2591 2592
f 2567 2592 2568
f 2568 2592 2593
f 2568 2593 2569
f 2569 2593 2594
f 2569 2594 2570
f 2570 2594 2595
f 2570 2595 2571
f 2571 2595 2596
f 2571 2596 2572
f 2572 2596 2597
f 2572 2597 2573
f 2573 2597 2598
f 2573 2598 2574
f 2574 2598 2599
f 2574 2599 2575
f 2575 2599 2600
f 2575 2600 2576
f 2576 2600 2577
f 2576 2577 2553
o cara_c044
f 2640 2601 2602
f 2642 2641 2680
f 2640 2602 2603
f 2643 2642 2680
f 2640 2603 2604
f 2644 2643 2680
f 2640 2604 2605
f 2645 2644 2680
f 2640 2605 2606
f 2646 2645 2680
f 2640 2606 2607
f 2647 2646 2680
f 2640 2607 2608
f 2648 2647 2680
f 2640 2608 2609
f 2649 2648 2680
f 2640 2609 2610
f 2650 2649 2680
f 2640 2610 2611
f 2651 2650 2680
f 2640 2611 2612
f 2652 2651 2680
f 2640 2612 2613
f 2653 2652 2680
f 2640 2613 2614
f 2654 2653 2680
f 2640 2614 2615
f 2655 2654 2680
f 2640 2615 2616
f 2656 2655 2680
f 2640 2616 2617
f 2657 2656 2680
f 2640 2617 2618
f 2658 2657 2680
f 2620 2621 2622
f 2662 2661 2660
f 2619 2620 2622
f 2662 2660 2659
f 2618 2619 2622
f 2662 2659 2658
f 2618 2622 2623
f 2663 2662 2658
f 2618 2623 2624
f 2664 2663 2658
f 2618 2624 2625
f 2665 2664 2658
f 2618 2625 2626
f 2666 2665 2658
f 2618 2626 2627
f 2667 2666 2658
f 2618 2627 2628
f 2668 2667 2658
f 2618 2628 2629
f 2669 2668 2658
f 2618 2629 2630
f 2670 2669 2658
f 2618 2630 2631
f 2671 2670 2658
f 2618 2631 2632
f 2672 2671 2658
f 2618 2632 2633
f 2673 2672 2658
f 2618 2633 2634
f 2674 2673 2658
f 2618 2634 2635
f 2675 2674 2658
f 2618 2635 2636
f 2676 2675 2658
f 2618 2636 2637
f 2677 2676 2658
f 2640 2618 2637
f 2677 2658 2680
f 2637 2638 2639
f 2679 2678 2677
f 2637 2639 2640
f 2680 2679 2677
f 2601 2641 2642
f 2601 2642 2602
f 2602 2642 2643
f 2602 2643 2603
f 2603 2643 2644
f 2603 2644 2604
f 2604 2644 2645
f 2604 2645 2605
f 2605 2645 2646
f 2605 2646 2606
f 2606 2646 2647
f 2606 2647 2607
f 2607 2647 2648
f 2607 2648 2608
f 2608 2648 2649
f 2608 2649 2609
f 2609 2649 2650
f 2609 2650 2610
f 2610 2650 2651
f 2610 2651 2611
f 2611 2651 2652
f 2611 2652 2612
f 2612 2652 2653
f 2612 2653 2613
f 2613 2653 2654
f 2613 2654 2614
f 2614 2654 2655
f 2614 2655 2615
f 2615 2655 2656
f 2615 2656 2616
f 2616 2656 2657
f 2616 2657 2617
f 2617 2657 2658
f 2617 2658 2618
f 2618 2658 2659
f 2618 2659 2619
f 2619 2659 2660
f 2619 2660 2620
f 2620 2660 2661
f 2620 2661 2621
f 2621 2661 2662
f 2621 2662 2622
f 2622 2662 2663
f 2622 2663 2623
f 2623 2663 2664
f 2623 2664 2624
f 2624 2664 2665
f 2624 2665 2625
f 2625 2665 2666
f 2625 2666 2626
f 2626 2666 2667
f 2626 2667 2627
f 2627 2667 2668
f 2627 2668 2628
f 2628 2668 2669
f 2628 2669 2629
f 2629 2669 2670
f 2629 2670 2630
f 2630 2670 2671
f 2630 2671 2631
f 2631 2671 2672
f 2631 2672 2632
f 2632 2672 2673
f 2632 2673 2633
f 2633 2673 2674
f 2633 2674 2634
f 2634 2674 2675
f 2634 2675 2635
f 2635 2675 2676
f 2635 2676 2636
f 2636 2676 2677
f 2636 2677 2637
f 2637 2677 2678
f 2637 2678 2638
f 2638 2678 2679
f 2638 2679 2639
f 2639 2679 2680
f 2639 2680 2640
f 2640 2680 2641
f 2640 2641 2601
o cara_c045
f 2704 2681 2682
f 2706 2705 2728
f 2704 2682 2683
f 2707 2706 2728
f 2704 2683 2684
f 2708 2707 2728
f 2704 2684 2685
f 2709 2708 2728
f 2704 2685 2686
f 2710 2709 2728
f 2704 2686 2687
f 2711 2710 2728
f 2704 2687 2688
f 2712 2711 2728
f 2704 2688 2689
f 2713 2712 2728
f 2704 2689 2690
f 2714 2713 2728
f 2704 2690 2691
f 2715 2714 2728
f 2704 2691 2692
f 2716 2715 2728
f 2704 2692 2693
f 2717 2716 2728
f 2704 2693 2694
f 2718 2717 2728
f 2704 2694 2695
f 2719 2718 2728
f 2704 2695 2696
f 2720 2719 2728
f 2704 2696 2697
f 2721 2720 2728
f 2704 2697 2698
f 2722 2721 2728
f 2704 2698 2699
f 2723 2722 2728
f 2704 2699 2700
f 2724 2723 2728
f 2704 2700 2701
f 2725 2724 2728
f 2701 2702 2703
f 2727 2726 2725
f 2701 2703 2704
f 2728 2727 2725
f 2681 2705 2706
f 2681 2706 2682
f 2682 2706 2707
f 2682 2707 2683
f 2683 2707 2708
f 2683 2708 2684
f 2684 2708 2709
f 2684 2709 2685
f 2685 2709 2710
f 2685 2710 2686
f 2686 2710 2711
f 2686 2711 2687
f 2687 2711 2712
f 2687 2712 2688
f 2688 2712 2713
f 2688 2713 2689
f 2689 2713 2714
f 2689 2714 2690
f 2690 2714 2715
f 2690 2715 2691
f 2691 2715 2716
f 2691 2716 2692
f 2692 2716 2717
f 2692 2717 2693
f 2693 2717 2718
f 2693 2718 2694
f 2694 2718 2719
f 2694 2719 2695
f 2695 2719 2720
f 2695 2720 2696
f 2696 2720 2721
f 2696 2721 2697
f 2697 2721 2722
f 2697 2722 2698
f 2698 2722 2723
f 2698 2723 2699
f 2699 2723 2724
f 2699 2724 2700
f 2700 2724 2725
f 2700 2725 2701
f 2701 2725 2726
f 2701 2726 2702
f 2702 2726 2727
f 2702 2727 2703
f 2703 2727 2728
f 2703 2728 2704
f 2704 2728 2705
f 2704 2705 2681
o cara_c046
f 2772 2729 2730
f 2774 2773 2816
f 2772 2730 2731
f 2775 2774 2816
f 2772 2731 2732
f 2776 2775 2816
f 2772 2732 2733
f 2777 2776 2816
f 2772 2733 2734
f 2778 2777 2816
f 2772 2734 2735
f 2779 2778 2816
f 2772 2735 2736
f 2780 2779 2816
f 2772 2736 2737
f 2781 2780 2816
f 2738 2739 2740
f 2784 2783 2782
f 2737 2738 2740
f 2784 2782 2781
f 2740 2741 2742
f 2786 2785 2784
f 2737 2740 2742
f 2786 2784 2781
f 2737 2742 2743
f 2787 2786 2781
f 2772 2737 2743
f 2787 2781 2816
f 2772 2743 2744
f 2788 2787 2816
f 2772 2744 2745
f 2789 2788 2816
f 2772 2745 2746
f 2790 2789 2816
f 2772 2746 2747
f 2791 2790 2816
f 2772 2747 2748
f 2792 2791 2816
f 2772 2748 2749
f 2793 2792 2816
f 2772 2749 2750
f 2794 2793 2816
f 2772 2750 2751
f 2795 2794 2816
f 2772 2751 2752
f 2796 2795 2816
f 2772 2752 2753
f 2797 2796 2816
f 2772 2753 2754
f 2798 2797 2816
f 2772 2754 2755
f 2799 2798 2816
f 2772 2755 2756
f 2800 2799 2816
f 2772 2756 2757
f 2801 2800 2816
f 2772 2757 2758
f 2802 2801 2816
f 2772 2758 2759
f 2803 2802 2816
f 2772 2759 2760
f 2804 2803 2816
f 2772 2760 2761
f 2805 2804 2816
f 2772 2761 2762
f 2806 2805 2816
f 2772 2762 2763
f 2807 2806 2816
f 2772 2763 2764
f 2808 2807 2816
f 2772 2764 2765
f 2809 2808 2816
f 2772 2765 2766
f 2810 2809 2816
f 2772 2766 2767
f 2811 2810 2816
f 2772 2767 2768
f 2812 2811 2816
f 2768 2769 2770
f 2814 2813 2812
f 2768 2770 2771
f 2815 2814 2812
f 2768 2771 2772
f 2816 2815 2812
f 2729 2773 2774
f 2729 2774 2730
f 2730 2774 2775
f 2730 2775 2731
f 2731 2775 2776
f 2731 2776 2732
f 2732 2776 2777
f 2732 2777 2733
f 2733 2777 2778
f 2733 2778 2734
f 2734 2778 2779
f 2734 2779 2735
f 2735 2779 2780
f 2735 2780 2736
f 2736 2780 2781
f 2736 2781 2737
f 2737 2781 2782
f 2737 2782 2738
f 2738 2782 2783
f 2738 2783 2739
f 2739 2783 2784
f 2739 2784 2740
f 2740 2784 2785
f 2740 2785 2741
f 2741 2785 2786
f 2741 2786 2742
f 2742 2786 2787
f 2742 2787 2743
f 2743 2787 2788
f 2743 2788 2744
f 2744 2788 2789
f 2744 2789 2745
f 2745 2789 2790
f 2745 2790 2746
f 2746 2790 2791
f 2746 2791 2747
f 2747 2791 2792
f 2747 2792 2748
f 2748 2792 2793
f 2748 2793 2749
f 2749 2793 2794
f 2749 2794 2750
f 2750 2794 2795
f 2750 2795 2751
f 2751 2795 2796
f 2751 2796 2752
f 2752 2796 2797
f 2752 2797 2753
f 2753 2797 2798
f 2753 2798 2754
f 2754 2798 2799
f 2754 2799 2755
f 2755 2799 2800
f 2755 2800 2756
f 2756 2800 2801
f 2756 2801 2757
f 2757 2801 2802
f 2757 2802 2758
f 2758 2802 2803
f 2758 2803 2759
f 2759 2803 2804
f 2759 2804 2760
f 2760 2804 2805
f 2760 2805 2761
f 2761 2805 2806
f 2761 2806 2762
f 2762 2806 2807
f 2762 2807 2763
f 2763 2807 2808
f 2763 2808 2764
f 2764 2808 2809
f 2764 2809 2765
f 2765 2809 2810
f 2765 2810 2766
f 2766 2810 2811
f 2766 2811 2767
f 2767 2811 2812
f 2767 2812 2768
f 2768 2812 2813
f 2768 2813 2769
f 2769 2813 2814
f 2769 2814 2770
f 2770 2814 2815
f 2770 2815 2771
f 2771 2815 2816
f 2771 2816 2772
f 2772 2816 2773
f 2772 2773 2729
o cara_c047
f 2844 2817 2818
f 2846 2845 2872
f 2844 2818 2819
f 2847 2846 2872
f 2844 2819 2820
f 2848 2847 2872
f 2844 2820 2821
f 2849 2848 2872
f 2844 2821 2822
f 2850 2849 2872
f 2844 2822 2823
f 2851 2850 2872
f 2844 2823 2824
f 2852 2851 2872
f 2844 2824 2825
f 2853 2852 2872
f 2844 2825 2826
f 2854 2853 2872
f 2844 2826 2827
f 2855 2854 2872
f 2844 2827 2828
f 2856 2855 2872
f 2844 2828 2829
f 2857 2856 2872
f 2844 2829 2830
f 2858 2857 2872
f 2844 2830 2831
f 2859 2858 2872
f 2844 2831 2832
f 2860 2859 2872
f 2844 2832 2833
f 2861 2860 2872
f 2844 2833 2834
f 2862 2861 2872
f 2844 2834 2835
f 2863 2862 2872
f 2844 2835 2836
f 2864 2863 2872
f 2844 2836 2837
f 2865 2864 2872
f 2844 2837 2838
f 2866 2865 2872
f 2844 2838 2839
f 2867 2866 2872
f 2844 2839 2840
f 2868 2867 2872
f 2840 2841 2842
f 2870 2869 2868
f 2840 2842 2843
f 2871 2870 2868
f 2840 2843 2844
f 2872 2871 2868
f 2817 2845 2846
f 2817 2846 2818
f 2818 2846 2847
f 2818 2847 2819
f 2819 2847 2848
f 2819 2848 2820
f 2820 2848 2849
f 2820 2849 2821
f 2821 2849 2850
f 2821 2850 2822
f 2822 2850 2851
f 2822 2851 2823
f 2823 2851 2852
f 2823 2852 2824
f 2824 2852 2853
f 2824 2853 2825
f 2825 2853 2854
f 2825 2854 2826
f 2826 2854 2855
f 2826 2855 2827
f 2827 2855 2856
f 2827 2856 2828
f 2828 2856 2857
f 2828 2857 2829
f 2829 2857 2858
f 2829 2858 2830
f 2830 2858 2859
f 2830 2859 2831
f 2831 2859 2860
f 2831 2860 2832
f 2832 2860 2861
f 2832 2861 2833
f 2833 2861 2862
f 2833 2862 2834
f 2834 2862 2863
f 2834 2863 2835
f 2835 2863 2864
f 2835 2864 2836
f 2836 2864 2865
f 2836 2865 2837
f 2837 2865 2866
f 2837 2866 2838
f 2838 2866 2867
f 2838 2867 2839
f 2839 2867 2868
f 2839 2868 2840
f 2840 2868 2869
f 2840 2869 2841
f 2841 2869 2870
f 2841 2870 2842
f 2842 2870 2871
f 2842 2871 2843
f 2843 2871 2872
f 2843 2872 2844
f 2844 2872 2845
f 2844 2845 2817
o cara_c048
f 2908 2873 2874
f 2910 2909 2944
f 2908 2874 2875
f 2911 2910 2944
f 2908 2875 2876
f 2912 2911 2944
f 2908 2876 2877
f 2913 2912 2944
f 2908 2877 2878
f 2914 2913 2944
f 2908 2878 2879
f 2915 2914 2944
f 2908 2879 2880
f 2916 2915 2944
f 2908 2880 2881
f 2917 2916 2944
f 2883 2884 2885
f 2921 2920 2919
f 2883 2885 2886
f 2922 2921 2919
f 2882 2883 2886
f 2922 2919 2918
f 2881 2882 2886
f 2922 2918 2917
f 2881 2886 2887
f 2923 2922 2917
f 2881 2887 2888
f 2924 2923 2917
f 2881 2888 2889
f 2925 2924 2917
f 2881 2889 2890
f 2926 2925 2917
f 2881 2890 2891
f 2927 2926 2917
f 2881 2891 2892
f 2928 2927 2917
f 2881 2892 2893
f 2929 2928 2917
f 2881 2893 2894
f 2930 2929 2917
f 2908 2881 2894
f 2930 2917 2944
f 2908 2894 2895
f 2931 2930 2944
f 2908 2895 2896
f 2932 2931 2944
f 2908 2896 2897
f 2933 2932 2944
f 2908 2897 2898
f 2934 2933 2944
f 2908 2898 2899
f 2935 2934 2944
f 2908 2899 2900
f 2936 2935 2944
f 2908 2900 2901
f 2937 2936 2944
f 2908 2901 2902
f 2938 2937 2944
f 2908 2902 2903
f 2939 2938 2944
f 2908 2903 2904
f 2940 2939 2944
f 2904 2905 2906
f 2942 2941 2940
f 2904 2906 2907
f 2943 2942 2940
f 2904 2907 2908
f 2944 2943 2940
f 2873 2909 2910
f 2873 2910 2874
f 2874 2910 2911
f 2874 2911 2875
f 2875 2911 2912
f 2875 2912 2876
f 2876 2912 2913
f 2876 2913 2877
f 2877 2913 2914
f 2877 2914 2878
f 2878 2914 2915
f 2878 2915 2879
f 2879 2915 2916
f 2879 2916 2880
f 2880 2916 2917
f 2880 2917 2881
f 2881 2917 2918
f 2881 2918 2882
f 2882 2918 2919
f 2882 2919 2883
f 2883 2919 2920
f 2883 2920 2884
f 2884 2920 2921
f 2884 2921 2885
f 2885 2921 2922
f 2885 2922 2886
f 2886 2922 2923
f 2886 2923 2887
f 2887 2923 2924
f 2887 2924 2888
f 2888 2924 2925
f 2888 2925 2889
f 2889 2925 2926
f 2889 2926 2890
f 2890 2926 2927
f 2890 2927 2891
f 2891 2927 2928
f 2891 2928 2892
f 2892 2928 2929
f 2892 2929 2893
f 2893 2929 2930
f 2893 2930 2894
f 2894 2930 2931
f 2894 2931 2895
f 2895 2931 2932
f 2895 2932 2896
f 2896 2932 2933
f 2896 2933 2897
f 2897 2933 2934
f 2897 2934 2898
f 2898 2934 2935
f 2898 2935 2899
f 2899 2935 2936
f 2899 2936 2900
f 2900 2936 2937
f 2900 2937 2901
f 2901 2937 2938
f 2901 2938 2902
f 2902 2938 2939
f 2902 2939 2903
f 2903 2939 2940
f 2903 2940 2904
f 2904 2940 2941
f 2904 2941 2905
f 2905 2941 2942
f 2905 2942 2906
f 2906 2942 2943
f 2906 2943 2907
f 2907 2943 2944
f 2907 2944 2908
f 2908 2944 2909
f 2908 2909 2873
o cara_c049
f 2980 2945 2946
f 2982 2981 3016
f 2980 2946 2947
f 2983 2982 3016
f 2980 2947 2948
f 2984 2983 3016
f 2980 2948 2949
f 2985 2984 3016
f 2980 2949 2950
f 2986 2985 3016
f 2980 2950 2951
f 2987 2986 3016
f 2980 2951 2952
f 2988 2987 3016
f 2980 2952 2953
f 2989 2988 3016
f 2980 2953 2954
f 2990 2989 3016
f 2980 2954 2955
f 2991 2990 3016
f 2980 2955 2956
f 2992 2991 3016
f 2980 2956 2957
f 2993 2992 3016
f 2980 2957 2958
f 2994 2993 3016
f 2980 2958 2959
f 2995 2994 3016
f 2960 2961 2962
f 2998 2997 2996
f 2959 2960 2962
f 2998 2996 2995
f 2959 2962 2963
f 2999 2998 2995
f 2959 2963 2964
f 3000 2999 2995
f 2959 2964 2965
f 3001 3000 2995
f 2959 2965 2966
f 3002 3001 2995
f 2959 2966 2967
f 3003 3002 2995
f 2959 2967 2968
f 3004 3003 2995
f 2959 2968 2969
f 3005 3004 2995
f 2959 2969 2970
f 3006 3005 2995
f 2959 2970 2971
f 3007 3006 2995
f 2959 2971 2972
f 3008 3007 2995
f 2959 2972 2973
f 3009 3008 2995
f 2980 2959 2973
f 3009 2995 3016
f 2980 2973 2974
f 3010 3009 3016
f 2980 2974 2975
f 3011 3010 3016
f 2980 2975 2976
f 3012 3011 3016
f 2976 2977 2978
f 3014 3013 3012
f 2976 2978 2979
f 3015 3014 3012
f 2976 2979 2980
f 3016 3015 3012
f 2945 2981 2982
f 2945 2982 2946
f 2946 2982 2983
f 2946 2983 2947
f 2947 2983 2984
f 2947 2984 2948
f 2948 2984 2985
f 2948 2985 2949
f 2949 2985 2986
f 2949 2986 2950
f 2950 2986 2987
f 2950 2987 2951
f 2951 2987 2988
f 2951 2988 2952
f 2952 2988 2989
f 2952 2989 2953
f 2953 2989 2990
f 2953 2990 2954
f 2954 2990 2991
f 2954 2991 2955
f 2955 2991 2992
f 2955 2992 2956
f 2956 2992 2993
f 2956 2993 2957
f 2957 2993 2994
f 2957 2994 2958
f 2958 2994 2995
f 2958 2995 2959
f 2959 2995 2996
f 2959 2996 2960
f 2960 2996 2997
f 2960 2997 2961
f 2961 2997 2998
f 2961 2998 2962
f 2962 2998 2999
f 2962 2999 2963
f 2963 2999 3000
f 2963 3000 2964
f 2964 3000 3001
f 2964 3001 2965
f 2965 3001 3002
f 2965 3002 2966
f 2966 3002 3003
f 2966 3003 2967
f 2967 3003 3004
f 2967 3004 2968
f 2968 3004 3005
f 2968 3005 2969
f 2969 3005 3006
f 2969 3006 2970
f 2970 3006 3007
f 2970 3007 2971
f 2971 3007 3008
f 2971 3008 2972
f 2972 3008 3009
f 2972 3009 2973
f 2973 3009 3010
f 2973 3010 2974
f 2974 3010 3011
f 2974 3011 2975
f 2975 3011 3012
f 2975 3012 2976
f 2976 3012 3013
f 2976 3013 2977
f 2977 3013 3014
f 2977 3014 2978
f 2978 3014 3015
f 2978 3015 2979
f 2979 3015 3016
f 2979 3016 2980
f 2980 3016 2981
f 2980 2981 2945
o cara_c050
f 3044 3017 3018
f 3046 3045 3072
f 3044 3018 3019
f 3047 3046 3072
f 3044 3019 3020
f 3048 3047 3072
f 3044 3020 3021
f 3049 3048 3072
f 3044 3021 3022
f 3050 3049 3072
f 3044 3022 3023
f 3051 3050 3072
f 3044 3023 3024
f 3052 3051 3072
f 3044 3024 3025
f 3053 3052 3072
f 3044 3025 3026
f 3054 3053 3072
f 3044 3026 3027
f 3055 3054 3072
f 3044 3027 3028
f 3056 3055 3072
f 3044 3028 3029
f 3057 3056 3072
f 3044 3029 3030
f 3058 3057 3072
f 3044 3030 3031
f 3059 3058 3072
f 3044 3031 3032
f 3060 3059 3072
f 3044 3032 3033
f 3061 3060 3072
f 3044 3033 3034
f 3062 3061 3072
f 3044 3034 3035
f 3063 3062 3072
f 3044 3035 3036
f 3064 3063 3072
f 3044 3036 3037
f 3065 3064 3072
f 3044 3037 3038
f 3066 3065 3072
f 3044 3038 3039
f 3067 3066 3072
f 3044 3039 3040
f 3068 3067 3072
f 3044 3040 3041
f 3069 3068 3072
f 3044 3041 3042
f 3070 3069 3072
f 3042 3043 3044
f 3072 3071 3070
f 3017 3045 3046
f 3017 3046 3018
f 3018 3046 3047
f 3018 3047 3019
f 3019 3047 3048
f 3019 3048 3020
f 3020 3048 3049
f 3020 3049 3021
f 3021 3049 3050
f 3021 3050 3022
f 3022 3050 3051
f 3022 3051 3023
f 3023 3051 3052
f 3023 3052 3024
f 3024 3052 3053
f 3024 3053 3025
f 3025 3053 3054
f 3025 3054 3026
f 3026 3054 3055
f 3026 3055 3027
f 3027 3055 3056
f 3027 3056 3028
f 3028 3056 3057
f 3028 3057 3029
f 3029 3057 3058
f 3029 3058 3030
f 3030 3058 3059
f 3030 3059 3031
f 3031 3059 3060
f 3031 3060 3032
f 3032 3060 3061
f 3032 3061 3033
f 3033 3061 3062
f 3033 3062 3034
f 3034 3062 3063
f 3034 3063 3035
f 3035 3063 3064
f 3035 3064 3036
f 3036 3064 3065
f 3036 3065 3037
f 3037 3065 3066
f 3037 3066 3038
f 3038 3066 3067
f 3038 3067 3039
f 3039 3067 3068
f 3039 3068 3040
f 3040 3068 3069
f 3040 3069 3041
f 3041 3069 3070
f 3041 3070 3042
f 3042 3070 3071
f 3042 3071 3043
f 3043 3071 3072
f 3043 3072 3044
f 3044 3072 3045
f 3044 3045 3017
o cara_c051
f 3088 3073 3074
f 3090 3089 3104
f 3088 3074 3075
f 3091 3090 3104
f 3088 3075 3076
f 3092 3091 3104
f 3088 3076 3077
f 3093 3092 3104
f 3088 3077 3078
f 3094 3093 3104
f 3088 3078 3079
f 3095 3094 3104
f 3088 3079 3080
f 3096 3095 3104
f 3088 3080 3081
f 3097 3096 3104
f 3088 3081 3082
f 3098 3097 3104
f 3088 3082 3083
f 3099 3098 3104
f 3088 3083 3084
f 3100 3099 3104
f 3084 3085 3086
f 3102 3101 3100
f 3084 3086 3087
f 3103 3102 3100
f 3084 3087 3088
f 3104 3103 3100
f 3073 3089 3090
f 3073 3090 3074
f 3074 3090 3091
f 3074 3091 3075
f 3075 3091 3092
f 3075 3092 3076
f 3076 3092 3093
f 3076 3093 3077
f 3077 3093 3094
f 3077 3094 3078
f 3078 3094 3095
f 3078 3095 3079
f 3079 3095 3096
f 3079 3096 3080
f 3080 3096 3097
f 3080 3097 3081
f 3081 3097 3098
f 3081 3098 3082
f 3082 3098 3099
f 3082 3099 3083
f 3083 3099 3100
f 3083 3100 3084
f 3084 3100 3101
f 3084 3101 3085
f 3085 3101 3102
f 3085 3102 3086
f 3086 3102 3103
f 3086 3103 3087
f 3087 3103 3104
f 3087 3104 3088
f 3088 3104 3089
f 3088 3089 3073
o cara_c052
f 3120 3105 3106
f 3122 3121 3136
f 3120 3106 3107
f 3123 3122 3136
f 3120 3107 3108
f 3124 3123 3136
f 3120 3108 3109
f 3125 3124 3136
f 3120 3109 3110
f 3126 3125 3136
f 3120 3110 3111
f 3127 3126 3136
f 3120 3111 3112
f 3128 3127 3136
f 3120 3112 3113
f 3129 3128 3136
f 3120 3113 3114
f 3130 3129 3136
f 3120 3114 3115
f 3131 3130 3136
f 3120 3115 3116
f 3132 3131 3136
f 3116 3117 3118
f 3134 3133 3132
f 3116 3118 3119
f 3135 3134 3132
f 3116 3119 3120
f 3136 3135 3132
f 3105 3121 3122
f 3105 3122 3106
f 3106 3122 3123
f 3106 3123 3107
f 3107 3123 3124
f 3107 3124 3108
f 3108 3124 3125
f 3108 3125 3109
f 3109 3125 3126
f 3109 3126 3110
f 3110 3126 3127
f 3110 3127 3111
f 3111 3127 3128
f 3111 3128 3112
f 3112 3128 3129
f 3112 3129 3113
f 3113 3129 3130
f 3113 3130 3114
f 3114 3130 3131
f 3114 3131 3115
f 3115 3131 3132
f 3115 3132 3116
f 3116 3132 3133
f 3116 3133 3117
f 3117 3133 3134
f 3117 3134 3118
f 3118 3134 3135
f 3118 3135 3119
f 3119 3135 3136
f 3119 3136 3120
f 3120 3136 3121
f 3120 3121 3105
o cara_c053
f 3164 3137 3138
f 3166 3165 3192
f 3164 3138 3139
f 3167 3166 3192
f 3164 3139 3140
f 3168 3167 3192
f 3164 3140 3141
f 3169 3168 3192
f 3142 3143 3144
f 3172 3171 3170
f 3144 3145 3146
f 3174 3173 3172
f 3142 3144 3146
f 3174 3172 3170
f 3141 3142 3146
f 3174 3170 3169
f 3141 3146 3147
f 3175 3174 3169
f 3141 3147 3148
f 3176 3175 3169
f 3141 3148 3149
f 3177 3176 3169
f 3164 3141 3149
f 3177 3169 3192
f 3164 3149 3150
f 3178 3177 3192
f 3164 3150 3151
f 3179 3178 3192
f 3164 3151 3152
f 3180 3179 3192
f 3164 3152 3153
f 3181 3180 3192
f 3164 3153 3154
f 3182 3181 3192
f 3164 3154 3155
f 3183 3182 3192
f 3156 3157 3158
f 3186 3185 3184
f 3155 3156 3158
f 3186 3184 3183
f 3155 3158 3159
f 3187 3186 3183
f 3155 3159 3160
f 3188 3187 3183
f 3155 3160 3161
f 3189 3188 3183
f 3155 3161 3162
f 3190 3189 3183
f 3155 3162 3163
f 3191 3190 3183
f 3155 3163 3164
f 3192 3191 3183
f 3137 3165 3166
f 3137 3166 3138
f 3138 3166 3167
f 3138 3167 3139
f 3139 3167 3168
f 3139 3168 3140
f 3140 3168 3169
f 3140 3169 3141
f 3141 3169 3170
f 3141 3170 3142
f 3142 3170 3171
f 3142 3171 3143
f 3143 3171 3172
f 3143 3172 3144
f 3144 3172 3173
f 3144 3173 3145
f 3145 3173 3174
f 3145 3174 3146
f 3146 3174 3175
f 3146 3175 3147
f 3147 3175 3176
f 3147 3176 3148
f 3148 3176 3177
f 3148 3177 3149
f 3149 3177 3178
f 3149 3178 3150
f 3150 3178 3179
f 3150 3179 3151
f 3151 3179 3180
f 3151 3180 3152
f 3152 3180 3181
f 3152 3181 3153
f 3153 3181 3182
f 3153 3182 3154
f 3154 3182 3183
f 3154 3183 3155
f 3155 3183 3184
f 3155 3184 3156
f 3156 3184 3185
f 3156 3185 3157
f 3157 3185 3186
f 3157 3186 3158
f 3158 3186 3187
f 3158 3187 3159
f 3159 3187 3188
f 3159 3188 3160
f 3160 3188 3189
f 3160 3189 3161
f 3161 3189 3190
f 3161 3190 3162
f 3162 3190 3191
f 3162 3191 3163
f 3163 3191 3192
f 3163 3192 3164
f 3164 3192 3165
f 3164 3165 3137
o cara_c054
f 3224 3193 3194
f 3226 3225 3256
f 3224 3194 3195
f 3227 3226 3256
f 3224 3195 3196
f 3228 3227 3256
f 3224 3196 3197
f 3229 3228 3256
f 3200 3201 3202
f 3234 3233 3232
f 3199 3200 3202
f 3234 3232 3231
f 3198 3199 3202
f 3234 3231 3230
f 3197 3198 3202
f 3234 3230 3229
f 3224 3197 3202
f 3234 3229 3256
f 3224 3202 3203
f 3235 3234 3256
f 3224 3203 3204
f 3236 3235 3256
f 3224 3204 3205
f 3237 3236 3256
f 3224 3205 3206
f 3238 3237 3256
f 3224 3206 3207
f 3239 3238 3256
f 3224 3207 3208
f 3240 3239 3256
f 3210 3211 3212
f 3244 3243 3242
f 3212 3213 3214
f 3246 3245 3244
f 3210 3212 3214
f 3246 3244 3242
f 3209 3210 3214
f 3246 3242 3241
f 3209 3214 3215
f 3247 3246 3241
f 3208 3209 3215
f 3247 3241 3240
f 3208 3215 3216
f 3248 3247 3240
f 3208 3216 3217
f 3249 3248 3240
f 3208 3217 3218
f 3250 3249 3240
f 3208 3218 3219
f 3251 3250 3240
f 3208 3219 3220
f 3252 3251 3240
f 3208 3220 3221
f 3253 3252 3240
f 3224 3208 3221
f 3253 3240 3256
f 3221 3222 3223
f 3255 3254 3253
f 3221 3223 3224
f 3256 3255 3253
f 3193 3225 3226
f 3193 3226 3194
f 3194 3226 3227
f 3194 3227 3195
f 3195 3227 3228
f 3195 3228 3196
f 3196 3228 3229
f 3196 3229 3197
f 3197 3229 3230
f 3197 3230 3198
f 3198 3230 3231
f 3198 3231 3199
f 3199 3231 3232
f 3199 3232 3200
f 3200 3232 3233
f 3200 3233 3201
f 3201 3233 3234
f 3201 3234 3202
f 3202 3234 3235
f 3202 3235 3203
f 3203 3235 3236
f 3203 3236 3204
f 3204 3236 3237
f 3204 3237 3205
f 3205 3237 3238
f 3205 3238 3206
f 3206 3238 3239
f 3206 3239 3207
f 3207 3239 3240
f 3207 3240 3208
f 3208 3240 3241
f 3208 3241 3209
f 3209 3241 3242
f 3209 3242 3210
f 3210 3242 3243
f 3210 3243 3211
f 3211 3243 3244
f 3211 3244 3212
f 3212 3244 3245
f 3212 3245 3213
f 3213 3245 3246
f 3213 3246 3214
f 3214 3246 3247
f 3214 3247 3215
f 3215 3247 3248
f 3215 3248 3216
f 3216 3248 3249
f 3216 3249 3217
f 3217 3249 3250
f 3217 3250 3218
f 3218 3250 3251
f 3218 3251 3219
f 3219 3251 3252
f 3219 3252 3220
f 3220 3252 3253
f 3220 3253 3221
f 3221 3253 3254
f 3221 3254 3222
f 3222 3254 3255
f 3222 3255 3223
f 3223 3255 3256
f 3223 3256 3224
f 3224 3256 3225
f 3224 3225 3193
o cara_c055
f 3268 3257 3258
f 3270 3269 3280
f 3268 3258 3259
f 3271 3270 3280
f 3268 3259 3260
f 3272 3271 3280
f 3268 3260 3261
f 3273 3272 3280
f 3268 3261 3262
f 3274 3273 3280
f 3268 3262 3263
f 3275 3274 3280
f 3268 3263 3264
f 3276 3275 3280
f 3264 3265 3266
f 3278 3277 3276
f 3264 3266 3267
f 3279 3278 3276
f 3264 3267 3268
f 3280 3279 3276
f 3257 3269 3270
f 3257 3270 3258
f 3258 3270 3271
f 3258 3271 3259
f 3259 3271 3272
f 3259 3272 3260
f 3260 3272 3273
f 3260 3273 3261
f 3261 3273 3274
f 3261 3274 3262
f 3262 3274 3275
f 3262 3275 3263
f 3263 3275 3276
f 3263 3276 3264
f 3264 3276 3277
f 3264 3277 3265
f 3265 3277 3278
f 3265 3278 3266
f 3266 3278 3279
f 3266 3279 3267
f 3267 3279 3280
f 3267 3280 3268
f 3268 3280 3269
f 3268 3269 3257
o cara_c056
f 3292 3281 3282
f 3294 3293 3304
f 3292 3282 3283
f 3295 3294 3304
f 3292 3283 3284
f 3296 3295 3304
f 3292 3284 3285
f 3297 3296 3304
f 3292 3285 3286
f 3298 3297 3304
f 3292 3286 3287
f 3299 3298 3304
f 3292 3287 3288
f 3300 3299 3304
f 3292 3288 3289
f 3301 3300 3304
f 3290 3291 3292
f 3304 3303 3302
f 3289 3290 3292
f 3304 3302 3301
f 3281 3293 3294
f 3281 3294 3282
f 3282 3294 3295
f 3282 3295 3283
f 3283 3295 3296
f 3283 3296 3284
f 3284 3296 3297
f 3284 3297 3285
f 3285 3297 3298
f 3285 3298 3286
f 3286 3298 3299
f 3286 3299 3287
f 3287 3299 3300
f 3287 3300 3288
f 3288 3300 3301
f 3288 3301 3289
f 3289 3301 3302
f 3289 3302 3290
f 3290 3302 3303
f 3290 3303 3291
f 3291 3303 3304
f 3291 3304 3292
f 3292 3304 3293
f 3292 3293 3281
o cara_c057
f 3320 3305 3306
f 3322 3321 3336
f 3320 3306 3307
f 3323 3322 3336
f 3320 3307 3308
f 3324 3323 3336
f 3320 3308 3309
f 3325 3324 3336
f 3320 3309 3310
f 3326 3325 3336
f 3320 3310 3311
f 3327 3326 3336
f 3320 3311 3312
f 3328 3327 3336
f 3320 3312 3313
f 3329 3328 3336
f 3320 3313 3314
f 3330 3329 3336
f 3320 3314 3315
f 3331 3330 3336
f 3320 3315 3316
f 3332 3331 3336
f 3316 3317 3318
f 3334 3333 3332
f 3316 3318 3319
f 3335 3334 3332
f 3316 3319 3320
f 3336 3335 3332
f 3305 3321 3322
f 3305 3322 3306
f 3306 3322 3323
f 3306 3323 3307
f 3307 3323 3324
f 3307 3324 3308
f 3308 3324 3325
f 3308 3325 3309
f 3309 3325 3326
f 3309 3326 3310
f 3310 3326 3327
f 3310 3327 3311
f 3311 3327 3328
f 3311 3328 3312
f 3312 3328 3329
f 3312 3329 3313
f 3313 3329 3330
f 3313 3330 3314
f 3314 3330 3331
f 3314 3331 3315
f 3315 3331 3332
f 3315 3332 3316
f 3316 3332 3333
f 3316 3333 3317
f 3317 3333 3334
f 3317 3334 3318
f 3318 3334 3335
f 3318 3335 3319
f 3319 3335 3336
f 3319 3336 3320
f 3320 3336 3321
f 3320 3321 3305
o cara_c058
f 3352 3337 3338
f 3354 3353 3368
f 3352 3338 3339
f 3355 3354 3368
f 3352 3339 3340
f 3356 3355 3368
f 3352 3340 3341
f 3357 3356 3368
f 3352 3341 3342
f 3358 3357 3368
f 3352 3342 3343
f 3359 3358 3368
f 3352 3343 3344
f 3360 3359 3368
f 3352 3344 3345
f 3361 3360 3368
f 3352 3345 3346
f 3362 3361 3368
f 3352 3346 3347
f 3363 3362 3368
f 3352 3347 3348
f 3364 3363 3368
f 3352 3348 3349
f 3365 3364 3368
f 3349 3350 3351
f 3367 3366 3365
f 3349 3351 3352
f 3368 3367 3365
f 3337 3353 3354
f 3337 3354 3338
f 3338 3354 3355
f 3338 3355 3339
f 3339 3355 3356
f 3339 3356 3340
f 3340 3356 3357
f 3340 3357 3341
f 3341 3357 3358
f 3341 3358 3342
f 3342 3358 3359
f 3342 3359 3343
f 3343 3359 3360
f 3343 3360 3344
f 3344 3360 3361
f 3344 3361 3345
f 3345 3361 3362
f 3345 3362 3346
f 3346 3362 3363
f 3346 3363 3347
f 3347 3363 3364
f 3347 3364 3348
f 3348 3364 3365
f 3348 3365 3349
f 3349 3365 3366
f 3349 3366 3350
f 3350 3366 3367
f 3350 3367 3351
f 3351 3367 3368
f 3351 3368 3352
f 3352 3368 3353
f 3352 3353 3337
o cara_c059
f 3404 3369 3370
f 3406 3405 3440
f 3404 3370 3371
f 3407 3406 3440
f 3404 3371 3372
f 3408 3407 3440
f 3404 3372 3373
f 3409 3408 3440
f 3404 3373 3374
f 3410 3409 3440
f 3404 3374 3375
f 3411 3410 3440
f 3404 3375 3376
f 3412 3411 3440
f 3404 3376 3377
f 3413 3412 3440
f 3404 3377 3378
f 3414 3413 3440
f 3404 3378 3379
f 3415 3414 3440
f 3404 3379 3380
f 3416 3415 3440
f 3404 3380 3381
f 3417 3416 3440
f 3404 3381 3382
f 3418 3417 3440
f 3404 3382 3383
f 3419 3418 3440
f 3404 3383 3384
f 3420 3419 3440
f 3404 3384 3385
f 3421 3420 3440
f 3404 3385 3386
f 3422 3421 3440
f 3388 3389 3390
f 3426 3425 3424
f 3387 3388 3390
f 3426 3424 3423
f 3386 3387 3390
f 3426 3423 3422
f 3386 3390 3391
f 3427 3426 3422
f 3386 3391 3392
f 3428 3427 3422
f 3386 3392 3393
f 3429 3428 3422
f 3404 3386 3393
f 3429 3422 3440
f 3404 3393 3394
f 3430 3429 3440
f 3404 3394 3395
f 3431 3430 3440
f 3404 3395 3396
f 3432 3431 3440
f 3404 3396 3397
f 3433 3432 3440
f 3404 3397 3398
f 3434 3433 3440
f 3404 3398 3399
f 3435 3434 3440
f 3404 3399 3400
f 3436 3435 3440
f 3400 3401 3402
f 3438 3437 3436
f 3400 3402 3403
f 3439 3438 3436
f 3400 3403 3404
f 3440 3439 3436
f 3369 3405 3406
f 3369 3406 3370
f 3370 3406 3407
f 3370 3407 3371
f 3371 3407 3408
f 3371 3408 3372
f 3372 3408 3409
f 3372 3409 3373
f 3373 3409 3410
f 3373 3410 3374
f 3374 3410 3411
f 3374 3411 3375
f 3375 3411 3412
f 3375 3412 3376
f 3376 3412 3413
f 3376 3413 3377
f 3377 3413 3414
f 3377 3414 3378
f 3378 3414 3415
f 3378 3415 3379
f 3379 3415 3416
f 3379 3416 3380
f 3380 3416 3417
f 3380 3417 3381
f 3381 3417 3418
f 3381 3418 3382
f 3382 3418 3419
f 3382 3419 3383
f 3383 3419 3420
f 3383 3420 3384
f 3384 3420 3421
f 3384 3421 3385
f 3385 3421 3422
f 3385 3422 3386
f 3386 3422 3423
f 3386 3423 3387
f 3387 3423 3424
f 3387 3424 3388
f 3388 3424 3425
f 3388 3425 3389
f 3389 3425 3426
f 3389 3426 3390
f 3390 3426 3427
f 3390 3427 3391
f 3391 3427 3428
f 3391 3428 3392
f 3392 3428 3429
f 3392 3429 3393
f 3393 3429 3430
f 3393 3430 3394
f 3394 3430 3431
f 3394 3431 3395
f 3395 3431 3432
f 3395 3432 3396
f 3396 3432 3433
f 3396 3433 3397
f 3397 3433 3434
f 3397 3434 3398
f 3398 3434 3435
f 3398 3435 3399
f 3399 3435 3436
f 3399 3436 3400
f 3400 3436 3437
f 3400 3437 3401
f 3401 3437 3438
f 3401 3438 3402
f 3402 3438 3439
f 3402 3439 3403
f 3403 3439 3440
f 3403 3440 3404
f 3404 3440 3405
f 3404 3405 3369
o cara_c060
f 3464 3441 3442
f 3466 3465 3488
f 3464 3442 3443
f 3467 3466 3488
f 3464 3443 3444
f 3468 3467 3488
f 3464 3444 3445
f 3469 3468 3488
f 3464 3445 3446
f 3470 3469 3488
f 3464 3446 3447
f 3471 3470 3488
f 3464 3447 3448
f 3472 3471 3488
f 3464 3448 3449
f 3473 3472 3488
f 3464 3449 3450
f 3474 3473 3488
f 3464 3450 3451
f 3475 3474 3488
f 3464 3451 3452
f 3476 3475 3488
f 3464 3452 3453
f 3477 3476 3488
f 3464 3453 3454
f 3478 3477 3488
f 3464 3454 3455
f 3479 3478 3488
f 3464 3455 3456
f 3480 3479 3488
f 3464 3456 3457
f 3481 3480 3488
f 3464 3457 3458
f 3482 3481 3488
f 3464 3458 3459
f 3483 3482 3488
f 3464 3459 3460
f 3484 3483 3488
f 3460 3461 3462
f 3486 3485 3484
f 3464 3460 3462
f 3486 3484 3488
f 3462 3463 3464
f 3488 3487 3486
f 3441 3465 3466
f 3441 3466 3442
f 3442 3466 3467
f 3442 3467 3443
f 3443 3467 3468
f 3443 3468 3444
f 3444 3468 3469
f 3444 3469 3445
f 3445 3469 3470
f 3445 3470 3446
f 3446 3470 3471
f 3446 3471 3447
f 3447 3471 3472
f 3447 3472 3448
f 3448 3472 3473
f 3448 3473 3449
f 3449 3473 3474
f 3449 3474 3450
f 3450 3474 3475
f 3450 3475 3451
f 3451 3475 3476
f 3451 3476 3452
f 3452 3476 3477
f 3452 3477 3453
f 3453 3477 3478
f 3453 3478 3454
f 3454 3478 3479
f 3454 3479 3455
f 3455 3479 3480
f 3455 3480 3456
f 3456 3480 3481
f 3456 3481 3457
f 3457 3481 3482
f 3457 3482 3458
f 3458 3482 3483
f 3458 3483 3459
f 3459 3483 3484
f 3459 3484 3460
f 3460 3484 3485
f 3460 3485 3461
f 3461 3485 3486
f 3461 3486 3462
f 3462 3486 3487
f 3462 3487 3463
f 3463 3487 3488
f 3463 3488 3464
f 3464 3488 3465
f 3464 3465 3441
o cara_c061
f 3524 3489 3490
f 3526 3525 3560
f 3524 3490 3491
f 3527 3526 3560
f 3524 3491 3492
f 3528 3527 3560
f 3524 3492 3493
f 3529 3528 3560
f 3524 3493 3494
f 3530 3529 3560
f 3524 3494 3495
f 3531 3530 3560
f 3524 3495 3496
f 3532 3531 3560
f 3524 3496 3497
f 3533 3532 3560
f 3524 3497 3498
f 3534 3533 3560
f 3524 3498 3499
f 3535 3534 3560
f 3524 3499 3500
f 3536 3535 3560
f 3524 3500 3501
f 3537 3536 3560
f 3524 3501 3502
f 3538 3537 3560
f 3524 3502 3503
f 3539 3538 3560
f 3524 3503 3504
f 3540 3539 3560
f 3504 3505 3506
f 3542 3541 3540
f 3504 3506 3507
f 3543 3542 3540
f 3504 3507 3508
f 3544 3543 3540
f 3504 3508 3509
f 3545 3544 3540
f 3524 3504 3509
f 3545 3540 3560
f 3524 3509 3510
f 3546 3545 3560
f 3524 3510 3511
f 3547 3546 3560
f 3524 3511 3512
f 3548 3547 3560
f 3524 3512 3513
f 3549 3548 3560
f 3524 3513 3514
f 3550 3549 3560
f 3524 3514 3515
f 3551 3550 3560
f 3524 3515 3516
f 3552 3551 3560
f 3524 3516 3517
f 3553 3552 3560
f 3524 3517 3518
f 3554 3553 3560
f 3524 3518 3519
f 3555 3554 3560
f 3524 3519 3520
f 3556 3555 3560
f 3524 3520 3521
f 3557 3556 3560
f 3524 3521 3522
f 3558 3557 3560
f 3522 3523 3524
f 3560 3559 3558
f 3489 3525 3526
f 3489 3526 3490
f 3490 3526 3527
f 3490 3527 3491
f 3491 3527 3528
f 3491 3528 3492
f 3492 3528 3529
f 3492 3529 3493
f 3493 3529 3530
f 3493 3530 3494
f 3494 3530 3531
f 3494 3531 3495
f 3495 3531 3532
f 3495 3532 3496
f 3496 3532 3533
f 3496 3533 3497
f 3497 3533 3534
f 3497 3534 3498
f 3498 3534 3535
f 3498 3535 3499
f 3499 3535 3536
f 3499 3536 3500
f 3500 3536 3537
f 3500 3537 3501
f 3501 3537 3538
f 3501 3538 3502
f 3502 3538 3539
f 3502 3539 3503
f 3503 3539 3540
f 3503 3540 3504
f 3504 3540 3541
f 3504 3541 3505
f 3505 3541 3542
f 3505 3542 3506
f 3506 3542 3543
f 3506 3543 3507
f 3507 3543 3544
f 3507 3544 3508
f 3508 3544 3545
f 3508 3545 3509
f 3509 3545 3546
f 3509 3546 3510
f 3510 3546 3547
f 3510 3547 3511
f 3511 3547 3548
f 3511 3548 3512
f 3512 3548 3549
f 3512 3549 3513
f 3513 3549 3550
f 3513 3550 3514
f 3514 3550 3551
f 3514 3551 3515
f 3515 3551 3552
f 3515 3552 3516
f 3516 3552 3553
f 3516 3553 3517
f 3517 3553 3554
f 3517 3554 3518
f 3518 3554 3555
f 3518 3555 3519
f 3519 3555 3556
f 3519 3556 3520
f 3520 3556 3557
f 3520 3557 3521
f 3521 3557 3558
f 3521 3558 3522
f 3522 3558 3559
f 3522 3559 3523
f 3523 3559 3560
f 3523 3560 3524
f 3524 3560 3525
f 3524 3525 3489
o cara_c062
f 3584 3561 3562
f 3586 3585 3608
f 3584 3562 3563
f 3587 3586 3608
f 3584 3563 3564
f 3588 3587 3608
f 3584 3564 3565
f 3589 3588 3608
f 3584 3565 3566
f 3590 3589 3608
f 3584 3566 3567
f 3591 3590 3608
f 3584 3567 3568
f 3592 3591 3608
f 3584 3568 3569
f 3593 3592 3608
f 3584 3569 3570
f 3594 3593 3608
f 3584 3570 3571
f 3595 3594 3608
f 3584 3571 3572
f 3596 3595 3608
f 3584 3572 3573
f 3597 3596 3608
f 3584 3573 3574
f 3598 3597 3608
f 3584 3574 3575
f 3599 3598 3608
f 3584 3575 3576
f 3600 3599 3608
f 3584 3576 3577
f 3601 3600 3608
f 3584 3577 3578
f 3602 3601 3608
f 3584 3578 3579
f 3603 3602 3608
f 3584 3579 3580
f 3604 3603 3608
f 3580 3581 3582
f 3606 3605 3604
f 3580 3582 3583
f 3607 3606 3604
f 3580 3583 3584
f 3608 3607 3604
f 3561 3585 3586
f 3561 3586 3562
f 3562 3586 3587
f 3562 3587 3563
f 3563 3587 3588
f 3563 3588 3564
f 3564 3588 3589
f 3564 3589 3565
f 3565 3589 3590
f 3565 3590 3566
f 3566 3590 3591
f 3566 3591 3567
f 3567 3591 3592
f 3567 3592 3568
f 3568 3592 3593
f 3568 3593 3569
f 3569 3593 3594
f 3569 3594 3570
f 3570 3594 3595
f 3570 3595 3571
f 3571 3595 3596
f 3571 3596 3572
f 3572 3596 3597
f 3572 3597 3573
f 3573 3597 3598
f 3573 3598 3574
f 3574 3598 3599
f 3574 3599 3575
f 3575 3599 3600
f 3575 3600 3576
f 3576 3600 3601
f 3576 3601 3577
f 3577 3601 3602
f 3577 3602 3578
f 3578 3602 3603
f 3578 3603 3579
f 3579 3603 3604
f 3579 3604 3580
f 3580 3604 3605
f 3580 3605 3581
f 3581 3605 3606
f 3581 3606 3582
f 3582 3606 3607
f 3582 3607 3583
f 3583 3607 3608
f 3583 3608 3584
f 3584 3608 3585
f 3584 3585 3561
o cara_c063
f 3620 3609 3610
f 3622 3621 3632
f 3620 3610 3611
f 3623 3622 3632
f 3620 3611 3612
f 3624 3623 3632
f 3620 3612 3613
f 3625 3624 3632
f 3620 3613 3614
f 3626 3625 3632
f 3620 3614 3615
f 3627 3626 3632
f 3620 3615 3616
f 3628 3627 3632
f 3616 3617 3618
f 3630 3629 3628
f 3620 3616 3618
f 3630 3628 3632
f 3618 3619 3620
f 3632 3631 3630
f 3609 3621 3622
f 3609 3622 3610
f 3610 3622 3623
f 3610 3623 3611
f 3611 3623 3624
f 3611 3624 3612
f 3612 3624 3625
f 3612 3625 3613
f 3613 3625 3626
f 3613 3626 3614
f 3614 3626 3627
f 3614 3627 3615
f 3615 3627 3628
f 3615 3628 3616
f 3616 3628 3629
f 3616 3629 3617
f 3617 3629 3630
f 3617 3630 3618
f 3618 3630 3631
f 3618 3631 3619
f 3619 3631 3632
f 3619 3632 3620
f 3620 3632 3621
f 3620 3621 3609
o cara_c064
f 3644 3633 3634
f 3646 3645 3656
f 3644 3634 3635
f 3647 3646 3656
f 3644 3635 3636
f 3648 3647 3656
f 3644 3636 3637
f 3649 3648 3656
f 3644 3637 3638
f 3650 3649 3656
f 3644 3638 3639
f 3651 3650 3656
f 3644 3639 3640
f 3652 3651 3656
f 3640 3641 3642
f 3654 3653 3652
f 3640 3642 3643
f 3655 3654 3652
f 3640 3643 3644
f 3656 3655 3652
f 3633 3645 3646
f 3633 3646 3634
f 3634 3646 3647
f 3634 3647 3635
f 3635 3647 3648
f 3635 3648 3636
f 3636 3648 3649
f 3636 3649 3637
f 3637 3649 3650
f 3637 3650 3638
f 3638 3650 3651
f 3638 3651 3639
f 3639 3651 3652
f 3639 3652 3640
f 3640 3652 3653
f 3640 3653 3641
f 3641 3653 3654
f 3641 3654 3642
f 3642 3654 3655
f 3642 3655 3643
f 3643 3655 3656
f 3643 3656 3644
f 3644 3656 3645
f 3644 3645 3633
o cara_c065
f 3720 3657 3658
f 3722 3721 3784
f 3720 3658 3659
f 3723 3722 3784
f 3720 3659 3660
f 3724 3723 3784
f 3720 3660 3661
f 3725 3724 3784
f 3664 3665 3666
f 3730 3729 3728
f 3663 3664 3666
f 3730 3728 3727
f 3662 3663 3666
f 3730 3727 3726
f 3661 3662 3666
f 3730 3726 3725
f 3661 3666 3667
f 3731 3730 3725
f 3661 3667 3668
f 3732 3731 3725
f 3720 3661 3668
f 3732 3725 3784
f 3720 3668 3669
f 3733 3732 3784
f 3720 3669 3670
f 3734 3733 3784
f 3720 3670 3671
f 3735 3734 3784
f 3720 3671 3672
f 3736 3735 3784
f 3720 3672 3673
f 3737 3736 3784
f 3720 3673 3674
f 3738 3737 3784
f 3720 3674 3675
f 3739 3738 3784
f 3720 3675 3676
f 3740 3739 3784
f 3720 3676 3677
f 3741 3740 3784
f 3720 3677 3678
f 3742 3741 3784
f 3720 3678 3679
f 3743 3742 3784
f 3720 3679 3680
f 3744 3743 3784
f 3720 3680 3681
f 3745 3744 3784
f 3720 3681 3682
f 3746 3745 3784
f 3720 3682 3683
f 3747 3746 3784
f 3720 3683 3684
f 3748 3747 3784
f 3720 3684 3685
f 3749 3748 3784
f 3686 3687 3688
f 3752 3751 3750
f 3688 3689 3690
f 3754 3753 3752
f 3686 3688 3690
f 3754 3752 3750
f 3685 3686 3690
f 3754 3750 3749
f 3720 3685 3690
f 3754 3749 3784
f 3720 3690 3691
f 3755 3754 3784
f 3720 3691 3692
f 3756 3755 3784
f 3720 3692 3693
f 3757 3756 3784
f 3720 3693 3694
f 3758 3757 3784
f 3720 3694 3695
f 3759 3758 3784
f 3720 3695 3696
f 3760 3759 3784
f 3697 3698 3699
f 3763 3762 3761
f 3700 3701 3702
f 3766 3765 3764
f 3699 3700 3702
f 3766 3764 3763
f 3697 3699 3702
f 3766 3763 3761
f 3697 3702 3703
f 3767 3766 3761
f 3697 3703 3704
f 3768 3767 3761
f 3696 3697 3704
f 3768 3761 3760
f 3696 3704 3705
f 3769 3768 3760
f 3696 3705 3706
f 3770 3769 3760
f 3696 3706 3707
f 3771 3770 3760
f 3696 3707 3708
f 3772 3771 3760
f 3696 3708 3709
f 3773 3772 3760
f 3696 3709 3710
f 3774 3773 3760
f 3696 3710 3711
f 3775 3774 3760
f 3696 3711 3712
f 3776 3775 3760
f 3696 3712 3713
f 3777 3776 3760
f 3696 3713 3714
f 3778 3777 3760
f 3696 3714 3715
f 3779 3778 3760
f 3696 3715 3716
f 3780 3779 3760
f 3696 3716 3717
f 3781 3780 3760
f 3696 3717 3718
f 3782 3781 3760
f 3720 3696 3718
f 3782 3760 3784
f 3718 3719 3720
f 3784 3783 3782
f 3657 3721 3722
f 3657 3722 3658
f 3658 3722 3723
f 3658 3723 3659
f 3659 3723 3724
f 3659 3724 3660
f 3660 3724 3725
f 3660 3725 3661
f 3661 3725 3726
f 3661 3726 3662
f 3662 3726 3727
f 3662 3727 3663
f 3663 3727 3728
f 3663 3728 3664
f 3664 3728 3729
f 3664 3729 3665
f 3665 3729 3730
f 3665 3730 3666
f 3666 3730 3731
f 3666 3731 3667
f 3667 3731 3732
f 3667 3732 3668
f 3668 3732 3733
f 3668 3733 3669
f 3669 3733 3734
f 3669 3734 3670
f 3670 3734 3735
f 3670 3735 3671
f 3671 3735 3736
f 3671 3736 3672
f 3672 3736 3737
f 3672 3737 3673
f 3673 3737 3738
f 3673 3738 3674
f 3674 3738 3739
f 3674 3739 3675
f 3675 3739 3740
f 3675 3740 3676
f 3676 3740 3741
f 3676 3741 3677
f 3677 3741 3742
f 3677 3742 3678
f 3678 3742 3743
f 3678 3743 3679
f 3679 3743 3744
f 3679 3744 3680
f 3680 3744 3745
f 3680 3745 3681
f 3681 3745 3746
f 3681 3746 3682
f 3682 3746 3747
f 3682 3747 3683
f 3683 3747 3748
f 3683 3748 3684
f 3684 3748 3749
f 3684 3749 3685
f 3685 3749 3750
f 3685 3750 3686
f 3686 3750 3751
f 3686 3751 3687
f 3687 3751 3752
f 3687 3752 3688
f 3688 3752 3753
f 3688 3753 3689
f 3689 3753 3754
f 3689 3754 3690
f 3690 3754 3755
f 3690 3755 3691
f 3691 3755 3756
f 3691 3756 3692
f 3692 3756 3757
f 3692 3757 3693
f 3693 3757 3758
f 3693 3758 3694
f 3694 3758 3759
f 3694 3759 3695
f 3695 3759 3760
f 3695 3760 3696
f 3696 3760 3761
f 3696 3761 3697
f 3697 3761 3762
f 3697 3762 3698
f 3698 3762 3763
f 3698 3763 3699
f 3699 3763 3764
f 3699 3764 3700
f 3700 3764 3765
f 3700 3765 3701
f 3701 3765 3766
f 3701 3766 3702
f 3702 3766 3767
f 3702 3767 3703
f 3703 3767 3768
f 3703 3768 3704
f 3704 3768 3769
f 3704 3769 3705
f 3705 3769 3770
f 3705 3770 3706
f 3706 3770 3771
f 3706 3771 3707
f 3707 3771 3772
f 3707 3772 3708
f 3708 3772 3773
f 3708 3773 3709
f 3709 3773 3774
f 3709 3774 3710
f 3710 3774 3775
f 3710 3775 3711
f 3711 3775 3776
f 3711 3776 3712
f 3712 3776 3777
f 3712 3777 3713
f 3713 3777 3778
f 3713 3778 3714
f 3714 3778 3779
f 3714 3779 3715
f 3715 3779 3780
f 3715 3780 3716
f 3716 3780 3781
f 3716 3781 3717
f 3717 3781 3782
f 3717 3782 3718
f 3718 3782 3783
f 3718 3783 3719
f 3719 3783 3784
f 3719 3784 3720
f 3720 3784 3721
f 3720 3721 3657
o cara_c066
f 3848 3785 3786
f 3850 3849 3912
f 3848 3786 3787
f 3851 3850 3912
f 3848 3787 3788
f 3852 3851 3912
f 3848 3788 3789
f 3853 3852 3912
f 3792 3793 3794
f 3858 3857 3856
f 3791 3792 3794
f 3858 3856 3855
f 3790 3791 3794
f 3858 3855 3854
f 3789 3790 3794
f 3858 3854 3853
f 3789 3794 3795
f 3859 3858 3853
f 3789 3795 3796
f 3860 3859 3853
f 3789 3796 3797
f 3861 3860 3853
f 3800 3801 3802
f 3866 3865 3864
f 3799 3800 3802
f 3866 3864 3863
f 3798 3799 3802
f 3866 3863 3862
f 3797 3798 3802
f 3866 3862 3861
f 3797 3802 3803
f 3867 3866 3861
f 3797 3803 3804
f 3868 3867 3861
f 3797 3804 3805
f 3869 3868 3861
f 3797 3805 3806
f 3870 3869 3861
f 3797 3806 3807
f 3871 3870 3861
f 3797 3807 3808
f 3872 3871 3861
f 3789 3797 3808
f 3872 3861 3853
f 3789 3808 3809
f 3873 3872 3853
f 3848 3789 3809
f 3873 3853 3912
f 3848 3809 3810
f 3874 3873 3912
f 3848 3810 3811
f 3875 3874 3912
f 3848 3811 3812
f 3876 3875 3912
f 3848 3812 3813
f 3877 3876 3912
f 3848 3813 3814
f 3878 3877 3912
f 3816 3817 3818
f 3882 3881 3880
f 3815 3816 3818
f 3882 3880 3879
f 3814 3815 3818
f 3882 3879 3878
f 3814 3818 3819
f 3883 3882 3878
f 3814 3819 3820
f 3884 3883 3878
f 3814 3820 3821
f 3885 3884 3878
f 3848 3814 3821
f 3885 3878 3912
f 3848 3821 3822
f 3886 3885 3912
f 3848 3822 3823
f 3887 3886 3912
f 3848 3823 3824
f 3888 3887 3912
f 3848 3824 3825
f 3889 3888 3912
f 3848 3825 3826
f 3890 3889 3912
f 3848 3826 3827
f 3891 3890 3912
f 3848 3827 3828
f 3892 3891 3912
f 3848 3828 3829
f 3893 3892 3912
f 3848 3829 3830
f 3894 3893 3912
f 3848 3830 3831
f 3895 3894 3912
f 3848 3831 3832
f 3896 3895 3912
f 3848 3832 3833
f 3897 3896 3912
f 3848 3833 3834
f 3898 3897 3912
f 3848 3834 3835
f 3899 3898 3912
f 3848 3835 3836
f 3900 3899 3912
f 3848 3836 3837
f 3901 3900 3912
f 3848 3837 3838
f 3902 3901 3912
f 3839 3840 3841
f 3905 3904 3903
f 3839 3841 3842
f 3906 3905 3903
f 3838 3839 3842
f 3906 3903 3902
f 3838 3842 3843
f 3907 3906 3902
f 3838 3843 3844
f 3908 3907 3902
f 3838 3844 3845
f 3909 3908 3902
f 3838 3845 3846
f 3910 3909 3902
f 3848 3838 3846
f 3910 3902 3912
f 3846 3847 3848
f 3912 3911 3910
f 3785 3849 3850
f 3785 3850 3786
f 3786 3850 3851
f 3786 3851 3787
f 3787 3851 3852
f 3787 3852 3788
f 3788 3852 3853
f 3788 3853 3789
f 3789 3853 3854
f 3789 3854 3790
f 3790 3854 3855
f 3790 3855 3791
f 3791 3855 3856
f 3791 3856 3792
f 3792 3856 3857
f 3792 3857 3793
f 3793 3857 3858
f 3793 3858 3794
f 3794 3858 3859
f 3794 3859 3795
f 3795 3859 3860
f 3795 3860 3796
f 3796 3860 3861
f 3796 3861 3797
f 3797 3861 3862
f 3797 3862 3798
f 3798 3862 3863
f 3798 3863 3799
f 3799 3863 3864
f 3799 3864 3800
f 3800 3864 3865
f 3800 3865 3801
f 3801 3865 3866
f 3801 3866 3802
f 3802 3866 3867
f 3802 3867 3803
f 3803 3867 3868
f 3803 3868 3804
f 3804 3868 3869
f 3804 3869 3805
f 3805 3869 3870
f 3805 3870 3806
f 3806 3870 3871
f 3806 3871 3807
f 3807 3871 3872
f 3807 3872 3808
f 3808 3872 3873
f 3808 3873 3809
f 3809 3873 3874
f 3809 3874 3810
f 3810 3874 3875
f 3810 3875 3811
f 3811 3875 3876
f 3811 3876 3812
f 3812 3876 3877
f 3812 3877 3813
f 3813 3877 3878
f 3813 3878 3814
f 3814 3878 3879
f 3814 3879 3815
f 3815 3879 3880
f 3815 3880 3816
f 3816 3880 3881
f 3816 3881 3817
f 3817 3881 3882
f 3817 3882 3818
f 3818 3882 3883
f 3818 3883 3819
f 3819 3883 3884
f 3819 3884 3820
f 3820 3884 3885
f 3820 3885 3821
f 3821 3885 3886
f 3821 3886 3822
f 3822 3886 3887
f 3822 3887 3823
f 3823 3887 3888
f 3823 3888 3824
f 3824 3888 3889
f 3824 3889 3825
f 3825 3889 3890
f 3825 3890 3826
f 3826 3890 3891
f 3826 3891 3827
f 3827 3891 3892
f 3827 3892 3828
f 3828 3892 3893
f 3828 3893 3829
f 3829 3893 3894
f 3829 3894 3830
f 3830 3894 3895
f 3830 3895 3831
f 3831 3895 3896
f 3831 3896 3832
f 3832 3896 3897
f 3832 3897 3833
f 3833 3897 3898
f 3833 3898 3834
f 3834 3898 3899
f 3834 3899 3835
f 3835 3899 3900
f 3835 3900 3836
f 3836 3900 3901
f 3836 3901 3837
f 3837 3901 3902
f 3837 3902 3838
f 3838 3902 3903
f 3838 3903 3839
f 3839 3903 3904
f 3839 3904 3840
f 3840 3904 3905
f 3840 3905 3841
f 3841 3905 3906
f 3841 3906 3842
f 3842 3906 3907
f 3842 3907 3843
f 3843 3907 3908
f 3843 3908 3844
f 3844 3908 3909
f 3844 3909 3845
f 3845 3909 3910
f 3845 3910 3846
f 3846 3910 3911
f 3846 3911 3847
f 3847 3911 3912
f 3847 3912 3848
f 3848 3912 3849
f 3848 3849 3785
o cara_c067
f 3956 3913 3914
f 3958 3957 4000
f 3956 3914 3915
f 3959 3958 4000
f 3956 3915 3916
f 3960 3959 4000
f 3956 3916 3917
f 3961 3960 4000
f 3956 3917 3918
f 3962 3961 4000
f 3956 3918 3919
f 3963 3962 4000
f 3956 3919 3920
f 3964 3963 4000
f 3956 3920 3921
f 3965 3964 4000
f 3956 3921 3922
f 3966 3965 4000
f 3956 3922 3923
f 3967 3966 4000
f 3956 3923 3924
f 3968 3967 4000
f 3956 3924 3925
f 3969 3968 4000
f 3956 3925 3926
f 3970 3969 4000
f 3956 3926 3927
f 3971 3970 4000
f 3956 3927 3928
f 3972 3971 4000
f 3956 3928 3929
f 3973 3972 4000
f 3956 3929 3930
f 3974 3973 4000
f 3932 3933 3934
f 3978 3977 3976
f 3931 3932 3934
f 3978 3976 3975
f 3930 3931 3934
f 3978 3975 3974
f 3930 3934 3935
f 3979 3978 3974
f 3930 3935 3936
f 3980 3979 3974
f 3930 3936 3937
f 3981 3980 3974
f 3930 3937 3938
f 3982 3981 3974
f 3930 3938 3939
f 3983 3982 3974
f 3930 3939 3940
f 3984 3983 3974
f 3930 3940 3941
f 3985 3984 3974
f 3930 3941 3942
f 3986 3985 3974
f 3930 3942 3943
f 3987 3986 3974
f 3930 3943 3944
f 3988 3987 3974
f 3930 3944 3945
f 3989 3988 3974
f 3930 3945 3946
f 3990 3989 3974
f 3930 3946 3947
f 3991 3990 3974
f 3930 3947 3948
f 3992 3991 3974
f 3930 3948 3949
f 3993 3992 3974
f 3930 3949 3950
f 3994 3993 3974
f 3930 3950 3951
f 3995 3994 3974
f 3930 3951 3952
f 3996 3995 3974
f 3930 3952 3953
f 3997 3996 3974
f 3930 3953 3954
f 3998 3997 3974
f 3930 3954 3955
f 3999 3998 3974
f 3930 3955 3956
f 4000 3999 3974
f 3913 3957 3958
f 3913 3958 3914
f 3914 3958 3959
f 3914 3959 3915
f 3915 3959 3960
f 3915 3960 3916
f 3916 3960 3961
f 3916 3961 3917
f 3917 3961 3962
f 3917 3962 3918
f 3918 3962 3963
f 3918 3963 3919
f 3919 3963 3964
f 3919 3964 3920
f 3920 3964 3965
f 3920 3965 3921
f 3921 3965 3966
f 3921 3966 3922
f 3922 3966 3967
f 3922 3967 3923
f 3923 3967 3968
f 3923 3968 3924
f 3924 3968 3969
f 3924 3969 3925
f 3925 3969 3970
f 3925 3970 3926
f 3926 3970 3971
f 3926 3971 3927
f 3927 3971 3972
f 3927 3972 3928
f 3928 3972 3973
f 3928 3973 3929
f 3929 3973 3974
f 3929 3974 3930
f 3930 3974 3975
f 3930 3975 3931
f 3931 3975 3976
f 3931 3976 3932
f 3932 3976 3977
f 3932 3977 3933
f 3933 3977 3978
f 3933 3978 3934
f 3934 3978 3979
f 3934 3979 3935
f 3935 3979 3980
f 3935 3980 3936
f 3936 3980 3981
f 3936 3981 3937
f 3937 3981 3982
f 3937 3982 3938
f 3938 3982 3983
f 3938 3983 3939
f 3939 3983 3984
f 3939 3984 3940
f 3940 3984 3985
f 3940 3985 3941
f 3941 3985 3986
f 3941 3986 3942
f 3942 3986 3987
f 3942 3987 3943
f 3943 3987 3988
f 3943 3988 3944
f 3944 3988 3989
f 3944 3989 3945
f 3945 3989 3990
f 3945 3990 3946
f 3946 3990 3991
f 3946 3991 3947
f 3947 3991 3992
f 3947 3992 3948
f 3948 3992 3993
f 3948 3993 3949
f 3949 3993 3994
f 3949 3994 3950
f 3950 3994 3995
f 3950 3995 3951
f 3951 3995 3996
f 3951 3996 3952
f 3952 3996 3997
f 3952 3997 3953
f 3953 3997 3998
f 3953 3998 3954
f 3954 3998 3999
f 3954 3999 3955
f 3955 3999 4000
f 3955 4000 3956
f 3956 4000 3957
f 3956 3957 3913
o cara_c068
f 4020 4001 4002
f 4022 4021 4040
f 4020 4002 4003
f 4023 4022 4040
f 4020 4003 4004
f 4024 4023 4040
f 4020 4004 4005
f 4025 4024 4040
f 4020 4005 4006
f 4026 4025 4040
f 4020 4006 4007
f 4027 4026 4040
f 4020 4007 4008
f 4028 4027 4040
f 4020 4008 4009
f 4029 4028 4040
f 4020 4009 4010
f 4030 4029 4040
f 4020 4010 4011
f 4031 4030 4040
f 4020 4011 4012
f 4032 4031 4040
f 4020 4012 4013
f 4033 4032 4040
f 4020 4013 4014
f 4034 4033 4040
f 4020 4014 4015
f 4035 4034 4040
f 4020 4015 4016
f 4036 4035 4040
f 4020 4016 4017
f 4037 4036 4040
f 4018 4019 4020
f 4040 4039 4038
f 4017 4018 4020
f 4040 4038 4037
f 4001 4021 4022
f 4001 4022 4002
f 4002 4022 4023
f 4002 4023 4003
f 4003 4023 4024
f 4003 4024 4004
f 4004 4024 4025
f 4004 4025 4005
f 4005 4025 4026
f 4005 4026 4006
f 4006 4026 4027
f 4006 4027 4007
f 4007 4027 4028
f 4007 4028 4008
f 4008 4028 4029
f 4008 4029 4009
f 4009 4029 4030
f 4009 4030 4010
f 4010 4030 4031
f 4010 4031 4011
f 4011 4031 4032
f 4011 4032 4012
f 4012 4032 4033
f 4012 4033 4013
f 4013 4033 4034
f 4013 4034 4014
f 4014 4034 4035
f 4014 4035 4015
f 4015 4035 4036
f 4015 4036 4016
f 4016 4036 4037
f 4016 4037 4017
f 4017 4037 4038
f 4017 4038 4018
f 4018 4038 4039
f 4018 4039 4019
f 4019 4039 4040
f 4019 4040 4020
f 4020 4040 4021
f 4020 4021 4001
o cara_c069
f 4084 4041 4042
f 4086 4085 4128
f 4084 4042 4043
f 4087 4086 4128
f 4084 4043 4044
f 4088 4087 4128
f 4084 4044 4045
f 4089 4088 4128
f 4084 4045 4046
f 4090 4089 4128
f 4084 4046 4047
f 4091 4090 4128
f 4084 4047 4048
f 4092 4091 4128
f 4084 4048 4049
f 4093 4092 4128
f 4052 4053 4054
f 4098 4097 4096
f 4051 4052 4054
f 4098 4096 4095
f 4050 4051 4054
f 4098 4095 4094
f 4049 4050 4054
f 4098 4094 4093
f 4049 4054 4055
f 4099 4098 4093
f 4049 4055 4056
f 4100 4099 4093
f 4049 4056 4057
f 4101 4100 4093
f 4049 4057 4058
f 4102 4101 4093
f 4084 4049 4058
f 4102 4093 4128
f 4084 4058 4059
f 4103 4102 4128
f 4084 4059 4060
f 4104 4103 4128
f 4084 4060 4061
f 4105 4104 4128
f 4084 4061 4062
f 4106 4105 4128
f 4084 4062 4063
f 4107 4106 4128
f 4084 4063 4064
f 4108 4107 4128
f 4084 4064 4065
f 4109 4108 4128
f 4084 4065 4066
f 4110 4109 4128
f 4084 4066 4067
f 4111 4110 4128
f 4084 4067 4068
f 4112 4111 4128
f 4084 4068 4069
f 4113 4112 4128
f 4084 4069 4070
f 4114 4113 4128
f 4084 4070 4071
f 4115 4114 4128
f 4084 4071 4072
f 4116 4115 4128
f 4084 4072 4073
f 4117 4116 4128
f 4084 4073 4074
f 4118 4117 4128
f 4084 4074 4075
f 4119 4118 4128
f 4084 4075 4076
f 4120 4119 4128
f 4084 4076 4077
f 4121 4120 4128
f 4084 4077 4078
f 4122 4121 4128
f 4084 4078 4079
f 4123 4122 4128
f 4084 4079 4080
f 4124 4123 4128
f 4084 4080 4081
f 4125 4124 4128
f 4084 4081 4082
f 4126 4125 4128
f 4082 4083 4084
f 4128 4127 4126
f 4041 4085 4086
f 4041 4086 4042
f 4042 4086 4087
f 4042 4087 4043
f 4043 4087 4088
f 4043 4088 4044
f 4044 4088 4089
f 4044 4089 4045
f 4045 4089 4090
f 4045 4090 4046
f 4046 4090 4091
f 4046 4091 4047
f 4047 4091 4092
f 4047 4092 4048
f 4048 4092 4093
f 4048 4093 4049
f 4049 4093 4094
f 4049 4094 4050
f 4050 4094 4095
f 4050 4095 4051
f 4051 4095 4096
f 4051 4096 4052
f 4052 4096 4097
f 4052 4097 4053
f 4053 4097 4098
f 4053 4098 4054
f 4054 4098 4099
f 4054 4099 4055
f 4055 4099 4100
f 4055 4100 4056
f 4056 4100 4101
f 4056 4101 4057
f 4057 4101 4102
f 4057 4102 4058
f 4058 4102 4103
f 4058 4103 4059
f 4059 4103 4104
f 4059 4104 4060
f 4060 4104 4105
f 4060 4105 4061
f 4061 4105 4106
f 4061 4106 4062
f 4062 4106 4107
f 4062 4107 4063
f 4063 4107 4108
f 4063 4108 4064
f 4064 4108 4109
f 4064 4109 4065
f 4065 4109 4110
f 4065 4110 4066
f 4066 4110 4111
f 4066 4111 4067
f 4067 4111 4112
f 4067 4112 4068
f 4068 4112 4113
f 4068 4113 4069
f 4069 4113 4114
f 4069 4114 4070
f 4070 4114 4115
f 4070 4115 4071
f 4071 4115 4116
f 4071 4116 4072
f 4072 4116 4117
f 4072 4117 4073
f 4073 4117 4118
f 4073 4118 4074
f 4074 4118 4119
f 4074 4119 4075
f 4075 4119 4120
f 4075 4120 4076
f 4076 4120 4121
f 4076 4121 4077
f 4077 4121 4122
f 4077 4122 4078
f 4078 4122 4123
f 4078 4123 4079
f 4079 4123 4124
f 4079 4124 4080
f 4080 4124 4125
f 4080 4125 4081
f 4081 4125 4126
f 4081 4126 4082
f 4082 4126 4127
f 4082 4127 4083
f 4083 4127 4128
f 4083 4128 4084
f 4084 4128 4085
f 4084 4085 4041
o cara_c070
f 4152 4129 4130
f 4154 4153 4176
f 4152 4130 4131
f 4155 4154 4176
f 4152 4131 4132
f 4156 4155 4176
f 4152 4132 4133
f 4157 4156 4176
f 4152 4133 4134
f 4158 4157 4176
f 4152 4134 4135
f 4159 4158 4176
f 4152 4135 4136
f 4160 4159 4176
f 4152 4136 4137
f 4161 4160 4176
f 4152 4137 4138
f 4162 4161 4176
f 4152 4138 4139
f 4163 4162 4176
f 4152 4139 4140
f 4164 4163 4176
f 4152 4140 4141
f 4165 4164 4176
f 4152 4141 4142
f 4166 4165 4176
f 4152 4142 4143
f 4167 4166 4176
f 4152 4143 4144
f 4168 4167 4176
f 4152 4144 4145
f 4169 4168 4176
f 4152 4145 4146
f 4170 4169 4176
f 4152 4146 4147
f 4171 4170 4176
f 4152 4147 4148
f 4172 4171 4176
f 4152 4148 4149
f 4173 4172 4176
f 4152 4149 4150
f 4174 4173 4176
f 4150 4151 4152
f 4176 4175 4174
f 4129 4153 4154
f 4129 4154 4130
f 4130 4154 4155
f 4130 4155 4131
f 4131 4155 4156
f 4131 4156 4132
f 4132 4156 4157
f 4132 4157 4133
f 4133 4157 4158
f 4133 4158 4134
f 4134 4158 4159
f 4134 4159 4135
f 4135 4159 4160
f 4135 4160 4136
f 4136 4160 4161
f 4136 4161 4137
f 4137 4161 4162
f 4137 4162 4138
f 4138 4162 4163
f 4138 4163 4139
f 4139 4163 4164
f 4139 4164 4140
f 4140 4164 4165
f 4140 4165 4141
f 4141 4165 4166
f 4141 4166 4142
f 4142 4166 4167
f 4142 4167 4143
f 4143 4167 4168
f 4143 4168 4144
f 4144 4168 4169
f 4144 4169 4145
f 4145 4169 4170
f 4145 4170 4146
f 4146 4170 4171
f 4146 4171 4147
f 4147 4171 4172
f 4147 4172 4148
f 4148 4172 4173
f 4148 4173 4149
f 4149 4173 4174
f 4149 4174 4150
f 4150 4174 4175
f 4150 4175 4151
f 4151 4175 4176
f 4151 4176 4152
f 4152 4176 4153
f 4152 4153 4129
o cara_c071
f 4208 4177 4178
f 4210 4209 4240
f 4208 4178 4179
f 4211 4210 4240
f 4208 4179 4180
f 4212 4211 4240
f 4208 4180 4181
f 4213 4212 4240
f 4208 4181 4182
f 4214 4213 4240
f 4208 4182 4183
f 4215 4214 4240
f 4208 4183 4184
f 4216 4215 4240
f 4208 4184 4185
f 4217 4216 4240
f 4208 4185 4186
f 4218 4217 4240
f 4208 4186 4187
f 4219 4218 4240
f 4208 4187 4188
f 4220 4219 4240
f 4208 4188 4189
f 4221 4220 4240
f 4208 4189 4190
f 4222 4221 4240
f 4208 4190 4191
f 4223 4222 4240
f 4208 4191 4192
f 4224 4223 4240
f 4208 4192 4193
f 4225 4224 4240
f 4208 4193 4194
f 4226 4225 4240
f 4208 4194 4195
f 4227 4226 4240
f 4208 4195 4196
f 4228 4227 4240
f 4208 4196 4197
f 4229 4228 4240
f 4208 4197 4198
f 4230 4229 4240
f 4208 4198 4199
f 4231 4230 4240
f 4208 4199 4200
f 4232 4231 4240
f 4208 4200 4201
f 4233 4232 4240
f 4208 4201 4202
f 4234 4233 4240
f 4208 4202 4203
f 4235 4234 4240
f 4208 4203 4204
f 4236 4235 4240
f 4204 4205 4206
f 4238 4237 4236
f 4204 4206 4207
f 4239 4238 4236
f 4204 4207 4208
f 4240 4239 4236
f 4177 4209 4210
f 4177 4210 4178
f 4178 4210 4211
f 4178 4211 4179
f 4179 4211 4212
f 4179 4212 4180
f 4180 4212 4213
f 4180 4213 4181
f 4181 4213 4214
f 4181 4214 4182
f 4182 4214 4215
f 4182 4215 4183
f 4183 4215 4216
f 4183 4216 4184
f 4184 4216 4217
f 4184 4217 4185
f 4185 4217 4218
f 4185 4218 4186
f 4186 4218 4219
f 4186 4219 4187
f 4187 4219 4220
f 4187 4220 4188
f 4188 4220 4221
f 4188 4221 4189
f 4189 4221 4222
f 4189 4222 4190
f 4190 4222 4223
f 4190 4223 4191
f 4191 4223 4224
f 4191 4224 4192
f 4192 4224 4225
f 4192 4225 4193
f 4193 4225 4226
f 4193 4226 4194
f 4194 4226 4227
f 4194 4227 4195
f 4195 4227 4228
f 4195 4228 4196
f 4196 4228 4229
f 4196 4229 4197
f 4197 4229 4230
f 4197 4230 4198
f 4198 4230 4231
f 4198 4231 4199
f 4199 4231 4232
f 4199 4232 4200
f 4200 4232 4233
f 4200 4233 4201
f 4201 4233 4234
f 4201 4234 4202
f 4202 4234 4235
f 4202 4235 4203
f 4203 4235 4236
f 4203 4236 4204
f 4204 4236 4237
f 4204 4237 4205
f 4205 4237 4238
f 4205 4238 4206
f 4206 4238 4239
f 4206 4239 4207
f 4207 4239 4240
f 4207 4240 4208
f 4208 4240 4209
f 4208 4209 4177
o cara_c072
f 4272 4241 4242
f 4274 4273 4304
f 4272 4242 4243
f 4275 4274 4304
f 4272 4243 4244
f 4276 4275 4304
f 4272 4244 4245
f 4277 4276 4304
f 4272 4245 4246
f 4278 4277 4304
f 4272 4246 4247
f 4279 4278 4304
f 4272 4247 4248
f 4280 4279 4304
f 4272 4248 4249
f 4281 4280 4304
f 4272 4249 4250
f 4282 4281 4304
f 4272 4250 4251
f 4283 4282 4304
f 4272 4251 4252
f 4284 4283 4304
f 4272 4252 4253
f 4285 4284 4304
f 4272 4253 4254
f 4286 4285 4304
f 4272 4254 4255
f 4287 4286 4304
f 4272 4255 4256
f 4288 4287 4304
f 4272 4256 4257
f 4289 4288 4304
f 4272 4257 4258
f 4290 4289 4304
f 4272 4258 4259
f 4291 4290 4304
f 4272 4259 4260
f 4292 4291 4304
f 4272 4260 4261
f 4293 4292 4304
f 4272 4261 4262
f 4294 4293 4304
f 4272 4262 4263
f 4295 4294 4304
f 4272 4263 4264
f 4296 4295 4304
f 4272 4264 4265
f 4297 4296 4304
f 4272 4265 4266
f 4298 4297 4304
f 4272 4266 4267
f 4299 4298 4304
f 4272 4267 4268
f 4300 4299 4304
f 4272 4268 4269
f 4301 4300 4304
f 4269 4270 4271
f 4303 4302 4301
f 4269 4271 4272
f 4304 4303 4301
f 4241 4273 4274
f 4241 4274 4242
f 4242 4274 4275
f 4242 4275 4243
f 4243 4275 4276
f 4243 4276 4244
f 4244 4276 4277
f 4244 4277 4245
f 4245 4277 4278
f 4245 4278 4246
f 4246 4278 4279
f 4246 4279 4247
f 4247 4279 4280
f 4247 4280 4248
f 4248 4280 4281
f 4248 4281 4249
f 4249 4281 4282
f 4249 4282 4250
f 4250 4282 4283
f 4250 4283 4251
f 4251 4283 4284
f 4251 4284 4252
f 4252 4284 4285
f 4252 4285 4253
f 4253 4285 4286
f 4253 4286 4254
f 4254 4286 4287
f 4254 4287 4255
f 4255 4287 4288
f 4255 4288 4256
f 4256 4288 4289
f 4256 4289 4257
f 4257 4289 4290
f 4257 4290 4258
f 4258 4290 4291
f 4258 4291 4259
f 4259 4291 4292
f 4259 4292 4260
f 4260 4292 4293
f 4260 4293 4261
f 4261 4293 4294
f 4261 4294 4262
f 4262 4294 4295
f 4262 4295 4263
f 4263 4295 4296
f 4263 4296 4264
f 4264 4296 4297
f 4264 4297 4265
f 4265 4297 4298
f 4265 4298 4266
f 4266 4298 4299
f 4266 4299 4267
f 4267 4299 4300
f 4267 4300 4268
f 4268 4300 4301
f 4268 4301 4269
f 4269 4301 4302
f 4269 4302 4270
f 4270 4302 4303
f 4270 4303 4271
f 4271 4303 4304
f 4271 4304 4272
f 4272 4304 4273
f 4272 4273 4241
o cara_c073
f 4320 4305 4306
f 4322 4321 4336
f 4320 4306 4307
f 4323 4322 4336
f 4320 4307 4308
f 4324 4323 4336
f 4320 4308 4309
f 4325 4324 4336
f 4320 4309 4310
f 4326 4325 4336
f 4320 4310 4311
f 4327 4326 4336
f 4320 4311 4312
f 4328 4327 4336
f 4320 4312 4313
f 4329 4328 4336
f 4320 4313 4314
f 4330 4329 4336
f 4320 4314 4315
f 4331 4330 4336
f 4320 4315 4316
f 4332 4331 4336
f 4316 4317 4318
f 4334 4333 4332
f 4316 4318 4319
f 4335 4334 4332
f 4316 4319 4320
f 4336 4335 4332
f 4305 4321 4322
f 4305 4322 4306
f 4306 4322 4323
f 4306 4323 4307
f 4307 4323 4324
f 4307 4324 4308
f 4308 4324 4325
f 4308 4325 4309
f 4309 4325 4326
f 4309 4326 4310
f 4310 4326 4327
f 4310 4327 4311
f 4311 4327 4328
f 4311 4328 4312
f 4312 4328 4329
f 4312 4329 4313
f 4313 4329 4330
f 4313 4330 4314
f 4314 4330 4331
f 4314 4331 4315
f 4315 4331 4332
f 4315 4332 4316
f 4316 4332 4333
f 4316 4333 4317
f 4317 4333 4334
f 4317 4334 4318
f 4318 4334 4335
f 4318 4335 4319
f 4319 4335 4336
f 4319 4336 4320
f 4320 4336 4321
f 4320 4321 4305
o cara_c074
f 4352 4337 4338
f 4354 4353 4368
f 4352 4338 4339
f 4355 4354 4368
f 4352 4339 4340
f 4356 4355 4368
f 4352 4340 4341
f 4357 4356 4368
f 4352 4341 4342
f 4358 4357 4368
f 4352 4342 4343
f 4359 4358 4368
f 4352 4343 4344
f 4360 4359 4368
f 4352 4344 4345
f 4361 4360 4368
f 4352 4345 4346
f 4362 4361 4368
f 4352 4346 4347
f 4363 4362 4368
f 4352 4347 4348
f 4364 4363 4368
f 4348 4349 4350
f 4366 4365 4364
f 4348 4350 4351
f 4367 4366 4364
f 4348 4351 4352
f 4368 4367 4364
f 4337 4353 4354
f 4337 4354 4338
f 4338 4354 4355
f 4338 4355 4339
f 4339 4355 4356
f 4339 4356 4340
f 4340 4356 4357
f 4340 4357 4341
f 4341 4357 4358
f 4341 4358 4342
f 4342 4358 4359
f 4342 4359 4343
f 4343 4359 4360
f 4343 4360 4344
f 4344 4360 4361
f 4344 4361 4345
f 4345 4361 4362
f 4345 4362 4346
f 4346 4362 4363
f 4346 4363 4347
f 4347 4363 4364
f 4347 4364 4348
f 4348 4364 4365
f 4348 4365 4349
f 4349 4365 4366
f 4349 4366 4350
f 4350 4366 4367
f 4350 4367 4351
f 4351 4367 4368
f 4351 4368 4352
f 4352 4368 4353
f 4352 4353 4337
o cara_c075
f 4384 4369 4370
f 4386 4385 4400
f 4384 4370 4371
f 4387 4386 4400
f 4384 4371 4372
f 4388 4387 4400
f 4384 4372 4373
f 4389 4388 4400
f 4384 4373 4374
f 4390 4389 4400
f 4384 4374 4375
f 4391 4390 4400
f 4384 4375 4376
f 4392 4391 4400
f 4384 4376 4377
f 4393 4392 4400
f 4384 4377 4378
f 4394 4393 4400
f 4384 4378 4379
f 4395 4394 4400
f 4384 4379 4380
f 4396 4395 4400
f 4384 4380 4381
f 4397 4396 4400
f 4383 4384 4381
f 4397 4400 4399
f 4381 4382 4383
f 4399 4398 4397
f 4369 4385 4386
f 4369 4386 4370
f 4370 4386 4387
f 4370 4387 4371
f 4371 4387 4388
f 4371 4388 4372
f 4372 4388 4389
f 4372 4389 4373
f 4373 4389 4390
f 4373 4390 4374
f 4374 4390 4391
f 4374 4391 4375
f 4375 4391 4392
f 4375 4392 4376
f 4376 4392 4393
f 4376 4393 4377
f 4377 4393 4394
f 4377 4394 4378
f 4378 4394 4395
f 4378 4395 4379
f 4379 4395 4396
f 4379 4396 4380
f 4380 4396 4397
f 4380 4397 4381
f 4381 4397 4398
f 4381 4398 4382
f 4382 4398 4399
f 4382 4399 4383
f 4383 4399 4400
f 4383 4400 4384
f 4384 4400 4385
f 4384 4385 4369
o cara_c076
f 4416 4401 4402
f 4418 4417 4432
f 4416 4402 4403
f 4419 4418 4432
f 4416 4403 4404
f 4420 4419 4432
f 4416 4404 4405
f 4421 4420 4432
f 4416 4405 4406
f 4422 4421 4432
f 4416 4406 4407
f 4423 4422 4432
f 4416 4407 4408
f 4424 4423 4432
f 4416 4408 4409
f 4425 4424 4432
f 4416 4409 4410
f 4426 4425 4432
f 4416 4410 4411
f 4427 4426 4432
f 4416 4411 4412
f 4428 4427 4432
f 4412 4413 4414
f 4430 4429 4428
f 4412 4414 4415
f 4431 4430 4428
f 4412 4415 4416
f 4432 4431 4428
f 4401 4417 4418
f 4401 4418 4402
f 4402 4418 4419
f 4402 4419 4403
f 4403 4419 4420
f 4403 4420 4404
f 4404 4420 4421
f 4404 4421 4405
f 4405 4421 4422
f 4405 4422 4406
f 4406 4422 4423
f 4406 4423 4407
f 4407 4423 4424
f 4407 4424 4408
f 4408 4424 4425
f 4408 4425 4409
f 4409 4425 4426
f 4409 4426 4410
f 4410 4426 4427
f 4410 4427 4411
f 4411 4427 4428
f 4411 4428 4412
f 4412 4428 4429
f 4412 4429 4413
f 4413 4429 4430
f 4413 4430 4414
f 4414 4430 4431
f 4414 4431 4415
f 4415 4431 4432
f 4415 4432 4416
f 4416 4432 4417
f 4416 4417 4401
o cara_c077
f 4444 4433 4434
f 4446 4445 4456
f 4444 4434 4435
f 4447 4446 4456
f 4444 4435 4436
f 4448 4447 4456
f 4444 4436 4437
f 4449 4448 4456
f 4444 4437 4438
f 4450 4449 4456
f 4444 4438 4439
f 4451 4450 4456
f 4444 4439 4440
f 4452 4451 4456
f 4440 4441 4442
f 4454 4453 4452
f 4440 4442 4443
f 4455 4454 4452
f 4440 4443 4444
f 4456 4455 4452
f 4433 4445 4446
f 4433 4446 4434
f 4434 4446 4447
f 4434 4447 4435
f 4435 4447 4448
f 4435 4448 4436
f 4436 4448 4449
f 4436 4449 4437
f 4437 4449 4450
f 4437 4450 4438
f 4438 4450 4451
f 4438 4451 4439
f 4439 4451 4452
f 4439 4452 4440
f 4440 4452 4453
f 4440 4453 4441
f 4441 4453 4454
f 4441 4454 4442
f 4442 4454 4455
f 4442 4455 4443
f 4443 4455 4456
f 4443 4456 4444
f 4444 4456 4445
f 4444 4445 4433
o cara_c078
f 4492 4457 4458
f 4494 4493 4528
f 4492 4458 4459
f 4495 4494 4528
f 4492 4459 4460
f 4496 4495 4528
f 4492 4460 4461
f 4497 4496 4528
f 4492 4461 4462
f 4498 4497 4528
f 4492 4462 4463
f 4499 4498 4528
f 4492 4463 4464
f 4500 4499 4528
f 4492 4464 4465
f 4501 4500 4528
f 4492 4465 4466
f 4502 4501 4528
f 4492 4466 4467
f 4503 4502 4528
f 4492 4467 4468
f 4504 4503 4528
f 4492 4468 4469
f 4505 4504 4528
f 4492 4469 4470
f 4506 4505 4528
f 4472 4473 4474
f 4510 4509 4508
f 4471 4472 4474
f 4510 4508 4507
f 4470 4471 4474
f 4510 4507 4506
f 4470 4474 4475
f 4511 4510 4506
f 4470 4475 4476
f 4512 4511 4506
f 4470 4476 4477
f 4513 4512 4506
f 4470 4477 4478
f 4514 4513 4506
f 4470 4478 4479
f 4515 4514 4506
f 4470 4479 4480
f 4516 4515 4506
f 4470 4480 4481
f 4517 4516 4506
f 4492 4470 4481
f 4517 4506 4528
f 4492 4481 4482
f 4518 4517 4528
f 4492 4482 4483
f 4519 4518 4528
f 4492 4483 4484
f 4520 4519 4528
f 4492 4484 4485
f 4521 4520 4528
f 4492 4485 4486
f 4522 4521 4528
f 4492 4486 4487
f 4523 4522 4528
f 4492 4487 4488
f 4524 4523 4528
f 4488 4489 4490
f 4526 4525 4524
f 4492 4488 4490
f 4526 4524 4528
f 4490 4491 4492
f 4528 4527 4526
f 4457 4493 4494
f 4457 4494 4458
f 4458 4494 4495
f 4458 4495 4459
f 4459 4495 4496
f 4459 4496 4460
f 4460 4496 4497
f 4460 4497 4461
f 4461 4497 4498
f 4461 4498 4462
f 4462 4498 4499
f 4462 4499 4463
f 4463 4499 4500
f 4463 4500 4464
f 4464 4500 4501
f 4464 4501 4465
f 4465 4501 4502
f 4465 4502 4466
f 4466 4502 4503
f 4466 4503 4467
f 4467 4503 4504
f 4467 4504 4468
f 4468 4504 4505
f 4468 4505 4469
f 4469 4505 4506
f 4469 4506 4470
f 4470 4506 4507
f 4470 4507 4471
f 4471 4507 4508
f 4471 4508 4472
f 4472 4508 4509
f 4472 4509 4473
f 4473 4509 4510
f 4473 4510 4474
f 4474 4510 4511
f 4474 4511 4475
f 4475 4511 4512
f 4475 4512 4476
f 4476 4512 4513
f 4476 4513 4477
f 4477 4513 4514
f 4477 4514 4478
f 4478 4514 4515
f 4478 4515 4479
f 4479 4515 4516
f 4479 4516 4480
f 4480 4516 4517
f 4480 4517 4481
f 4481 4517 4518
f 4481 4518 4482
f 4482 4518 4519
f 4482 4519 4483
f 4483 4519 4520
f 4483 4520 4484
f 4484 4520 4521
f 4484 4521 4485
f 4485 4521 4522
f 4485 4522 4486
f 4486 4522 4523
f 4486 4523 4487
f 4487 4523 4524
f 4487 4524 4488
f 4488 4524 4525
f 4488 4525 4489
f 4489 4525 4526
f 4489 4526 4490
f 4490 4526 4527
f 4490 4527 4491
f 4491 4527 4528
f 4491 4528 4492
f 4492 4528 4493
f 4492 4493 4457
o cara_c079
f 4568 4529 4530
f 4570 4569 4608
f 4568 4530 4531
f 4571 4570 4608
f 4568 4531 4532
f 4572 4571 4608
f 4568 4532 4533
f 4573 4572 4608
f 4568 4533 4534
f 4574 4573 4608
f 4568 4534 4535
f 4575 4574 4608
f 4568 4535 4536
f 4576 4575 4608
f 4568 4536 4537
f 4577 4576 4608
f 4568 4537 4538
f 4578 4577 4608
f 4568 4538 4539
f 4579 4578 4608
f 4568 4539 4540
f 4580 4579 4608
f 4568 4540 4541
f 4581 4580 4608
f 4544 4545 4546
f 4586 4585 4584
f 4543 4544 4546
f 4586 4584 4583
f 4542 4543 4546
f 4586 4583 4582
f 4541 4542 4546
f 4586 4582 4581
f 4541 4546 4547
f 4587 4586 4581
f 4541 4547 4548
f 4588 4587 4581
f 4541 4548 4549
f 4589 4588 4581
f 4541 4549 4550
f 4590 4589 4581
f 4541 4550 4551
f 4591 4590 4581
f 4568 4541 4551
f 4591 4581 4608
f 4568 4551 4552
f 4592 4591 4608
f 4568 4552 4553
f 4593 4592 4608
f 4568 4553 4554
f 4594 4593 4608
f 4568 4554 4555
f 4595 4594 4608
f 4568 4555 4556
f 4596 4595 4608
f 4568 4556 4557
f 4597 4596 4608
f 4568 4557 4558
f 4598 4597 4608
f 4568 4558 4559
f 4599 4598 4608
f 4568 4559 4560
f 4600 4599 4608
f 4568 4560 4561
f 4601 4600 4608
f 4568 4561 4562
f 4602 4601 4608
f 4568 4562 4563
f 4603 4602 4608
f 4568 4563 4564
f 4604 4603 4608
f 4568 4564 4565
f 4605 4604 4608
f 4568 4565 4566
f 4606 4605 4608
f 4566 4567 4568
f 4608 4607 4606
f 4529 4569 4570
f 4529 4570 4530
f 4530 4570 4571
f 4530 4571 4531
f 4531 4571 4572
f 4531 4572 4532
f 4532 4572 4573
f 4532 4573 4533
f 4533 4573 4574
f 4533 4574 4534
f 4534 4574 4575
f 4534 4575 4535
f 4535 4575 4576
f 4535 4576 4536
f 4536 4576 4577
f 4536 4577 4537
f 4537 4577 4578
f 4537 4578 4538
f 4538 4578 4579
f 4538 4579 4539
f 4539 4579 4580
f 4539 4580 4540
f 4540 4580 4581
f 4540 4581 4541
f 4541 4581 4582
f 4541 4582 4542
f 4542 4582 4583
f 4542 4583 4543
f 4543 4583 4584
f 4543 4584 4544
f 4544 4584 4585
f 4544 4585 4545
f 4545 4585 4586
f 4545 4586 4546
f 4546 4586 4587
f 4546 4587 4547
f 4547 4587 4588
f 4547 4588 4548
f 4548 4588 4589
f 4548 4589 4549
f 4549 4589 4590
f 4549 4590 4550
f 4550 4590 4591
f 4550 4591 4551
f 4551 4591 4592
f 4551 4592 4552
f 4552 4592 4593
f 4552 4593 4553
f 4553 4593 4594
f 4553 4594 4554
f 4554 4594 4595
f 4554 4595 4555
f 4555 4595 4596
f 4555 4596 4556
f 4556 4596 4597
f 4556 4597 4557
f 4557 4597 4598
f 4557 4598 4558
f 4558 4598 4599
f 4558 4599 4559
f 4559 4599 4600
f 4559 4600 4560
f 4560 4600 4601
f 4560 4601 4561
f 4561 4601 4602
f 4561 4602 4562
f 4562 4602 4603
f 4562 4603 4563
f 4563 4603 4604
f 4563 4604 4564
f 4564 4604 4605
f 4564 4605 4565
f 4565 4605 4606
f 4565 4606 4566
f 4566 4606 4607
f 4566 4607 4567
f 4567 4607 4608
f 4567 4608 4568
f 4568 4608 4569
f 4568 4569 4529
o cara_c080
f 4652 4609 4610
f 4654 4653 4696
f 4652 4610 4611
f 4655 4654 4696
f 4652 4611 4612
f 4656 4655 4696
f 4652 4612 4613
f 4657 4656 4696
f 4652 4613 4614
f 4658 4657 4696
f 4652 4614 4615
f 4659 4658 4696
f 4652 4615 4616
f 4660 4659 4696
f 4652 4616 4617
f 4661 4660 4696
f 4652 4617 4618
f 4662 4661 4696
f 4652 4618 4619
f 4663 4662 4696
f 4652 4619 4620
f 4664 4663 4696
f 4652 4620 4621
f 4665 4664 4696
f 4652 4621 4622
f 4666 4665 4696
f 4652 4622 4623
f 4667 4666 4696
f 4652 4623 4624
f 4668 4667 4696
f 4652 4624 4625
f 4669 4668 4696
f 4652 4625 4626
f 4670 4669 4696
f 4652 4626 4627
f 4671 4670 4696
f 4652 4627 4628
f 4672 4671 4696
f 4652 4628 4629
f 4673 4672 4696
f 4652 4629 4630
f 4674 4673 4696
f 4652 4630 4631
f 4675 4674 4696
f 4652 4631 4632
f 4676 4675 4696
f 4652 4632 4633
f 4677 4676 4696
f 4652 4633 4634
f 4678 4677 4696
f 4652 4634 4635
f 4679 4678 4696
f 4652 4635 4636
f 4680 4679 4696
f 4652 4636 4637
f 4681 4680 4696
f 4652 4637 4638
f 4682 4681 4696
f 4652 4638 4639
f 4683 4682 4696
f 4652 4639 4640
f 4684 4683 4696
f 4652 4640 4641
f 4685 4684 4696
f 4652 4641 4642
f 4686 4685 4696
f 4652 4642 4643
f 4687 4686 4696
f 4652 4643 4644
f 4688 4687 4696
f 4652 4644 4645
f 4689 4688 4696
f 4652 4645 4646
f 4690 4689 4696
f 4652 4646 4647
f 4691 4690 4696
f 4652 4647 4648
f 4692 4691 4696
f 4648 4649 4650
f 4694 4693 4692
f 4652 4648 4650
f 4694 4692 4696
f 4650 4651 4652
f 4696 4695 4694
f 4609 4653 4654
f 4609 4654 4610
f 4610 4654 4655
f 4610 4655 4611
f 4611 4655 4656
f 4611 4656 4612
f 4612 4656 4657
f 4612 4657 4613
f 4613 4657 4658
f 4613 4658 4614
f 4614 4658 4659
f 4614 4659 4615
f 4615 4659 4660
f 4615 4660 4616
f 4616 4660 4661
f 4616 4661 4617
f 4617 4661 4662
f 4617 4662 4618
f 4618 4662 4663
f 4618 4663 4619
f 4619 4663 4664
f 4619 4664 4620
f 4620 4664 4665
f 4620 4665 4621
f 4621 4665 4666
f 4621 4666 4622
f 4622 4666 4667
f 4622 4667 4623
f 4623 4667 4668
f 4623 4668 4624
f 4624 4668 4669
f 4624 4669 4625
f 4625 4669 4670
f 4625 4670 4626
f 4626 4670 4671
f 4626 4671 4627
f 4627 4671 4672
f 4627 4672 4628
f 4628 4672 4673
f 4628 4673 4629
f 4629 4673 4674
f 4629 4674 4630
f 4630 4674 4675
f 4630 4675 4631
f 4631 4675 4676
f 4631 4676 4632
f 4632 4676 4677
f 4632 4677 4633
f 4633 4677 4678
f 4633 4678 4634
f 4634 4678 4679
f 4634 4679 4635
f 4635 4679 4680
f 4635 4680 4636
f 4636 4680 4681
f 4636 4681 4637
f 4637 4681 4682
f 4637 4682 4638
f 4638 4682 4683
f 4638 4683 4639
f 4639 4683 4684
f 4639 4684 4640
f 4640 4684 4685
f 4640 4685 4641
f 4641 4685 4686
f 4641 4686 4642
f 4642 4686 4687
f 4642 4687 4643
f 4643 4687 4688
f 4643 4688 4644
f 4644 4688 4689
f 4644 4689 4645
f 4645 4689 4690
f 4645 4690 4646
f 4646 4690 4691
f 4646 4691 4647
f 4647 4691 4692
f 4647 4692 4648
f 4648 4692 4693
f 4648 4693 4649
f 4649 4693 4694
f 4649 4694 4650
f 4650 4694 4695
f 4650 4695 4651
f 4651 4695 4696
f 4651 4696 4652
f 4652 4696 4653
f 4652 4653 4609
o cara_c081
f 4712 4697 4698
f 4714 4713 4728
f 4712 4698 4699
f 4715 4714 4728
f 4712 4699 4700
f 4716 4715 4728
f 4712 4700 4701
f 4717 4716 4728
f 4712 4701 4702
f 4718 4717 4728
f 4712 4702 4703
f 4719 4718 4728
f 4712 4703 4704
f 4720 4719 4728
f 4712 4704 4705
f 4721 4720 4728
f 4712 4705 4706
f 4722 4721 4728
f 4712 4706 4707
f 4723 4722 4728
f 4712 4707 4708
f 4724 4723 4728
f 4708 4709 4710
f 4726 4725 4724
f 4708 4710 4711
f 4727 4726 4724
f 4708 4711 4712
f 4728 4727 4724
f 4697 4713 4714
f 4697 4714 4698
f 4698 4714 4715
f 4698 4715 4699
f 4699 4715 4716
f 4699 4716 4700
f 4700 4716 4717
f 4700 4717 4701
f 4701 4717 4718
f 4701 4718 4702
f 4702 4718 4719
f 4702 4719 4703
f 4703 4719 4720
f 4703 4720 4704
f 4704 4720 4721
f 4704 4721 4705
f 4705 4721 4722
f 4705 4722 4706
f 4706 4722 4723
f 4706 4723 4707
f 4707 4723 4724
f 4707 4724 4708
f 4708 4724 4725
f 4708 4725 4709
f 4709 4725 4726
f 4709 4726 4710
f 4710 4726 4727
f 4710 4727 4711
f 4711 4727 4728
f 4711 4728 4712
f 4712 4728 4713
f 4712 4713 4697
o cara_c082
f 4744 4729 4730
f 4746 4745 4760
f 4744 4730 4731
f 4747 4746 4760
f 4744 4731 4732
f 4748 4747 4760
f 4744 4732 4733
f 4749 4748 4760
f 4744 4733 4734
f 4750 4749 4760
f 4744 4734 4735
f 4751 4750 4760
f 4744 4735 4736
f 4752 4751 4760
f 4744 4736 4737
f 4753 4752 4760
f 4744 4737 4738
f 4754 4753 4760
f 4744 4738 4739
f 4755 4754 4760
f 4744 4739 4740
f 4756 4755 4760
f 4744 4740 4741
f 4757 4756 4760
f 4741 4742 4743
f 4759 4758 4757
f 4741 4743 4744
f 4760 4759 4757
f 4729 4745 4746
f 4729 4746 4730
f 4730 4746 4747
f 4730 4747 4731
f 4731 4747 4748
f 4731 4748 4732
f 4732 4748 4749
f 4732 4749 4733
f 4733 4749 4750
f 4733 4750 4734
f 4734 4750 4751
f 4734 4751 4735
f 4735 4751 4752
f 4735 4752 4736
f 4736 4752 4753
f 4736 4753 4737
f 4737 4753 4754
f 4737 4754 4738
f 4738 4754 4755
f 4738 4755 4739
f 4739 4755 4756
f 4739 4756 4740
f 4740 4756 4757
f 4740 4757 4741
f 4741 4757 4758
f 4741 4758 4742
f 4742 4758 4759
f 4742 4759 4743
f 4743 4759 4760
f 4743 4760 4744
f 4744 4760 4745
f 4744 4745 4729
o cara_c083
f 4780 4761 4762
f 4782 4781 4800
f 4780 4762 4763
f 4783 4782 4800
f 4780 4763 4764
f 4784 4783 4800
f 4780 4764 4765
f 4785 4784 4800
f 4780 4765 4766
f 4786 4785 4800
f 4780 4766 4767
f 4787 4786 4800
f 4780 4767 4768
f 4788 4787 4800
f 4780 4768 4769
f 4789 4788 4800
f 4780 4769 4770
f 4790 4789 4800
f 4780 4770 4771
f 4791 4790 4800
f 4780 4771 4772
f 4792 4791 4800
f 4780 4772 4773
f 4793 4792 4800
f 4780 4773 4774
f 4794 4793 4800
f 4780 4774 4775
f 4795 4794 4800
f 4780 4775 4776
f 4796 4795 4800
f 4780 4776 4777
f 4797 4796 4800
f 4777 4778 4779
f 4799 4798 4797
f 4777 4779 4780
f 4800 4799 4797
f 4761 4781 4782
f 4761 4782 4762
f 4762 4782 4783
f 4762 4783 4763
f 4763 4783 4784
f 4763 4784 4764
f 4764 4784 4785
f 4764 4785 4765
f 4765 4785 4786
f 4765 4786 4766
f 4766 4786 4787
f 4766 4787 4767
f 4767 4787 4788
f 4767 4788 4768
f 4768 4788 4789
f 4768 4789 4769
f 4769 4789 4790
f 4769 4790 4770
f 4770 4790 4791
f 4770 4791 4771
f 4771 4791 4792
f 4771 4792 4772
f 4772 4792 4793
f 4772 4793 4773
f 4773 4793 4794
f 4773 4794 4774
f 4774 4794 4795
f 4774 4795 4775
f 4775 4795 4796
f 4775 4796 4776
f 4776 4796 4797
f 4776 4797 4777
f 4777 4797 4798
f 4777 4798 4778
f 4778 4798 4799
f 4778 4799 4779
f 4779 4799 4800
f 4779 4800 4780
f 4780 4800 4781
f 4780 4781 4761
o cara_c084
f 4820 4801 4802
f 4822 4821 4840
f 4820 4802 4803
f 4823 4822 4840
f 4820 4803 4804
f 4824 4823 4840
f 4820 4804 4805
f 4825 4824 4840
f 4820 4805 4806
f 4826 4825 4840
f 4820 4806 4807
f 4827 4826 4840
f 4820 4807 4808
f 4828 4827 4840
f 4820 4808 4809
f 4829 4828 4840
f 4820 4809 4810
f 4830 4829 4840
f 4820 4810 4811
f 4831 4830 4840
f 4820 4811 4812
f 4832 4831 4840
f 4812 4813 4814
f 4834 4833 4832
f 4812 4814 4815
f 4835 4834 4832
f 4812 4815 4816
f 4836 4835 4832
f 4812 4816 4817
f 4837 4836 4832
f 4812 4817 4818
f 4838 4837 4832
f 4812 4818 4819
f 4839 4838 4832
f 4812 4819 4820
f 4840 4839 4832
f 4801 4821 4822
f 4801 4822 4802
f 4802 4822 4823
f 4802 4823 4803
f 4803 4823 4824
f 4803 4824 4804
f 4804 4824 4825
f 4804 4825 4805
f 4805 4825 4826
f 4805 4826 4806
f 4806 4826 4827
f 4806 4827 4807
f 4807 4827 4828
f 4807 4828 4808
f 4808 4828 4829
f 4808 4829 4809
f 4809 4829 4830
f 4809 4830 4810
f 4810 4830 4831
f 4810 4831 4811
f 4811 4831 4832
f 4811 4832 4812
f 4812 4832 4833
f 4812 4833 4813
f 4813 4833 4834
f 4813 4834 4814
f 4814 4834 4835
f 4814 4835 4815
f 4815 4835 4836
f 4815 4836 4816
f 4816 4836 4837
f 4816 4837 4817
f 4817 4837 4838
f 4817 4838 4818
f 4818 4838 4839
f 4818 4839 4819
f 4819 4839 4840
f 4819 4840 4820
f 4820 4840 4821
f 4820 4821 4801
o cara_c085
f 4864 4841 4842
f 4866 4865 4888
f 4864 4842 4843
f 4867 4866 4888
f 4864 4843 4844
f 4868 4867 4888
f 4864 4844 4845
f 4869 4868 4888
f 4864 4845 4846
f 4870 4869 4888
f 4864 4846 4847
f 4871 4870 4888
f 4864 4847 4848
f 4872 4871 4888
f 4864 4848 4849
f 4873 4872 4888
f 4864 4849 4850
f 4874 4873 4888
f 4864 4850 4851
f 4875 4874 4888
f 4864 4851 4852
f 4876 4875 4888
f 4864 4852 4853
f 4877 4876 4888
f 4864 4853 4854
f 4878 4877 4888
f 4864 4854 4855
f 4879 4878 4888
f 4864 4855 4856
f 4880 4879 4888
f 4864 4856 4857
f 4881 4880 4888
f 4864 4857 4858
f 4882 4881 4888
f 4864 4858 4859
f 4883 4882 4888
f 4864 4859 4860
f 4884 4883 4888
f 4860 4861 4862
f 4886 4885 4884
f 4860 4862 4863
f 4887 4886 4884
f 4860 4863 4864
f 4888 4887 4884
f 4841 4865 4866
f 4841 4866 4842
f 4842 4866 4867
f 4842 4867 4843
f 4843 4867 4868
f 4843 4868 4844
f 4844 4868 4869
f 4844 4869 4845
f 4845 4869 4870
f 4845 4870 4846
f 4846 4870 4871
f 4846 4871 4847
f 4847 4871 4872
f 4847 4872 4848
f 4848 4872 4873
f 4848 4873 4849
f 4849 4873 4874
f 4849 4874 4850
f 4850 4874 4875
f 4850 4875 4851
f 4851 4875 4876
f 4851 4876 4852
f 4852 4876 4877
f 4852 4877 4853
f 4853 4877 4878
f 4853 4878 4854
f 4854 4878 4879
f 4854 4879 4855
f 4855 4879 4880
f 4855 4880 4856
f 4856 4880 4881
f 4856 4881 4857
f 4857 4881 4882
f 4857 4882 4858
f 4858 4882 4883
f 4858 4883 4859
f 4859 4883 4884
f 4859 4884 4860
f 4860 4884 4885
f 4860 4885 4861
f 4861 4885 4886
f 4861 4886 4862
f 4862 4886 4887
f 4862 4887 4863
f 4863 4887 4888
f 4863 4888 4864
f 4864 4888 4865
f 4864 4865 4841
o cara_c086
f 4952 4889 4890
f 4954 4953 5016
f 4952 4890 4891
f 4955 4954 5016
f 4952 4891 4892
f 4956 4955 5016
f 4952 4892 4893
f 4957 4956 5016
f 4893 4894 4895
f 4959 4958 4957
f 4893 4895 4896
f 4960 4959 4957
f 4896 4897 4898
f 4962 4961 4960
f 4893 4896 4898
f 4962 4960 4957
f 4893 4898 4899
f 4963 4962 4957
f 4893 4899 4900
f 4964 4963 4957
f 4952 4893 4900
f 4964 4957 5016
f 4952 4900 4901
f 4965 4964 5016
f 4952 4901 4902
f 4966 4965 5016
f 4952 4902 4903
f 4967 4966 5016
f 4952 4903 4904
f 4968 4967 5016
f 4952 4904 4905
f 4969 4968 5016
f 4952 4905 4906
f 4970 4969 5016
f 4952 4906 4907
f 4971 4970 5016
f 4952 4907 4908
f 4972 4971 5016
f 4952 4908 4909
f 4973 4972 5016
f 4909 4910 4911
f 4975 4974 4973
f 4912 4913 4914
f 4978 4977 4976
f 4911 4912 4914
f 4978 4976 4975
f 4909 4911 4914
f 4978 4975 4973
f 4909 4914 4915
f 4979 4978 4973
f 4909 4915 4916
f 4980 4979 4973
f 4909 4916 4917
f 4981 4980 4973
f 4909 4917 4918
f 4982 4981 4973
f 4909 4918 4919
f 4983 4982 4973
f 4952 4909 4919
f 4983 4973 5016
f 4952 4919 4920
f 4984 4983 5016
f 4952 4920 4921
f 4985 4984 5016
f 4952 4921 4922
f 4986 4985 5016
f 4952 4922 4923
f 4987 4986 5016
f 4924 4925 4926
f 4990 4989 4988
f 4923 4924 4926
f 4990 4988 4987
f 4923 4926 4927
f 4991 4990 4987
f 4923 4927 4928
f 4992 4991 4987
f 4923 4928 4929
f 4993 4992 4987
f 4923 4929 4930
f 4994 4993 4987
f 4923 4930 4931
f 4995 4994 4987
f 4923 4931 4932
f 4996 4995 4987
f 4923 4932 4933
f 4997 4996 4987
f 4952 4923 4933
f 4997 4987 5016
f 4952 4933 4934
f 4998 4997 5016
f 4952 4934 4935
f 4999 4998 5016
f 4952 4935 4936
f 5000 4999 5016
f 4936 4937 4938
f 5002 5001 5000
f 4936 4938 4939
f 5003 5002 5000
f 4936 4939 4940
f 5004 5003 5000
f 4936 4940 4941
f 5005 5004 5000
f 4944 4945 4946
f 5010 5009 5008
f 4943 4944 4946
f 5010 5008 5007
f 4942 4943 4946
f 5010 5007 5006
f 4941 4942 4946
f 5010 5006 5005
f 4941 4946 4947
f 5011 5010 5005
f 4941 4947 4948
f 5012 5011 5005
f 4936 4941 4948
f 5012 5005 5000
f 4936 4948 4949
f 5013 5012 5000
f 4952 4936 4949
f 5013 5000 5016
f 4949 4950 4951
f 5015 5014 5013
f 4949 4951 4952
f 5016 5015 5013
f 4889 4953 4954
f 4889 4954 4890
f 4890 4954 4955
f 4890 4955 4891
f 4891 4955 4956
f 4891 4956 4892
f 4892 4956 4957
f 4892 4957 4893
f 4893 4957 4958
f 4893 4958 4894
f 4894 4958 4959
f 4894 4959 4895
f 4895 4959 4960
f 4895 4960 4896
f 4896 4960 4961
f 4896 4961 4897
f 4897 4961 4962
f 4897 4962 4898
f 4898 4962 4963
f 4898 4963 4899
f 4899 4963 4964
f 4899 4964 4900
f 4900 4964 4965
f 4900 4965 4901
f 4901 4965 4966
f 4901 4966 4902
f 4902 4966 4967
f 4902 4967 4903
f 4903 4967 4968
f 4903 4968 4904
f 4904 4968 4969
f 4904 4969 4905
f 4905 4969 4970
f 4905 4970 4906
f 4906 4970 4971
f 4906 4971 4907
f 4907 4971 4972
f 4907 4972 4908
f 4908 4972 4973
f 4908 4973 4909
f 4909 4973 4974
f 4909 4974 4910
f 4910 4974 4975
f 4910 4975 4911
f 4911 4975 4976
f 4911 4976 4912
f 4912 4976 4977
f 4912 4977 4913
f 4913 4977 4978
f 4913 4978 4914
f 4914 4978 4979
f 4914 4979 4915
f 4915 4979 4980
f 4915 4980 4916
f 4916 4980 4981
f 4916 4981 4917
f 4917 4981 4982
f 4917 4982 4918
f 4918 4982 4983
f 4918 4983 4919
f 4919 4983 4984
f 4919 4984 4920
f 4920 4984 4985
f 4920 4985 4921
f 4921 4985 4986
f 4921 4986 4922
f 4922 4986 4987
f 4922 4987 4923
f 4923 4987 4988
f 4923 4988 4924
f 4924 4988 4989
f 4924 4989 4925
f 4925 4989 4990
f 4925 4990 4926
f 4926 4990 4991
f 4926 4991 4927
f 4927 4991 4992
f 4927 4992 4928
f 4928 4992 4993
f 4928 4993 4929
f 4929 4993 4994
f 4929 4994 4930
f 4930 4994 4995
f 4930 4995 4931
f 4931 4995 4996
f 4931 4996 4932
f 4932 4996 4997
f 4932 4997 4933
f 4933 4997 4998
f 4933 4998 4934
f 4934 4998 4999
f 4934 4999 4935
f 4935 4999 5000
f 4935 5000 4936
f 4936 5000 5001
f 4936 5001 4937
f 4937 5001 5002
f 4937 5002 4938
f 4938 5002 5003
f 4938 5003 4939
f 4939 5003 5004
f 4939 5004 4940
f 4940 5004 5005
f 4940 5005 4941
f 4941 5005 5006
f 4941 5006 4942
f 4942 5006 5007
f 4942 5007 4943
f 4943 5007 5008
f 4943 5008 4944
f 4944 5008 5009
f 4944 5009 4945
f 4945 5009 5010
f 4945 5010 4946
f 4946 5010 5011
f 4946 5011 4947
f 4947 5011 5012
f 4947 5012 4948
f 4948 5012 5013
f 4948 5013 4949
f 4949 5013 5014
f 4949 5014 4950
f 4950 5014 5015
f 4950 5015 4951
f 4951 5015 5016
f 4951 5016 4952
f 4952 5016 4953
f 4952 4953 4889
o cara_c087
f 5040 5017 5018
f 5042 5041 5064
f 5040 5018 5019
f 5043 5042 5064
f 5040 5019 5020
f 5044 5043 5064
f 5040 5020 5021
f 5045 5044 5064
f 5040 5021 5022
f 5046 5045 5064
f 5040 5022 5023
f 5047 5046 5064
f 5040 5023 5024
f 5048 5047 5064
f 5040 5024 5025
f 5049 5048 5064
f 5040 5025 5026
f 5050 5049 5064
f 5040 5026 5027
f 5051 5050 5064
f 5040 5027 5028
f 5052 5051 5064
f 5040 5028 5029
f 5053 5052 5064
f 5040 5029 5030
f 5054 5053 5064
f 5040 5030 5031
f 5055 5054 5064
f 5040 5031 5032
f 5056 5055 5064
f 5040 5032 5033
f 5057 5056 5064
f 5040 5033 5034
f 5058 5057 5064
f 5040 5034 5035
f 5059 5058 5064
f 5040 5035 5036
f 5060 5059 5064
f 5040 5036 5037
f 5061 5060 5064
f 5038 5039 5040
f 5064 5063 5062
f 5037 5038 5040
f 5064 5062 5061
f 5017 5041 5042
f 5017 5042 5018
f 5018 5042 5043
f 5018 5043 5019
f 5019 5043 5044
f 5019 5044 5020
f 5020 5044 5045
f 5020 5045 5021
f 5021 5045 5046
f 5021 5046 5022
f 5022 5046 5047
f 5022 5047 5023
f 5023 5047 5048
f 5023 5048 5024
f 5024 5048 5049
f 5024 5049 5025
f 5025 5049 5050
f 5025 5050 5026
f 5026 5050 5051
f 5026 5051 5027
f 5027 5051 5052
f 5027 5052 5028
f 5028 5052 5053
f 5028 5053 5029
f 5029 5053 5054
f 5029 5054 5030
f 5030 5054 5055
f 5030 5055 5031
f 5031 5055 5056
f 5031 5056 5032
f 5032 5056 5057
f 5032 5057 5033
f 5033 5057 5058
f 5033 5058 5034
f 5034 5058 5059
f 5034 5059 5035
f 5035 5059 5060
f 5035 5060 5036
f 5036 5060 5061
f 5036 5061 5037
f 5037 5061 5062
f 5037 5062 5038
f 5038 5062 5063
f 5038 5063 5039
f 5039 5063 5064
f 5039 5064 5040
f 5040 5064 5041
f 5040 5041 5017
o cara_c088
f 5096 5065 5066
f 5098 5097 5128
f 5096 5066 5067
f 5099 5098 5128
f 5096 5067 5068
f 5100 5099 5128
f 5096 5068 5069
f 5101 5100 5128
f 5096 5069 5070
f 5102 5101 5128
f 5096 5070 5071
f 5103 5102 5128
f 5096 5071 5072
f 5104 5103 5128
f 5096 5072 5073
f 5105 5104 5128
f 5096 5073 5074
f 5106 5105 5128
f 5096 5074 5075
f 5107 5106 5128
f 5096 5075 5076
f 5108 5107 5128
f 5096 5076 5077
f 5109 5108 5128
f 5096 5077 5078
f 5110 5109 5128
f 5096 5078 5079
f 5111 5110 5128
f 5096 5079 5080
f 5112 5111 5128
f 5096 5080 5081
f 5113 5112 5128
f 5096 5081 5082
f 5114 5113 5128
f 5096 5082 5083
f 5115 5114 5128
f 5084 5085 5086
f 5118 5117 5116
f 5083 5084 5086
f 5118 5116 5115
f 5083 5086 5087
f 5119 5118 5115
f 5083 5087 5088
f 5120 5119 5115
f 5083 5088 5089
f 5121 5120 5115
f 5083 5089 5090
f 5122 5121 5115
f 5083 5090 5091
f 5123 5122 5115
f 5083 5091 5092
f 5124 5123 5115
f 5083 5092 5093
f 5125 5124 5115
f 5083 5093 5094
f 5126 5125 5115
f 5096 5083 5094
f 5126 5115 5128
f 5094 5095 5096
f 5128 5127 5126
f 5065 5097 5098
f 5065 5098 5066
f 5066 5098 5099
f 5066 5099 5067
f 5067 5099 5100
f 5067 5100 5068
f 5068 5100 5101
f 5068 5101 5069
f 5069 5101 5102
f 5069 5102 5070
f 5070 5102 5103
f 5070 5103 5071
f 5071 5103 5104
f 5071 5104 5072
f 5072 5104 5105
f 5072 5105 5073
f 5073 5105 5106
f 5073 5106 5074
f 5074 5106 5107
f 5074 5107 5075
f 5075 5107 5108
f 5075 5108 5076
f 5076 5108 5109
f 5076 5109 5077
f 5077 5109 5110
f 5077 5110 5078
f 5078 5110 5111
f 5078 5111 5079
f 5079 5111 5112
f 5079 5112 5080
f 5080 5112 5113
f 5080 5113 5081
f 5081 5113 5114
f 5081 5114 5082
f 5082 5114 5115
f 5082 5115 5083
f 5083 5115 5116
f 5083 5116 5084
f 5084 5116 5117
f 5084 5117 5085
f 5085 5117 5118
f 5085 5118 5086
f 5086 5118 5119
f 5086 5119 5087
f 5087 5119 5120
f 5087 5120 5088
f 5088 5120 5121
f 5088 5121 5089
f 5089 5121 5122
f 5089 5122 5090
f 5090 5122 5123
f 5090 5123 5091
f 5091 5123 5124
f 5091 5124 5092
f 5092 5124 5125
f 5092 5125 5093
f 5093 5125 5126
f 5093 5126 5094
f 5094 5126 5127
f 5094 5127 5095
f 5095 5127 5128
f 5095 5128 5096
f 5096 5128 5097
f 5096 5097 5065
o cara_c089
f 5160 5129 5130
f 5162 5161 5192
f 5160 5130 5131
f 5163 5162 5192
f 5160 5131 5132
f 5164 5163 5192
f 5160 5132 5133
f 5165 5164 5192
f 5160 5133 5134
f 5166 5165 5192
f 5160 5134 5135
f 5167 5166 5192
f 5160 5135 5136
f 5168 5167 5192
f 5160 5136 5137
f 5169 5168 5192
f 5160 5137 5138
f 5170 5169 5192
f 5160 5138 5139
f 5171 5170 5192
f 5160 5139 5140
f 5172 5171 5192
f 5160 5140 5141
f 5173 5172 5192
f 5160 5141 5142
f 5174 5173 5192
f 5160 5142 5143
f 5175 5174 5192
f 5160 5143 5144
f 5176 5175 5192
f 5160 5144 5145
f 5177 5176 5192
f 5160 5145 5146
f 5178 5177 5192
f 5160 5146 5147
f 5179 5178 5192
f 5160 5147 5148
f 5180 5179 5192
f 5160 5148 5149
f 5181 5180 5192
f 5160 5149 5150
f 5182 5181 5192
f 5160 5150 5151
f 5183 5182 5192
f 5160 5151 5152
f 5184 5183 5192
f 5160 5152 5153
f 5185 5184 5192
f 5160 5153 5154
f 5186 5185 5192
f 5160 5154 5155
f 5187 5186 5192
f 5160 5155 5156
f 5188 5187 5192
f 5156 5157 5158
f 5190 5189 5188
f 5160 5156 5158
f 5190 5188 5192
f 5158 5159 5160
f 5192 5191 5190
f 5129 5161 5162
f 5129 5162 5130
f 5130 5162 5163
f 5130 5163 5131
f 5131 5163 5164
f 5131 5164 5132
f 5132 5164 5165
f 5132 5165 5133
f 5133 5165 5166
f 5133 5166 5134
f 5134 5166 5167
f 5134 5167 5135
f 5135 5167 5168
f 5135 5168 5136
f 5136 5168 5169
f 5136 5169 5137
f 5137 5169 5170
f 5137 5170 5138
f 5138 5170 5171
f 5138 5171 5139
f 5139 5171 5172
f 5139 5172 5140
f 5140 5172 5173
f 5140 5173 5141
f 5141 5173 5174
f 5141 5174 5142
f 5142 5174 5175
f 5142 5175 5143
f 5143 5175 5176
f 5143 5176 5144
f 5144 5176 5177
f 5144 5177 5145
f 5145 5177 5178
f 5145 5178 5146
f 5146 5178 5179
f 5146 5179 5147
f 5147 5179 5180
f 5147 5180 5148
f 5148 5180 5181
f 5148 5181 5149
f 5149 5181 5182
f 5149 5182 5150
f 5150 5182 5183
f 5150 5183 5151
f 5151 5183 5184
f 5151 5184 5152
f 5152 5184 5185
f 5152 5185 5153
f 5153 5185 5186
f 5153 5186 5154
f 5154 5186 5187
f 5154 5187 5155
f 5155 5187 5188
f 5155 5188 5156
f 5156 5188 5189
f 5156 5189 5157
f 5157 5189 5190
f 5157 5190 5158
f 5158 5190 5191
f 5158 5191 5159
f 5159 5191 5192
f 5159 5192 5160
f 5160 5192 5161
f 5160 5161 5129
o cara_c090
f 5216 5193 5194
f 5218 5217 5240
f 5216 5194 5195
f 5219 5218 5240
f 5216 5195 5196
f 5220 5219 5240
f 5216 5196 5197
f 5221 5220 5240
f 5216 5197 5198
f 5222 5221 5240
f 5216 5198 5199
f 5223 5222 5240
f 5216 5199 5200
f 5224 5223 5240
f 5216 5200 5201
f 5225 5224 5240
f 5216 5201 5202
f 5226 5225 5240
f 5216 5202 5203
f 5227 5226 5240
f 5216 5203 5204
f 5228 5227 5240
f 5216 5204 5205
f 5229 5228 5240
f 5216 5205 5206
f 5230 5229 5240
f 5216 5206 5207
f 5231 5230 5240
f 5216 5207 5208
f 5232 5231 5240
f 5216 5208 5209
f 5233 5232 5240
f 5216 5209 5210
f 5234 5233 5240
f 5216 5210 5211
f 5235 5234 5240
f 5216 5211 5212
f 5236 5235 5240
f 5212 5213 5214
f 5238 5237 5236
f 5216 5212 5214
f 5238 5236 5240
f 5214 5215 5216
f 5240 5239 5238
f 5193 5217 5218
f 5193 5218 5194
f 5194 5218 5219
f 5194 5219 5195
f 5195 5219 5220
f 5195 5220 5196
f 5196 5220 5221
f 5196 5221 5197
f 5197 5221 5222
f 5197 5222 5198
f 5198 5222 5223
f 5198 5223 5199
f 5199 5223 5224
f 5199 5224 5200
f 5200 5224 5225
f 5200 5225 5201
f 5201 5225 5226
f 5201 5226 5202
f 5202 5226 5227
f 5202 5227 5203
f 5203 5227 5228
f 5203 5228 5204
f 5204 5228 5229
f 5204 5229 5205
f 5205 5229 5230
f 5205 5230 5206
f 5206 5230 5231
f 5206 5231 5207
f 5207 5231 5232
f 5207 5232 5208
f 5208 5232 5233
f 5208 5233 5209
f 5209 5233 5234
f 5209 5234 5210
f 5210 5234 5235
f 5210 5235 5211
f 5211 5235 5236
f 5211 5236 5212
f 5212 5236 5237
f 5212 5237 5213
f 5213 5237 5238
f 5213 5238 5214
f 5214 5238 5239
f 5214 5239 5215
f 5215 5239 5240
f 5215 5240 5216
f 5216 5240 5217
f 5216 5217 5193
o cara_c091
f 5304 5241 5242
f 5306 5305 5368
f 5304 5242 5243
f 5307 5306 5368
f 5304 5243 5244
f 5308 5307 5368
f 5304 5244 5245
f 5309 5308 5368
f 5248 5249 5250
f 5314 5313 5312
f 5247 5248 5250
f 5314 5312 5311
f 5246 5247 5250
f 5314 5311 5310
f 5245 5246 5250
f 5314 5310 5309
f 5245 5250 5251
f 5315 5314 5309
f 5245 5251 5252
f 5316 5315 5309
f 5304 5245 5252
f 5316 5309 5368
f 5304 5252 5253
f 5317 5316 5368
f 5304 5253 5254
f 5318 5317 5368
f 5304 5254 5255
f 5319 5318 5368
f 5304 5255 5256
f 5320 5319 5368
f 5304 5256 5257
f 5321 5320 5368
f 5304 5257 5258
f 5322 5321 5368
f 5304 5258 5259
f 5323 5322 5368
f 5304 5259 5260
f 5324 5323 5368
f 5304 5260 5261
f 5325 5324 5368
f 5264 5265 5266
f 5330 5329 5328
f 5263 5264 5266
f 5330 5328 5327
f 5262 5263 5266
f 5330 5327 5326
f 5261 5262 5266
f 5330 5326 5325
f 5261 5266 5267
f 5331 5330 5325
f 5261 5267 5268
f 5332 5331 5325
f 5261 5268 5269
f 5333 5332 5325
f 5261 5269 5270
f 5334 5333 5325
f 5261 5270 5271
f 5335 5334 5325
f 5304 5261 5271
f 5335 5325 5368
f 5304 5271 5272
f 5336 5335 5368
f 5304 5272 5273
f 5337 5336 5368
f 5304 5273 5274
f 5338 5337 5368
f 5304 5274 5275
f 5339 5338 5368
f 5276 5277 5278
f 5342 5341 5340
f 5275 5276 5278
f 5342 5340 5339
f 5275 5278 5279
f 5343 5342 5339
f 5275 5279 5280
f 5344 5343 5339
f 5275 5280 5281
f 5345 5344 5339
f 5275 5281 5282
f 5346 5345 5339
f 5275 5282 5283
f 5347 5346 5339
f 5275 5283 5284
f 5348 5347 5339
f 5275 5284 5285
f 5349 5348 5339
f 5304 5275 5285
f 5349 5339 5368
f 5304 5285 5286
f 5350 5349 5368
f 5304 5286 5287
f 5351 5350 5368
f 5288 5289 5290
f 5354 5353 5352
f 5287 5288 5290
f 5354 5352 5351
f 5287 5290 5291
f 5355 5354 5351
f 5287 5291 5292
f 5356 5355 5351
f 5287 5292 5293
f 5357 5356 5351
f 5296 5297 5298
f 5362 5361 5360
f 5295 5296 5298
f 5362 5360 5359
f 5294 5295 5298
f 5362 5359 5358
f 5293 5294 5298
f 5362 5358 5357
f 5293 5298 5299
f 5363 5362 5357
f 5293 5299 5300
f 5364 5363 5357
f 5287 5293 5300
f 5364 5357 5351
f 5287 5300 5301
f 5365 5364 5351
f 5304 5287 5301
f 5365 5351 5368
f 5301 5302 5303
f 5367 5366 5365
f 5301 5303 5304
f 5368 5367 5365
f 5241 5305 5306
f 5241 5306 5242
f 5242 5306 5307
f 5242 5307 5243
f 5243 5307 5308
f 5243 5308 5244
f 5244 5308 5309
f 5244 5309 5245
f 5245 5309 5310
f 5245 5310 5246
f 5246 5310 5311
f 5246 5311 5247
f 5247 5311 5312
f 5247 5312 5248
f 5248 5312 5313
f 5248 5313 5249
f 5249 5313 5314
f 5249 5314 5250
f 5250 5314 5315
f 5250 5315 5251
f 5251 5315 5316
f 5251 5316 5252
f 5252 5316 5317
f 5252 5317 5253
f 5253 5317 5318
f 5253 5318 5254
f 5254 5318 5319
f 5254 5319 5255
f 5255 5319 5320
f 5255 5320 5256
f 5256 5320 5321
f 5256 5321 5257
f 5257 5321 5322
f 5257 5322 5258
f 5258 5322 5323
f 5258 5323 5259
f 5259 5323 5324
f 5259 5324 5260
f 5260 5324 5325
f 5260 5325 5261
f 5261 5325 5326
f 5261 5326 5262
f 5262 5326 5327
f 5262 5327 5263
f 5263 5327 5328
f 5263 5328 5264
f 5264 5328 5329
f 5264 5329 5265
f 5265 5329 5330
f 5265 5330 5266
f 5266 5330 5331
f 5266 5331 5267
f 5267 5331 5332
f 5267 5332 5268
f 5268 5332 5333
f 5268 5333 5269
f 5269 5333 5334
f 5269 5334 5270
f 5270 5334 5335
f 5270 5335 5271
f 5271 5335 5336
f 5271 5336 5272
f 5272 5336 5337
f 5272 5337 5273
f 5273 5337 5338
f 5273 5338 5274
f 5274 5338 5339
f 5274 5339 5275
f 5275 5339 5340
f 5275 5340 5276
f 5276 5340 5341
f 5276 5341 5277
f 5277 5341 5342
f 5277 5342 5278
f 5278 5342 5343
f 5278 5343 5279
f 5279 5343 5344
f 5279 5344 5280
f 5280 5344 5345
f 5280 5345 5281
f 5281 5345 5346
f 5281 5346 5282
f 5282 5346 5347
f 5282 5347 5283
f 5283 5347 5348
f 5283 5348 5284
f 5284 5348 5349
f 5284 5349 5285
f 5285 5349 5350
f 5285 5350 5286
f 5286 5350 5351
f 5286 5351 5287
f 5287 5351 5352
f 5287 5352 5288
f 5288 5352 5353
f 5288 5353 5289
f 5289 5353 5354
f 5289 5354 5290
f 5290 5354 5355
f 5290 5355 5291
f 5291 5355 5356
f 5291 5356 5292
f 5292 5356 5357
f 5292 5357 5293
f 5293 5357 5358
f 5293 5358 5294
f 5294 5358 5359
f 5294 5359 5295
f 5295 5359 5360
f 5295 5360 5296
f 5296 5360 5361
f 5296 5361 5297
f 5297 5361 5362
f 5297 5362 5298
f 5298 5362 5363
f 5298 5363 5299
f 5299 5363 5364
f 5299 5364 5300
f 5300 5364 5365
f 5300 5365 5301
f 5301 5365 5366
f 5301 5366 5302
f 5302 5366 5367
f 5302 5367 5303
f 5303 5367 5368
f 5303 5368 5304
f 5304 5368 5305
f 5304 5305 5241
o cara_c092
f 5392 5369 5370
f 5394 5393 5416
f 5392 5370 5371
f 5395 5394 5416
f 5392 5371 5372
f 5396 5395 5416
f 5392 5372 5373
f 5397 5396 5416
f 5392 5373 5374
f 5398 5397 5416
f 5392 5374 5375
f 5399 5398 5416
f 5392 5375 5376
f 5400 5399 5416
f 5392 5376 5377
f 5401 5400 5416
f 5392 5377 5378
f 5402 5401 5416
f 5392 5378 5379
f 5403 5402 5416
f 5392 5379 5380
f 5404 5403 5416
f 5392 5380 5381
f 5405 5404 5416
f 5392 5381 5382
f 5406 5405 5416
f 5392 5382 5383
f 5407 5406 5416
f 5392 5383 5384
f 5408 5407 5416
f 5392 5384 5385
f 5409 5408 5416
f 5392 5385 5386
f 5410 5409 5416
f 5392 5386 5387
f 5411 5410 5416
f 5392 5387 5388
f 5412 5411 5416
f 5388 5389 5390
f 5414 5413 5412
f 5388 5390 5391
f 5415 5414 5412
f 5388 5391 5392
f 5416 5415 5412
f 5369 5393 5394
f 5369 5394 5370
f 5370 5394 5395
f 5370 5395 5371
f 5371 5395 5396
f 5371 5396 5372
f 5372 5396 5397
f 5372 5397 5373
f 5373 5397 5398
f 5373 5398 5374
f 5374 5398 5399
f 5374 5399 5375
f 5375 5399 5400
f 5375 5400 5376
f 5376 5400 5401
f 5376 5401 5377
f 5377 5401 5402
f 5377 5402 5378
f 5378 5402 5403
f 5378 5403 5379
f 5379 5403 5404
f 5379 5404 5380
f 5380 5404 5405
f 5380 5405 5381
f 5381 5405 5406
f 5381 5406 5382
f 5382 5406 5407
f 5382 5407 5383
f 5383 5407 5408
f 5383 5408 5384
f 5384 5408 5409
f 5384 5409 5385
f 5385 5409 5410
f 5385 5410 5386
f 5386 5410 5411
f 5386 5411 5387
f 5387 5411 5412
f 5387 5412 5388
f 5388 5412 5413
f 5388 5413 5389
f 5389 5413 5414
f 5389 5414 5390
f 5390 5414 5415
f 5390 5415 5391
f 5391 5415 5416
f 5391 5416 5392
f 5392 5416 5393
f 5392 5393 5369
o cara_c093
f 5448 5417 5418
f 5450 5449 5480
f 5448 5418 5419
f 5451 5450 5480
f 5448 5419 5420
f 5452 5451 5480
f 5448 5420 5421
f 5453 5452 5480
f 5448 5421 5422
f 5454 5453 5480
f 5448 5422 5423
f 5455 5454 5480
f 5448 5423 5424
f 5456 5455 5480
f 5448 5424 5425
f 5457 5456 5480
f 5448 5425 5426
f 5458 5457 5480
f 5448 5426 5427
f 5459 5458 5480
f 5448 5427 5428
f 5460 5459 5480
f 5448 5428 5429
f 5461 5460 5480
f 5448 5429 5430
f 5462 5461 5480
f 5448 5430 5431
f 5463 5462 5480
f 5448 5431 5432
f 5464 5463 5480
f 5448 5432 5433
f 5465 5464 5480
f 5448 5433 5434
f 5466 5465 5480
f 5448 5434 5435
f 5467 5466 5480
f 5448 5435 5436
f 5468 5467 5480
f 5448 5436 5437
f 5469 5468 5480
f 5448 5437 5438
f 5470 5469 5480
f 5448 5438 5439
f 5471 5470 5480
f 5448 5439 5440
f 5472 5471 5480
f 5448 5440 5441
f 5473 5472 5480
f 5448 5441 5442
f 5474 5473 5480
f 5448 5442 5443
f 5475 5474 5480
f 5448 5443 5444
f 5476 5475 5480
f 5444 5445 5446
f 5478 5477 5476
f 5444 5446 5447
f 5479 5478 5476
f 5444 5447 5448
f 5480 5479 5476
f 5417 5449 5450
f 5417 5450 5418
f 5418 5450 5451
f 5418 5451 5419
f 5419 5451 5452
f 5419 5452 5420
f 5420 5452 5453
f 5420 5453 5421
f 5421 5453 5454
f 5421 5454 5422
f 5422 5454 5455
f 5422 5455 5423
f 5423 5455 5456
f 5423 5456 5424
f 5424 5456 5457
f 5424 5457 5425
f 5425 5457 5458
f 5425 5458 5426
f 5426 5458 5459
f 5426 5459 5427
f 5427 5459 5460
f 5427 5460 5428
f 5428 5460 5461
f 5428 5461 5429
f 5429 5461 5462
f 5429 5462 5430
f 5430 5462 5463
f 5430 5463 5431
f 5431 5463 5464
f 5431 5464 5432
f 5432 5464 5465
f 5432 5465 5433
f 5433 5465 5466
f 5433 5466 5434
f 5434 5466 5467
f 5434 5467 5435
f 5435 5467 5468
f 5435 5468 5436
f 5436 5468 5469
f 5436 5469 5437
f 5437 5469 5470
f 5437 5470 5438
f 5438 5470 5471
f 5438 5471 5439
f 5439 5471 5472
f 5439 5472 5440
f 5440 5472 5473
f 5440 5473 5441
f 5441 5473 5474
f 5441 5474 5442
f 5442 5474 5475
f 5442 5475 5443
f 5443 5475 5476
f 5443 5476 5444
f 5444 5476 5477
f 5444 5477 5445
f 5445 5477 5478
f 5445 5478 5446
f 5446 5478 5479
f 5446 5479 5447
f 5447 5479 5480
f 5447 5480 5448
f 5448 5480 5449
f 5448 5449 5417
o cara_c094
f 5512 5481 5482
f 5514 5513 5544
f 5512 5482 5483
f 5515 5514 5544
f 5512 5483 5484
f 5516 5515 5544
f 5512 5484 5485
f 5517 5516 5544
f 5512 5485 5486
f 5518 5517 5544
f 5512 5486 5487
f 5519 5518 5544
f 5512 5487 5488
f 5520 5519 5544
f 5512 5488 5489
f 5521 5520 5544
f 5512 5489 5490
f 5522 5521 5544
f 5512 5490 5491
f 5523 5522 5544
f 5512 5491 5492
f 5524 5523 5544
f 5492 5493 5494
f 5526 5525 5524
f 5492 5494 5495
f 5527 5526 5524
f 5492 5495 5496
f 5528 5527 5524
f 5492 5496 5497
f 5529 5528 5524
f 5512 5492 5497
f 5529 5524 5544
f 5512 5497 5498
f 5530 5529 5544
f 5512 5498 5499
f 5531 5530 5544
f 5512 5499 5500
f 5532 5531 5544
f 5512 5500 5501
f 5533 5532 5544
f 5512 5501 5502
f 5534 5533 5544
f 5512 5502 5503
f 5535 5534 5544
f 5512 5503 5504
f 5536 5535 5544
f 5512 5504 5505
f 5537 5536 5544
f 5512 5505 5506
f 5538 5537 5544
f 5512 5506 5507
f 5539 5538 5544
f 5512 5507 5508
f 5540 5539 5544
f 5512 5508 5509
f 5541 5540 5544
f 5509 5510 5511
f 5543 5542 5541
f 5509 5511 5512
f 5544 5543 5541
f 5481 5513 5514
f 5481 5514 5482
f 5482 5514 5515
f 5482 5515 5483
f 5483 5515 5516
f 5483 5516 5484
f 5484 5516 5517
f 5484 5517 5485
f 5485 5517 5518
f 5485 5518 5486
f 5486 5518 5519
f 5486 5519 5487
f 5487 5519 5520
f 5487 5520 5488
f 5488 5520 5521
f 5488 5521 5489
f 5489 5521 5522
f 5489 5522 5490
f 5490 5522 5523
f 5490 5523 5491
f 5491 5523 5524
f 5491 5524 5492
f 5492 5524 5525
f 5492 5525 5493
f 5493 5525 5526
f 5493 5526 5494
f 5494 5526 5527
f 5494 5527 5495
f 5495 5527 5528
f 5495 5528 5496
f 5496 5528 5529
f 5496 5529 5497
f 5497 5529 5530
f 5497 5530 5498
f 5498 5530 5531
f 5498 5531 5499
f 5499 5531 5532
f 5499 5532 5500
f 5500 5532 5533
f 5500 5533 5501
f 5501 5533 5534
f 5501 5534 5502
f 5502 5534 5535
f 5502 5535 5503
f 5503 5535 5536
f 5503 5536 5504
f 5504 5536 5537
f 5504 5537 5505
f 5505 5537 5538
f 5505 5538 5506
f 5506 5538 5539
f 5506 5539 5507
f 5507 5539 5540
f 5507 5540 5508
f 5508 5540 5541
f 5508 5541 5509
f 5509 5541 5542
f 5509 5542 5510
f 5510 5542 5543
f 5510 5543 5511
f 5511 5543 5544
f 5511 5544 5512
f 5512 5544 5513
f 5512 5513 5481
o cara_c095
f 5576 5545 5546
f 5578 5577 5608
f 5576 5546 5547
f 5579 5578 5608
f 5576 5547 5548
f 5580 5579 5608
f 5576 5548 5549
f 5581 5580 5608
f 5553 5554 5555
f 5587 5586 5585
f 5553 5555 5556
f 5588 5587 5585
f 5556 5557 5558
f 5590 5589 5588
f 5553 5556 5558
f 5590 5588 5585
f 5553 5558 5559
f 5591 5590 5585
f 5552 5553 5559
f 5591 5585 5584
f 5551 5552 5559
f 5591 5584 5583
f 5550 5551 5559
f 5591 5583 5582
f 5549 5550 5559
f 5591 5582 5581
f 5549 5559 5560
f 5592 5591 5581
f 5549 5560 5561
f 5593 5592 5581
f 5549 5561 5562
f 5594 5593 5581
f 5576 5549 5562
f 5594 5581 5608
f 5576 5562 5563
f 5595 5594 5608
f 5576 5563 5564
f 5596 5595 5608
f 5576 5564 5565
f 5597 5596 5608
f 5576 5565 5566
f 5598 5597 5608
f 5576 5566 5567
f 5599 5598 5608
f 5568 5569 5570
f 5602 5601 5600
f 5567 5568 5570
f 5602 5600 5599
f 5567 5570 5571
f 5603 5602 5599
f 5567 5571 5572
f 5604 5603 5599
f 5567 5572 5573
f 5605 5604 5599
f 5576 5567 5573
f 5605 5599 5608
f 5573 5574 5575
f 5607 5606 5605
f 5573 5575 5576
f 5608 5607 5605
f 5545 5577 5578
f 5545 5578 5546
f 5546 5578 5579
f 5546 5579 5547
f 5547 5579 5580
f 5547 5580 5548
f 5548 5580 5581
f 5548 5581 5549
f 5549 5581 5582
f 5549 5582 5550
f 5550 5582 5583
f 5550 5583 5551
f 5551 5583 5584
f 5551 5584 5552
f 5552 5584 5585
f 5552 5585 5553
f 5553 5585 5586
f 5553 5586 5554
f 5554 5586 5587
f 5554 5587 5555
f 5555 5587 5588
f 5555 5588 5556
f 5556 5588 5589
f 5556 5589 5557
f 5557 5589 5590
f 5557 5590 5558
f 5558 5590 5591
f 5558 5591 5559
f 5559 5591 5592
f 5559 5592 5560
f 5560 5592 5593
f 5560 5593 5561
f 5561 5593 5594
f 5561 5594 5562
f 5562 5594 5595
f 5562 5595 5563
f 5563 5595 5596
f 5563 5596 5564
f 5564 5596 5597
f 5564 5597 5565
f 5565 5597 5598
f 5565 5598 5566
f 5566 5598 5599
f 5566 5599 5567
f 5567 5599 5600
f 5567 5600 5568
f 5568 5600 5601
f 5568 5601 5569
f 5569 5601 5602
f 5569 5602 5570
f 5570 5602 5603
f 5570 5603 5571
f 5571 5603 5604
f 5571 5604 5572
f 5572 5604 5605
f 5572 5605 5573
f 5573 5605 5606
f 5573 5606 5574
f 5574 5606 5607
f 5574 5607 5575
f 5575 5607 5608
f 5575 5608 5576
f 5576 5608 5577
f 5576 5577 5545
o cara_c096
f 5644 5609 5610
f 5646 5645 5680
f 5644 5610 5611
f 5647 5646 5680
f 5644 5611 5612
f 5648 5647 5680
f 5644 5612 5613
f 5649 5648 5680
f 5644 5613 5614
f 5650 5649 5680
f 5644 5614 5615
f 5651 5650 5680
f 5644 5615 5616
f 5652 5651 5680
f 5644 5616 5617
f 5653 5652 5680
f 5644 5617 5618
f 5654 5653 5680
f 5644 5618 5619
f 5655 5654 5680
f 5644 5619 5620
f 5656 5655 5680
f 5644 5620 5621
f 5657 5656 5680
f 5644 5621 5622
f 5658 5657 5680
f 5644 5622 5623
f 5659 5658 5680
f 5644 5623 5624
f 5660 5659 5680
f 5624 5625 5626
f 5662 5661 5660
f 5624 5626 5627
f 5663 5662 5660
f 5624 5627 5628
f 5664 5663 5660
f 5624 5628 5629
f 5665 5664 5660
f 5644 5624 5629
f 5665 5660 5680
f 5644 5629 5630
f 5666 5665 5680
f 5644 5630 5631
f 5667 5666 5680
f 5644 5631 5632
f 5668 5667 5680
f 5644 5632 5633
f 5669 5668 5680
f 5644 5633 5634
f 5670 5669 5680
f 5644 5634 5635
f 5671 5670 5680
f 5644 5635 5636
f 5672 5671 5680
f 5644 5636 5637
f 5673 5672 5680
f 5644 5637 5638
f 5674 5673 5680
f 5644 5638 5639
f 5675 5674 5680
f 5644 5639 5640
f 5676 5675 5680
f 5640 5641 5642
f 5678 5677 5676
f 5640 5642 5643
f 5679 5678 5676
f 5640 5643 5644
f 5680 5679 5676
f 5609 5645 5646
f 5609 5646 5610
f 5610 5646 5647
f 5610 5647 5611
f 5611 5647 5648
f 5611 5648 5612
f 5612 5648 5649
f 5612 5649 5613
f 5613 5649 5650
f 5613 5650 5614
f 5614 5650 5651
f 5614 5651 5615
f 5615 5651 5652
f 5615 5652 5616
f 5616 5652 5653
f 5616 5653 5617
f 5617 5653 5654
f 5617 5654 5618
f 5618 5654 5655
f 5618 5655 5619
f 5619 5655 5656
f 5619 5656 5620
f 5620 5656 5657
f 5620 5657 5621
f 5621 5657 5658
f 5621 5658 5622
f 5622 5658 5659
f 5622 5659 5623
f 5623 5659 5660
f 5623 5660 5624
f 5624 5660 5661
f 5624 5661 5625
f 5625 5661 5662
f 5625 5662 5626
f 5626 5662 5663
f 5626 5663 5627
f 5627 5663 5664
f 5627 5664 5628
f 5628 5664 5665
f 5628 5665 5629
f 5629 5665 5666
f 5629 5666 5630
f 5630 5666 5667
f 5630 5667 5631
f 5631 5667 5668
f 5631 5668 5632
f 5632 5668 5669
f 5632 5669 5633
f 5633 5669 5670
f 5633 5670 5634
f 5634 5670 5671
f 5634 5671 5635
f 5635 5671 5672
f 5635 5672 5636
f 5636 5672 5673
f 5636 5673 5637
f 5637 5673 5674
f 5637 5674 5638
f 5638 5674 5675
f 5638 5675 5639
f 5639 5675 5676
f 5639 5676 5640
f 5640 5676 5677
f 5640 5677 5641
f 5641 5677 5678
f 5641 5678 5642
f 5642 5678 5679
f 5642 5679 5643
f 5643 5679 5680
f 5643 5680 5644
f 5644 5680 5645
f 5644 5645 5609
o cara_c097
f 5716 5681 5682
f 5718 5717 5752
f 5716 5682 5683
f 5719 5718 5752
f 5716 5683 5684
f 5720 5719 5752
f 5716 5684 5685
f 5721 5720 5752
f 5716 5685 5686
f 5722 5721 5752
f 5716 5686 5687
f 5723 5722 5752
f 5716 5687 5688
f 5724 5723 5752
f 5716 5688 5689
f 5725 5724 5752
f 5716 5689 5690
f 5726 5725 5752
f 5716 5690 5691
f 5727 5726 5752
f 5716 5691 5692
f 5728 5727 5752
f 5716 5692 5693
f 5729 5728 5752
f 5716 5693 5694
f 5730 5729 5752
f 5716 5694 5695
f 5731 5730 5752
f 5716 5695 5696
f 5732 5731 5752
f 5716 5696 5697
f 5733 5732 5752
f 5716 5697 5698
f 5734 5733 5752
f 5716 5698 5699
f 5735 5734 5752
f 5716 5699 5700
f 5736 5735 5752
f 5716 5700 5701
f 5737 5736 5752
f 5716 5701 5702
f 5738 5737 5752
f 5716 5702 5703
f 5739 5738 5752
f 5716 5703 5704
f 5740 5739 5752
f 5716 5704 5705
f 5741 5740 5752
f 5716 5705 5706
f 5742 5741 5752
f 5716 5706 5707
f 5743 5742 5752
f 5716 5707 5708
f 5744 5743 5752
f 5716 5708 5709
f 5745 5744 5752
f 5716 5709 5710
f 5746 5745 5752
f 5716 5710 5711
f 5747 5746 5752
f 5716 5711 5712
f 5748 5747 5752
f 5712 5713 5714
f 5750 5749 5748
f 5712 5714 5715
f 5751 5750 5748
f 5712 5715 5716
f 5752 5751 5748
f 5681 5717 5718
f 5681 5718 5682
f 5682 5718 5719
f 5682 5719 5683
f 5683 5719 5720
f 5683 5720 5684
f 5684 5720 5721
f 5684 5721 5685
f 5685 5721 5722
f 5685 5722 5686
f 5686 5722 5723
f 5686 5723 5687
f 5687 5723 5724
f 5687 5724 5688
f 5688 5724 5725
f 5688 5725 5689
f 5689 5725 5726
f 5689 5726 5690
f 5690 5726 5727
f 5690 5727 5691
f 5691 5727 5728
f 5691 5728 5692
f 5692 5728 5729
f 5692 5729 5693
f 5693 5729 5730
f 5693 5730 5694
f 5694 5730 5731
f 5694 5731 5695
f 5695 5731 5732
f 5695 5732 5696
f 5696 5732 5733
f 5696 5733 5697
f 5697 5733 5734
f 5697 5734 5698
f 5698 5734 5735
f 5698 5735 5699
f 5699 5735 5736
f 5699 5736 5700
f 5700 5736 5737
f 5700 5737 5701
f 5701 5737 5738
f 5701 5738 5702
f 5702 5738 5739
f 5702 5739 5703
f 5703 5739 5740
f 5703 5740 5704
f 5704 5740 5741
f 5704 5741 5705
f 5705 5741 5742
f 5705 5742 5706
f 5706 5742 5743
f 5706 5743 5707
f 5707 5743 5744
f 5707 5744 5708
f 5708 5744 5745
f 5708 5745 5709
f 5709 5745 5746
f 5709 5746 5710
f 5710 5746 5747
f 5710 5747 5711
f 5711 5747 5748
f 5711 5748 5712
f 5712 5748 5749
f 5712 5749 5713
f 5713 5749 5750
f 5713 5750 5714
f 5714 5750 5751
f 5714 5751 5715
f 5715 5751 5752
f 5715 5752 5716
f 5716 5752 5717
f 5716 5717 5681
o cara_c098
f 5768 5753 5754
f 5770 5769 5784
f 5768 5754 5755
f 5771 5770 5784
f 5768 5755 5756
f 5772 5771 5784
f 5768 5756 5757
f 5773 5772 5784
f 5768 5757 5758
f 5774 5773 5784
f 5768 5758 5759
f 5775 5774 5784
f 5768 5759 5760
f 5776 5775 5784
f 5768 5760 5761
f 5777 5776 5784
f 5768 5761 5762
f 5778 5777 5784
f 5768 5762 5763
f 5779 5778 5784
f 5768 5763 5764
f 5780 5779 5784
f 5764 5765 5766
f 5782 5781 5780
f 5764 5766 5767
f 5783 5782 5780
f 5764 5767 5768
f 5784 5783 5780
f 5753 5769 5770
f 5753 5770 5754
f 5754 5770 5771
f 5754 5771 5755
f 5755 5771 5772
f 5755 5772 5756
f 5756 5772 5773
f 5756 5773 5757
f 5757 5773 5774
f 5757 5774 5758
f 5758 5774 5775
f 5758 5775 5759
f 5759 5775 5776
f 5759 5776 5760
f 5760 5776 5777
f 5760 5777 5761
f 5761 5777 5778
f 5761 5778 5762
f 5762 5778 5779
f 5762 5779 5763
f 5763 5779 5780
f 5763 5780 5764
f 5764 5780 5781
f 5764 5781 5765
f 5765 5781 5782
f 5765 5782 5766
f 5766 5782 5783
f 5766 5783 5767
f 5767 5783 5784
f 5767 5784 5768
f 5768 5784 5769
f 5768 5769 5753
o cara_c099
f 5800 5785 5786
f 5802 5801 5816
f 5800 5786 5787
f 5803 5802 5816
f 5800 5787 5788
f 5804 5803 5816
f 5800 5788 5789
f 5805 5804 5816
f 5800 5789 5790
f 5806 5805 5816
f 5800 5790 5791
f 5807 5806 5816
f 5800 5791 5792
f 5808 5807 5816
f 5800 5792 5793
f 5809 5808 5816
f 5800 5793 5794
f 5810 5809 5816
f 5800 5794 5795
f 5811 5810 5816
f 5800 5795 5796
f 5812 5811 5816
f 5796 5797 5798
f 5814 5813 5812
f 5796 5798 5799
f 5815 5814 5812
f 5796 5799 5800
f 5816 5815 5812
f 5785 5801 5802
f 5785 5802 5786
f 5786 5802 5803
f 5786 5803 5787
f 5787 5803 5804
f 5787 5804 5788
f 5788 5804 5805
f 5788 5805 5789
f 5789 5805 5806
f 5789 5806 5790
f 5790 5806 5807
f 5790 5807 5791
f 5791 5807 5808
f 5791 5808 5792
f 5792 5808 5809
f 5792 5809 5793
f 5793 5809 5810
f 5793 5810 5794
f 5794 5810 5811
f 5794 5811 5795
f 5795 5811 5812
f 5795 5812 5796
f 5796 5812 5813
f 5796 5813 5797
f 5797 5813 5814
f 5797 5814 5798
f 5798 5814 5815
f 5798 5815 5799
f 5799 5815 5816
f 5799 5816 5800
f 5800 5816 5801
f 5800 5801 5785
o cara_c100
f 5832 5817 5818
f 5834 5833 5848
f 5832 5818 5819
f 5835 5834 5848
f 5832 5819 5820
f 5836 5835 5848
f 5832 5820 5821
f 5837 5836 5848
f 5832 5821 5822
f 5838 5837 5848
f 5832 5822 5823
f 5839 5838 5848
f 5832 5823 5824
f 5840 5839 5848
f 5832 5824 5825
f 5841 5840 5848
f 5832 5825 5826
f 5842 5841 5848
f 5832 5826 5827
f 5843 5842 5848
f 5832 5827 5828
f 5844 5843 5848
f 5828 5829 5830
f 5846 5845 5844
f 5832 5828 5830
f 5846 5844 5848
f 5830 5831 5832
f 5848 5847 5846
f 5817 5833 5834
f 5817 5834 5818
f 5818 5834 5835
f 5818 5835 5819
f 5819 5835 5836
f 5819 5836 5820
f 5820 5836 5837
f 5820 5837 5821
f 5821 5837 5838
f 5821 5838 5822
f 5822 5838 5839
f 5822 5839 5823
f 5823 5839 5840
f 5823 5840 5824
f 5824 5840 5841
f 5824 5841 5825
f 5825 5841 5842
f 5825 5842 5826
f 5826 5842 5843
f 5826 5843 5827
f 5827 5843 5844
f 5827 5844 5828
f 5828 5844 5845
f 5828 5845 5829
f 5829 5845 5846
f 5829 5846 5830
f 5830 5846 5847
f 5830 5847 5831
f 5831 5847 5848
f 5831 5848 5832
f 5832 5848 5833
f 5832 5833 5817
o cara_c101
f 5864 5849 5850
f 5866 5865 5880
f 5864 5850 5851
f 5867 5866 5880
f 5864 5851 5852
f 5868 5867 5880
f 5864 5852 5853
f 5869 5868 5880
f 5864 5853 5854
f 5870 5869 5880
f 5864 5854 5855
f 5871 5870 5880
f 5864 5855 5856
f 5872 5871 5880
f 5864 5856 5857
f 5873 5872 5880
f 5864 5857 5858
f 5874 5873 5880
f 5864 5858 5859
f 5875 5874 5880
f 5864 5859 5860
f 5876 5875 5880
f 5864 5860 5861
f 5877 5876 5880
f 5861 5862 5863
f 5879 5878 5877
f 5861 5863 5864
f 5880 5879 5877
f 5849 5865 5866
f 5849 5866 5850
f 5850 5866 5867
f 5850 5867 5851
f 5851 5867 5868
f 5851 5868 5852
f 5852 5868 5869
f 5852 5869 5853
f 5853 5869 5870
f 5853 5870 5854
f 5854 5870 5871
f 5854 5871 5855
f 5855 5871 5872
f 5855 5872 5856
f 5856 5872 5873
f 5856 5873 5857
f 5857 5873 5874
f 5857 5874 5858
f 5858 5874 5875
f 5858 5875 5859
f 5859 5875 5876
f 5859 5876 5860
f 5860 5876 5877
f 5860 5877 5861
f 5861 5877 5878
f 5861 5878 5862
f 5862 5878 5879
f 5862 5879 5863
f 5863 5879 5880
f 5863 5880 5864
f 5864 5880 5865
f 5864 5865 5849
o cara_c102
f 5912 5881 5882
f 5914 5913 5944
f 5912 5882 5883
f 5915 5914 5944
f 5912 5883 5884
f 5916 5915 5944
f 5912 5884 5885
f 5917 5916 5944
f 5912 5885 5886
f 5918 5917 5944
f 5912 5886 5887
f 5919 5918 5944
f 5912 5887 5888
f 5920 5919 5944
f 5912 5888 5889
f 5921 5920 5944
f 5912 5889 5890
f 5922 5921 5944
f 5912 5890 5891
f 5923 5922 5944
f 5912 5891 5892
f 5924 5923 5944
f 5912 5892 5893
f 5925 5924 5944
f 5912 5893 5894
f 5926 5925 5944
f 5912 5894 5895
f 5927 5926 5944
f 5912 5895 5896
f 5928 5927 5944
f 5912 5896 5897
f 5929 5928 5944
f 5912 5897 5898
f 5930 5929 5944
f 5912 5898 5899
f 5931 5930 5944
f 5912 5899 5900
f 5932 5931 5944
f 5912 5900 5901
f 5933 5932 5944
f 5912 5901 5902
f 5934 5933 5944
f 5912 5902 5903
f 5935 5934 5944
f 5912 5903 5904
f 5936 5935 5944
f 5912 5904 5905
f 5937 5936 5944
f 5912 5905 5906
f 5938 5937 5944
f 5912 5906 5907
f 5939 5938 5944
f 5912 5907 5908
f 5940 5939 5944
f 5908 5909 5910
f 5942 5941 5940
f 5908 5910 5911
f 5943 5942 5940
f 5908 5911 5912
f 5944 5943 5940
f 5881 5913 5914
f 5881 5914 5882
f 5882 5914 5915
f 5882 5915 5883
f 5883 5915 5916
f 5883 5916 5884
f 5884 5916 5917
f 5884 5917 5885
f 5885 5917 5918
f 5885 5918 5886
f 5886 5918 5919
f 5886 5919 5887
f 5887 5919 5920
f 5887 5920 5888
f 5888 5920 5921
f 5888 5921 5889
f 5889 5921 5922
f 5889 5922 5890
f 5890 5922 5923
f 5890 5923 5891
f 5891 5923 5924
f 5891 5924 5892
f 5892 5924 5925
f 5892 5925 5893
f 5893 5925 5926
f 5893 5926 5894
f 5894 5926 5927
f 5894 5927 5895
f 5895 5927 5928
f 5895 5928 5896
f 5896 5928 5929
f 5896 5929 5897
f 5897 5929 5930
f 5897 5930 5898
f 5898 5930 5931
f 5898 5931 5899
f 5899 5931 5932
f 5899 5932 5900
f 5900 5932 5933
f 5900 5933 5901
f 5901 5933 5934
f 5901 5934 5902
f 5902 5934 5935
f 5902 5935 5903
f 5903 5935 5936
f 5903 5936 5904
f 5904 5936 5937
f 5904 5937 5905
f 5905 5937 5938
f 5905 5938 5906
f 5906 5938 5939
f 5906 5939 5907
f 5907 5939 5940
f 5907 5940 5908
f 5908 5940 5941
f 5908 5941 5909
f 5909 5941 5942
f 5909 5942 5910
f 5910 5942 5943
f 5910 5943 5911
f 5911 5943 5944
f 5911 5944 5912
f 5912 5944 5913
f 5912 5913 5881
o cara_c103
f 5976 5945 5946
f 5978 5977 6008
f 5976 5946 5947
f 5979 5978 6008
f 5976 5947 5948
f 5980 5979 6008
f 5976 5948 5949
f 5981 5980 6008
f 5976 5949 5950
f 5982 5981 6008
f 5976 5950 5951
f 5983 5982 6008
f 5976 5951 5952
f 5984 5983 6008
f 5976 5952 5953
f 5985 5984 6008
f 5976 5953 5954
f 5986 5985 6008
f 5976 5954 5955
f 5987 5986 6008
f 5976 5955 5956
f 5988 5987 6008
f 5976 5956 5957
f 5989 5988 6008
f 5976 5957 5958
f 5990 5989 6008
f 5976 5958 5959
f 5991 5990 6008
f 5976 5959 5960
f 5992 5991 6008
f 5976 5960 5961
f 5993 5992 6008
f 5976 5961 5962
f 5994 5993 6008
f 5976 5962 5963
f 5995 5994 6008
f 5976 5963 5964
f 5996 5995 6008
f 5976 5964 5965
f 5997 5996 6008
f 5976 5965 5966
f 5998 5997 6008
f 5976 5966 5967
f 5999 5998 6008
f 5976 5967 5968
f 6000 5999 6008
f 5976 5968 5969
f 6001 6000 6008
f 5976 5969 5970
f 6002 6001 6008
f 5976 5970 5971
f 6003 6002 6008
f 5976 5971 5972
f 6004 6003 6008
f 5972 5973 5974
f 6006 6005 6004
f 5972 5974 5975
f 6007 6006 6004
f 5972 5975 5976
f 6008 6007 6004
f 5945 5977 5978
f 5945 5978 5946
f 5946 5978 5979
f 5946 5979 5947
f 5947 5979 5980
f 5947 5980 5948
f 5948 5980 5981
f 5948 5981 5949
f 5949 5981 5982
f 5949 5982 5950
f 5950 5982 5983
f 5950 5983 5951
f 5951 5983 5984
f 5951 5984 5952
f 5952 5984 5985
f 5952 5985 5953
f 5953 5985 5986
f 5953 5986 5954
f 5954 5986 5987
f 5954 5987 5955
f 5955 5987 5988
f 5955 5988 5956
f 5956 5988 5989
f 5956 5989 5957
f 5957 5989 5990
f 5957 5990 5958
f 5958 5990 5991
f 5958 5991 5959
f 5959 5991 5992
f 5959 5992 5960
f 5960 5992 5993
f 5960 5993 5961
f 5961 5993 5994
f 5961 5994 5962
f 5962 5994 5995
f 5962 5995 5963
f 5963 5995 5996
f 5963 5996 5964
f 5964 5996 5997
f 5964 5997 5965
f 5965 5997 5998
f 5965 5998 5966
f 5966 5998 5999
f 5966 5999 5967
f 5967 5999 6000
f 5967 6000 5968
f 5968 6000 6001
f 5968 6001 5969
f 5969 6001 6002
f 5969 6002 5970
f 5970 6002 6003
f 5970 6003 5971
f 5971 6003 6004
f 5971 6004 5972
f 5972 6004 6005
f 5972 6005 5973
f 5973 6005 6006
f 5973 6006 5974
f 5974 6006 6007
f 5974 6007 5975
f 5975 6007 6008
f 5975 6008 5976
f 5976 6008 5977
f 5976 5977 5945
o cara_c104
f 6036 6009 6010
f 6038 6037 6064
f 6036 6010 6011
f 6039 6038 6064
f 6036 6011 6012
f 6040 6039 6064
f 6036 6012 6013
f 6041 6040 6064
f 6036 6013 6014
f 6042 6041 6064
f 6036 6014 6015
f 6043 6042 6064
f 6036 6015 6016
f 6044 6043 6064
f 6036 6016 6017
f 6045 6044 6064
f 6036 6017 6018
f 6046 6045 6064
f 6036 6018 6019
f 6047 6046 6064
f 6036 6019 6020
f 6048 6047 6064
f 6036 6020 6021
f 6049 6048 6064
f 6036 6021 6022
f 6050 6049 6064
f 6036 6022 6023
f 6051 6050 6064
f 6036 6023 6024
f 6052 6051 6064
f 6036 6024 6025
f 6053 6052 6064
f 6036 6025 6026
f 6054 6053 6064
f 6036 6026 6027
f 6055 6054 6064
f 6036 6027 6028
f 6056 6055 6064
f 6036 6028 6029
f 6057 6056 6064
f 6036 6029 6030
f 6058 6057 6064
f 6036 6030 6031
f 6059 6058 6064
f 6036 6031 6032
f 6060 6059 6064
f 6036 6032 6033
f 6061 6060 6064
f 6033 6034 6035
f 6063 6062 6061
f 6033 6035 6036
f 6064 6063 6061
f 6009 6037 6038
f 6009 6038 6010
f 6010 6038 6039
f 6010 6039 6011
f 6011 6039 6040
f 6011 6040 6012
f 6012 6040 6041
f 6012 6041 6013
f 6013 6041 6042
f 6013 6042 6014
f 6014 6042 6043
f 6014 6043 6015
f 6015 6043 6044
f 6015 6044 6016
f 6016 6044 6045
f 6016 6045 6017
f 6017 6045 6046
f 6017 6046 6018
f 6018 6046 6047
f 6018 6047 6019
f 6019 6047 6048
f 6019 6048 6020
f 6020 6048 6049
f 6020 6049 6021
f 6021 6049 6050
f 6021 6050 6022
f 6022 6050 6051
f 6022 6051 6023
f 6023 6051 6052
f 6023 6052 6024
f 6024 6052 6053
f 6024 6053 6025
f 6025 6053 6054
f 6025 6054 6026
f 6026 6054 6055
f 6026 6055 6027
f 6027 6055 6056
f 6027 6056 6028
f 6028 6056 6057
f 6028 6057 6029
f 6029 6057 6058
f 6029 6058 6030
f 6030 6058 6059
f 6030 6059 6031
f 6031 6059 6060
f 6031 6060 6032
f 6032 6060 6061
f 6032 6061 6033
f 6033 6061 6062
f 6033 6062 6034
f 6034 6062 6063
f 6034 6063 6035
f 6035 6063 6064
f 6035 6064 6036
f 6036 6064 6037
f 6036 6037 6009
